-- MySQL dump 10.13  Distrib 5.5.62, for Win64 (AMD64)
--
-- Host: localhost    Database: db-monitoring
-- ------------------------------------------------------
-- Server version	5.5.5-10.4.27-MariaDB

/*!40101 SET @OLD_CHARACTER_SET_CLIENT=@@CHARACTER_SET_CLIENT */;
/*!40101 SET @OLD_CHARACTER_SET_RESULTS=@@CHARACTER_SET_RESULTS */;
/*!40101 SET @OLD_COLLATION_CONNECTION=@@COLLATION_CONNECTION */;
/*!40101 SET NAMES utf8 */;
/*!40103 SET @OLD_TIME_ZONE=@@TIME_ZONE */;
/*!40103 SET TIME_ZONE='+00:00' */;
/*!40014 SET @OLD_UNIQUE_CHECKS=@@UNIQUE_CHECKS, UNIQUE_CHECKS=0 */;
/*!40014 SET @OLD_FOREIGN_KEY_CHECKS=@@FOREIGN_KEY_CHECKS, FOREIGN_KEY_CHECKS=0 */;
/*!40101 SET @OLD_SQL_MODE=@@SQL_MODE, SQL_MODE='NO_AUTO_VALUE_ON_ZERO' */;
/*!40111 SET @OLD_SQL_NOTES=@@SQL_NOTES, SQL_NOTES=0 */;

--
-- Table structure for table `self_assessment`
--

DROP TABLE IF EXISTS `self_assessment`;
/*!40101 SET @saved_cs_client     = @@character_set_client */;
/*!40101 SET character_set_client = utf8 */;
CREATE TABLE `self_assessment` (
  `id` int(11) NOT NULL AUTO_INCREMENT,
  `participant_id` int(11) DEFAULT NULL,
  `start_date` date DEFAULT NULL,
  `finish_date` date DEFAULT NULL,
  PRIMARY KEY (`id`)
) ENGINE=InnoDB AUTO_INCREMENT=43 DEFAULT CHARSET=utf8 COLLATE=utf8_unicode_ci;
/*!40101 SET character_set_client = @saved_cs_client */;

--
-- Dumping data for table `self_assessment`
--

LOCK TABLES `self_assessment` WRITE;
/*!40000 ALTER TABLE `self_assessment` DISABLE KEYS */;
INSERT INTO `self_assessment` VALUES (1,191511066,'2023-06-05','2023-06-09'),(2,191511067,'2023-06-05','2023-06-09'),(3,191511068,'2023-06-05','2023-06-09'),(4,191511071,'2023-06-05','2023-06-09'),(5,191511072,'2023-06-05','2023-06-09'),(6,191511073,'2023-06-05','2023-06-09'),(7,191511066,'2023-06-12','2023-06-16'),(8,191511067,'2023-06-12','2023-06-16'),(9,191511068,'2023-06-12','2023-06-16'),(10,191511071,'2023-06-12','2023-06-16'),(11,191511072,'2023-06-12','2023-06-16'),(12,191511073,'2023-06-12','2023-06-16'),(13,191511066,'2023-06-19','2023-06-23'),(14,191511067,'2023-06-19','2023-06-23'),(15,191511068,'2023-06-19','2023-06-23'),(16,191511071,'2023-06-19','2023-06-23'),(17,191511072,'2023-06-19','2023-06-23'),(18,191511073,'2023-06-19','2023-06-23'),(19,191511066,'2023-06-26','2023-06-30'),(20,191511067,'2023-06-26','2023-06-30'),(21,191511068,'2023-06-26','2023-06-30'),(22,191511071,'2023-06-26','2023-06-30'),(23,191511072,'2023-06-26','2023-06-30'),(24,191511073,'2023-06-26','2023-06-30'),(25,191511076,'2023-07-03','2023-07-07'),(26,191511077,'2023-07-03','2023-07-07'),(27,191511078,'2023-07-03','2023-07-07'),(28,191511079,'2023-07-03','2023-07-07'),(29,191511076,'2023-07-03','2023-07-07'),(30,191511077,'2023-07-03','2023-07-07'),(31,191511078,'2023-07-10','2023-07-14'),(32,191511079,'2023-07-10','2023-07-14'),(33,191511076,'2023-07-10','2023-07-14'),(34,191511077,'2023-07-10','2023-07-14'),(35,191511078,'2023-07-10','2023-07-14'),(36,191511079,'2023-07-10','2023-07-14'),(37,191511076,'2023-07-17','2023-07-21'),(38,191511077,'2023-07-17','2023-07-21'),(39,191511078,'2023-07-17','2023-07-21'),(40,191511079,'2023-07-17','2023-07-21'),(42,191511090,'2023-06-15','2023-06-14');
/*!40000 ALTER TABLE `self_assessment` ENABLE KEYS */;
UNLOCK TABLES;

--
-- Table structure for table `self_assessment_aspect`
--

DROP TABLE IF EXISTS `self_assessment_aspect`;
/*!40101 SET @saved_cs_client     = @@character_set_client */;
/*!40101 SET character_set_client = utf8 */;
CREATE TABLE `self_assessment_aspect` (
  `id` int(11) NOT NULL AUTO_INCREMENT,
  `name` varchar(255) NOT NULL,
  `description` text DEFAULT NULL,
  PRIMARY KEY (`id`)
) ENGINE=InnoDB AUTO_INCREMENT=20 DEFAULT CHARSET=utf8mb4 COLLATE=utf8mb4_general_ci;
/*!40101 SET character_set_client = @saved_cs_client */;

--
-- Dumping data for table `self_assessment_aspect`
--

LOCK TABLES `self_assessment_aspect` WRITE;
/*!40000 ALTER TABLE `self_assessment_aspect` DISABLE KEYS */;
INSERT INTO `self_assessment_aspect` VALUES (1,'Mengenali perusahaan',''),(2,'Budaya Perusahaan',''),(3,'Suasana Kerja',''),(4,'Interaksi dengan sdm termasuk dg pembimbing industri',''),(5,'Mengenali Pekerjaan',''),(6,'Pendekatan menyelesaikan tugas/masalah',''),(7,'Metode',''),(8,'Tools',''),(9,'Lesson learned',''),(10,'Apresiasi Perusahaan (fast learner, tekun, tanggung jawab)',''),(11,'Masukan untuk jtk',''),(12,'Problem Solving',''),(13,'Karir',''),(14,'Persepsi diri pada awal KP atau PKL (Kemampuan Beradaptasi',''),(15,'Persepsi diri antara tengah KP atau PKL (Menjalan tugas)',''),(16,'Persepsi diri akhir KP (memberikan solusi)',''),(17,'Target/Tujuan individu',''),(18,'Peningkatan diri selama KP',NULL),(19,'test aspect changed','description test');
/*!40000 ALTER TABLE `self_assessment_aspect` ENABLE KEYS */;
UNLOCK TABLES;

--
-- Table structure for table `self_assessment_grade`
--

DROP TABLE IF EXISTS `self_assessment_grade`;
/*!40101 SET @saved_cs_client     = @@character_set_client */;
/*!40101 SET character_set_client = utf8 */;
CREATE TABLE `self_assessment_grade` (
  `id` int(11) NOT NULL AUTO_INCREMENT,
  `grade_self_assessment` int(3) DEFAULT NULL,
  `self_assessment_id` int(11) DEFAULT NULL,
  `criteria_self_assessment_id` int(11) DEFAULT NULL,
  `participant_id` int(11) DEFAULT NULL,
  PRIMARY KEY (`id`)
) ENGINE=InnoDB AUTO_INCREMENT=722 DEFAULT CHARSET=utf8mb4 COLLATE=utf8mb4_general_ci;
/*!40101 SET character_set_client = @saved_cs_client */;

--
-- Dumping data for table `self_assessment_grade`
--

LOCK TABLES `self_assessment_grade` WRITE;
/*!40000 ALTER TABLE `self_assessment_grade` DISABLE KEYS */;
INSERT INTO `self_assessment_grade` VALUES (1,86,1,1,191511066),(2,79,1,2,191511066),(3,83,1,3,191511066),(4,87,1,4,191511066),(5,74,1,5,191511066),(6,91,1,6,191511066),(7,88,1,7,191511066),(8,89,1,8,191511066),(9,91,1,9,191511066),(10,90,1,10,191511066),(11,80,1,11,191511066),(12,95,1,12,191511066),(13,91,1,13,191511066),(14,80,1,14,191511066),(15,92,1,15,191511066),(16,77,1,16,191511066),(17,73,1,17,191511066),(18,87,1,18,191511066),(19,80,2,1,191511067),(20,90,2,2,191511067),(21,90,2,3,191511067),(22,89,2,4,191511067),(23,76,2,5,191511067),(24,81,2,6,191511067),(25,88,2,7,191511067),(26,90,2,8,191511067),(27,76,2,9,191511067),(28,72,2,10,191511067),(29,89,2,11,191511067),(30,82,2,12,191511067),(31,88,2,13,191511067),(32,75,2,14,191511067),(33,84,2,15,191511067),(34,82,2,16,191511067),(35,87,2,17,191511067),(36,90,2,18,191511067),(37,81,3,1,191511068),(38,92,3,2,191511068),(39,81,3,3,191511068),(40,90,3,4,191511068),(41,85,3,5,191511068),(42,93,3,6,191511068),(43,84,3,7,191511068),(44,83,3,8,191511068),(45,87,3,9,191511068),(46,82,3,10,191511068),(47,86,3,11,191511068),(48,85,3,12,191511068),(49,87,3,13,191511068),(50,80,3,14,191511068),(51,78,3,15,191511068),(52,92,3,16,191511068),(53,79,3,17,191511068),(54,77,3,18,191511068),(55,88,4,1,191511071),(56,83,4,2,191511071),(57,91,4,3,191511071),(58,73,4,4,191511071),(59,81,4,5,191511071),(60,85,4,6,191511071),(61,82,4,7,191511071),(62,82,4,8,191511071),(63,70,4,9,191511071),(64,71,4,10,191511071),(65,85,4,11,191511071),(66,72,4,12,191511071),(67,72,4,13,191511071),(68,86,4,14,191511071),(69,71,4,15,191511071),(70,76,4,16,191511071),(71,82,4,17,191511071),(72,75,4,18,191511071),(73,95,5,1,191511072),(74,74,5,2,191511072),(75,91,5,3,191511072),(76,82,5,4,191511072),(77,73,5,5,191511072),(78,76,5,6,191511072),(79,73,5,7,191511072),(80,77,5,8,191511072),(81,76,5,9,191511072),(82,85,5,10,191511072),(83,88,5,11,191511072),(84,77,5,12,191511072),(85,81,5,13,191511072),(86,83,5,14,191511072),(87,74,5,15,191511072),(88,85,5,16,191511072),(89,89,5,17,191511072),(90,82,5,18,191511072),(91,89,6,1,191511073),(92,74,6,2,191511073),(93,80,6,3,191511073),(94,73,6,4,191511073),(95,89,6,5,191511073),(96,82,6,6,191511073),(97,71,6,7,191511073),(98,78,6,8,191511073),(99,80,6,9,191511073),(100,93,6,10,191511073),(101,85,6,11,191511073),(102,88,6,12,191511073),(103,90,6,13,191511073),(104,71,6,14,191511073),(105,78,6,15,191511073),(106,79,6,16,191511073),(107,95,6,17,191511073),(108,71,6,18,191511073),(109,74,7,1,191511066),(110,74,7,2,191511066),(111,71,7,3,191511066),(112,92,7,4,191511066),(113,82,7,5,191511066),(114,85,7,6,191511066),(115,89,7,7,191511066),(116,85,7,8,191511066),(117,93,7,9,191511066),(118,74,7,10,191511066),(119,74,7,11,191511066),(120,89,7,12,191511066),(121,86,7,13,191511066),(122,84,7,14,191511066),(123,73,7,15,191511066),(124,90,7,16,191511066),(125,87,7,17,191511066),(126,83,7,18,191511066),(127,77,8,1,191511067),(128,94,8,2,191511067),(129,88,8,3,191511067),(130,84,8,4,191511067),(131,77,8,5,191511067),(132,73,8,6,191511067),(133,83,8,7,191511067),(134,75,8,8,191511067),(135,75,8,9,191511067),(136,78,8,10,191511067),(137,75,8,11,191511067),(138,86,8,12,191511067),(139,86,8,13,191511067),(140,91,8,14,191511067),(141,87,8,15,191511067),(142,93,8,16,191511067),(143,84,8,17,191511067),(144,83,8,18,191511067),(145,86,9,1,191511068),(146,70,9,2,191511068),(147,81,9,3,191511068),(148,94,9,4,191511068),(149,77,9,5,191511068),(150,74,9,6,191511068),(151,88,9,7,191511068),(152,90,9,8,191511068),(153,93,9,9,191511068),(154,93,9,10,191511068),(155,72,9,11,191511068),(156,89,9,12,191511068),(157,88,9,13,191511068),(158,70,9,14,191511068),(159,86,9,15,191511068),(160,78,9,16,191511068),(161,74,9,17,191511068),(162,94,9,18,191511068),(163,73,10,1,191511071),(164,94,10,2,191511071),(165,92,10,3,191511071),(166,90,10,4,191511071),(167,91,10,5,191511071),(168,84,10,6,191511071),(169,71,10,7,191511071),(170,80,10,8,191511071),(171,73,10,9,191511071),(172,91,10,10,191511071),(173,74,10,11,191511071),(174,89,10,12,191511071),(175,70,10,13,191511071),(176,83,10,14,191511071),(177,76,10,15,191511071),(178,73,10,16,191511071),(179,83,10,17,191511071),(180,93,10,18,191511071),(181,85,11,1,191511072),(182,87,11,2,191511072),(183,92,11,3,191511072),(184,76,11,4,191511072),(185,80,11,5,191511072),(186,76,11,6,191511072),(187,92,11,7,191511072),(188,91,11,8,191511072),(189,85,11,9,191511072),(190,70,11,10,191511072),(191,86,11,11,191511072),(192,91,11,12,191511072),(193,80,11,13,191511072),(194,95,11,14,191511072),(195,92,11,15,191511072),(196,72,11,16,191511072),(197,73,11,17,191511072),(198,95,11,18,191511072),(199,78,12,1,191511073),(200,85,12,2,191511073),(201,78,12,3,191511073),(202,87,12,4,191511073),(203,72,12,5,191511073),(204,93,12,6,191511073),(205,81,12,7,191511073),(206,71,12,8,191511073),(207,95,12,9,191511073),(208,71,12,10,191511073),(209,78,12,11,191511073),(210,76,12,12,191511073),(211,70,12,13,191511073),(212,79,12,14,191511073),(213,89,12,15,191511073),(214,76,12,16,191511073),(215,94,12,17,191511073),(216,86,12,18,191511073),(217,91,13,1,191511066),(218,90,13,2,191511066),(219,75,13,3,191511066),(220,88,13,4,191511066),(221,91,13,5,191511066),(222,70,13,6,191511066),(223,89,13,7,191511066),(224,75,13,8,191511066),(225,76,13,9,191511066),(226,94,13,10,191511066),(227,72,13,11,191511066),(228,86,13,12,191511066),(229,72,13,13,191511066),(230,84,13,14,191511066),(231,76,13,15,191511066),(232,85,13,16,191511066),(233,70,13,17,191511066),(234,95,13,18,191511066),(235,76,14,1,191511067),(236,90,14,2,191511067),(237,80,14,3,191511067),(238,95,14,4,191511067),(239,89,14,5,191511067),(240,72,14,6,191511067),(241,71,14,7,191511067),(242,70,14,8,191511067),(243,74,14,9,191511067),(244,95,14,10,191511067),(245,75,14,11,191511067),(246,95,14,12,191511067),(247,73,14,13,191511067),(248,74,14,14,191511067),(249,75,14,15,191511067),(250,89,14,16,191511067),(251,82,14,17,191511067),(252,79,14,18,191511067),(253,87,15,1,191511068),(254,83,15,2,191511068),(255,79,15,3,191511068),(256,70,15,4,191511068),(257,83,15,5,191511068),(258,75,15,6,191511068),(259,72,15,7,191511068),(260,74,15,8,191511068),(261,70,15,9,191511068),(262,78,15,10,191511068),(263,88,15,11,191511068),(264,82,15,12,191511068),(265,95,15,13,191511068),(266,90,15,14,191511068),(267,80,15,15,191511068),(268,92,15,16,191511068),(269,79,15,17,191511068),(270,90,15,18,191511068),(271,76,16,1,191511071),(272,71,16,2,191511071),(273,77,16,3,191511071),(274,88,16,4,191511071),(275,87,16,5,191511071),(276,94,16,6,191511071),(277,91,16,7,191511071),(278,91,16,8,191511071),(279,71,16,9,191511071),(280,95,16,10,191511071),(281,86,16,11,191511071),(282,70,16,12,191511071),(283,88,16,13,191511071),(284,74,16,14,191511071),(285,81,16,15,191511071),(286,83,16,16,191511071),(287,91,16,17,191511071),(288,75,16,18,191511071),(289,92,17,1,191511072),(290,75,17,2,191511072),(291,91,17,3,191511072),(292,75,17,4,191511072),(293,91,17,5,191511072),(294,79,17,6,191511072),(295,82,17,7,191511072),(296,91,17,8,191511072),(297,75,17,9,191511072),(298,91,17,10,191511072),(299,94,17,11,191511072),(300,72,17,12,191511072),(301,75,17,13,191511072),(302,93,17,14,191511072),(303,71,17,15,191511072),(304,84,17,16,191511072),(305,86,17,17,191511072),(306,72,17,18,191511072),(307,94,18,1,191511073),(308,85,18,2,191511073),(309,75,18,3,191511073),(310,86,18,4,191511073),(311,73,18,5,191511073),(312,81,18,6,191511073),(313,94,18,7,191511073),(314,91,18,8,191511073),(315,85,18,9,191511073),(316,83,18,10,191511073),(317,77,18,11,191511073),(318,91,18,12,191511073),(319,83,18,13,191511073),(320,92,18,14,191511073),(321,95,18,15,191511073),(322,93,18,16,191511073),(323,70,18,17,191511073),(324,87,18,18,191511073),(325,88,19,1,191511066),(326,80,19,2,191511066),(327,86,19,3,191511066),(328,85,19,4,191511066),(329,90,19,5,191511066),(330,94,19,6,191511066),(331,70,19,7,191511066),(332,82,19,8,191511066),(333,92,19,9,191511066),(334,94,19,10,191511066),(335,94,19,11,191511066),(336,86,19,12,191511066),(337,88,19,13,191511066),(338,89,19,14,191511066),(339,72,19,15,191511066),(340,89,19,16,191511066),(341,89,19,17,191511066),(342,80,19,18,191511066),(343,91,20,1,191511067),(344,85,20,2,191511067),(345,74,20,3,191511067),(346,82,20,4,191511067),(347,93,20,5,191511067),(348,79,20,6,191511067),(349,95,20,7,191511067),(350,93,20,8,191511067),(351,92,20,9,191511067),(352,70,20,10,191511067),(353,83,20,11,191511067),(354,92,20,12,191511067),(355,91,20,13,191511067),(356,86,20,14,191511067),(357,80,20,15,191511067),(358,74,20,16,191511067),(359,88,20,17,191511067),(360,93,20,18,191511067),(361,79,21,1,191511068),(362,79,21,2,191511068),(363,71,21,3,191511068),(364,95,21,4,191511068),(365,78,21,5,191511068),(366,77,21,6,191511068),(367,71,21,7,191511068),(368,91,21,8,191511068),(369,83,21,9,191511068),(370,89,21,10,191511068),(371,86,21,11,191511068),(372,83,21,12,191511068),(373,73,21,13,191511068),(374,77,21,14,191511068),(375,95,21,15,191511068),(376,75,21,16,191511068),(377,89,21,17,191511068),(378,86,21,18,191511068),(379,81,22,1,191511071),(380,84,22,2,191511071),(381,87,22,3,191511071),(382,79,22,4,191511071),(383,89,22,5,191511071),(384,77,22,6,191511071),(385,78,22,7,191511071),(386,73,22,8,191511071),(387,95,22,9,191511071),(388,86,22,10,191511071),(389,82,22,11,191511071),(390,94,22,12,191511071),(391,87,22,13,191511071),(392,75,22,14,191511071),(393,93,22,15,191511071),(394,74,22,16,191511071),(395,86,22,17,191511071),(396,75,22,18,191511071),(397,72,23,1,191511072),(398,88,23,2,191511072),(399,79,23,3,191511072),(400,87,23,4,191511072),(401,79,23,5,191511072),(402,86,23,6,191511072),(403,89,23,7,191511072),(404,94,23,8,191511072),(405,72,23,9,191511072),(406,80,23,10,191511072),(407,95,23,11,191511072),(408,74,23,12,191511072),(409,90,23,13,191511072),(410,89,23,14,191511072),(411,90,23,15,191511072),(412,88,23,16,191511072),(413,70,23,17,191511072),(414,73,23,18,191511072),(415,72,24,1,191511073),(416,84,24,2,191511073),(417,88,24,3,191511073),(418,86,24,4,191511073),(419,86,24,5,191511073),(420,71,24,6,191511073),(421,84,24,7,191511073),(422,72,24,8,191511073),(423,73,24,9,191511073),(424,78,24,10,191511073),(425,92,24,11,191511073),(426,83,24,12,191511073),(427,77,24,13,191511073),(428,90,24,14,191511073),(429,95,24,15,191511073),(430,94,24,16,191511073),(431,83,24,17,191511073),(432,93,24,18,191511073),(433,79,25,1,191511076),(434,82,25,2,191511076),(435,80,25,3,191511076),(436,89,25,4,191511076),(437,90,25,5,191511076),(438,88,25,6,191511076),(439,76,25,7,191511076),(440,84,25,8,191511076),(441,87,25,9,191511076),(442,79,25,10,191511076),(443,78,25,11,191511076),(444,86,25,12,191511076),(445,86,25,13,191511076),(446,88,25,14,191511076),(447,75,25,15,191511076),(448,89,25,16,191511076),(449,79,25,17,191511076),(450,79,25,18,191511076),(451,83,26,1,191511077),(452,82,26,2,191511077),(453,87,26,3,191511077),(454,82,26,4,191511077),(455,90,26,5,191511077),(456,88,26,6,191511077),(457,84,26,7,191511077),(458,77,26,8,191511077),(459,77,26,9,191511077),(460,80,26,10,191511077),(461,81,26,11,191511077),(462,78,26,12,191511077),(463,86,26,13,191511077),(464,83,26,14,191511077),(465,76,26,15,191511077),(466,89,26,16,191511077),(467,78,26,17,191511077),(468,81,26,18,191511077),(469,84,27,1,191511078),(470,84,27,2,191511078),(471,83,27,3,191511078),(472,88,27,4,191511078),(473,84,27,5,191511078),(474,83,27,6,191511078),(475,82,27,7,191511078),(476,90,27,8,191511078),(477,87,27,9,191511078),(478,78,27,10,191511078),(479,82,27,11,191511078),(480,79,27,12,191511078),(481,83,27,13,191511078),(482,90,27,14,191511078),(483,85,27,15,191511078),(484,77,27,16,191511078),(485,87,27,17,191511078),(486,82,27,18,191511078),(487,80,28,1,191511079),(488,89,28,2,191511079),(489,78,28,3,191511079),(490,77,28,4,191511079),(491,88,28,5,191511079),(492,88,28,6,191511079),(493,85,28,7,191511079),(494,90,28,8,191511079),(495,76,28,9,191511079),(496,89,28,10,191511079),(497,84,28,11,191511079),(498,88,28,12,191511079),(499,86,28,13,191511079),(500,88,28,14,191511079),(501,84,28,15,191511079),(502,87,28,16,191511079),(503,87,28,17,191511079),(504,76,28,18,191511079),(505,87,29,1,191511076),(506,77,29,2,191511076),(507,77,29,3,191511076),(508,77,29,4,191511076),(509,78,29,5,191511076),(510,87,29,6,191511076),(511,89,29,7,191511076),(512,88,29,8,191511076),(513,81,29,9,191511076),(514,82,29,10,191511076),(515,81,29,11,191511076),(516,90,29,12,191511076),(517,81,29,13,191511076),(518,79,29,14,191511076),(519,84,29,15,191511076),(520,85,29,16,191511076),(521,85,29,17,191511076),(522,88,29,18,191511076),(523,83,30,1,191511077),(524,90,30,2,191511077),(525,80,30,3,191511077),(526,88,30,4,191511077),(527,80,30,5,191511077),(528,90,30,6,191511077),(529,85,30,7,191511077),(530,80,30,8,191511077),(531,76,30,9,191511077),(532,77,30,10,191511077),(533,83,30,11,191511077),(534,88,30,12,191511077),(535,84,30,13,191511077),(536,81,30,14,191511077),(537,83,30,15,191511077),(538,87,30,16,191511077),(539,85,30,17,191511077),(540,81,30,18,191511077),(541,76,31,1,191511078),(542,88,31,2,191511078),(543,90,31,3,191511078),(544,88,31,4,191511078),(545,84,31,5,191511078),(546,76,31,6,191511078),(547,77,31,7,191511078),(548,88,31,8,191511078),(549,88,31,9,191511078),(550,90,31,10,191511078),(551,89,31,11,191511078),(552,82,31,12,191511078),(553,87,31,13,191511078),(554,83,31,14,191511078),(555,77,31,15,191511078),(556,89,31,16,191511078),(557,78,31,17,191511078),(558,79,31,18,191511078),(559,77,32,1,191511079),(560,75,32,2,191511079),(561,82,32,3,191511079),(562,88,32,4,191511079),(563,90,32,5,191511079),(564,82,32,6,191511079),(565,85,32,7,191511079),(566,76,32,8,191511079),(567,80,32,9,191511079),(568,88,32,10,191511079),(569,89,32,11,191511079),(570,89,32,12,191511079),(571,81,32,13,191511079),(572,76,32,14,191511079),(573,82,32,15,191511079),(574,85,32,16,191511079),(575,88,32,17,191511079),(576,80,32,18,191511079),(577,76,33,1,191511076),(578,83,33,2,191511076),(579,85,33,3,191511076),(580,76,33,4,191511076),(581,75,33,5,191511076),(582,83,33,6,191511076),(583,80,33,7,191511076),(584,86,33,8,191511076),(585,80,33,9,191511076),(586,76,33,10,191511076),(587,89,33,11,191511076),(588,80,33,12,191511076),(589,87,33,13,191511076),(590,90,33,14,191511076),(591,83,33,15,191511076),(592,83,33,16,191511076),(593,84,33,17,191511076),(594,89,33,18,191511076),(595,82,34,1,191511077),(596,80,34,2,191511077),(597,90,34,3,191511077),(598,85,34,4,191511077),(599,83,34,5,191511077),(600,82,34,6,191511077),(601,88,34,7,191511077),(602,84,34,8,191511077),(603,77,34,9,191511077),(604,90,34,10,191511077),(605,75,34,11,191511077),(606,85,34,12,191511077),(607,88,34,13,191511077),(608,86,34,14,191511077),(609,86,34,15,191511077),(610,90,34,16,191511077),(611,85,34,17,191511077),(612,85,34,18,191511077),(613,81,35,1,191511078),(614,82,35,2,191511078),(615,76,35,3,191511078),(616,77,35,4,191511078),(617,79,35,5,191511078),(618,90,35,6,191511078),(619,80,35,7,191511078),(620,90,35,8,191511078),(621,78,35,9,191511078),(622,87,35,10,191511078),(623,82,35,11,191511078),(624,77,35,12,191511078),(625,89,35,13,191511078),(626,79,35,14,191511078),(627,84,35,15,191511078),(628,80,35,16,191511078),(629,84,35,17,191511078),(630,87,35,18,191511078),(631,89,36,1,191511079),(632,80,36,2,191511079),(633,77,36,3,191511079),(634,82,36,4,191511079),(635,83,36,5,191511079),(636,76,36,6,191511079),(637,87,36,7,191511079),(638,78,36,8,191511079),(639,89,36,9,191511079),(640,88,36,10,191511079),(641,84,36,11,191511079),(642,80,36,12,191511079),(643,84,36,13,191511079),(644,78,36,14,191511079),(645,75,36,15,191511079),(646,79,36,16,191511079),(647,85,36,17,191511079),(648,82,36,18,191511079),(649,77,37,1,191511076),(650,78,37,2,191511076),(651,87,37,3,191511076),(652,85,37,4,191511076),(653,88,37,5,191511076),(654,77,37,6,191511076),(655,79,37,7,191511076),(656,83,37,8,191511076),(657,77,37,9,191511076),(658,86,37,10,191511076),(659,77,37,11,191511076),(660,90,37,12,191511076),(661,81,37,13,191511076),(662,85,37,14,191511076),(663,79,37,15,191511076),(664,85,37,16,191511076),(665,76,37,17,191511076),(666,77,37,18,191511076),(667,77,38,1,191511077),(668,82,38,2,191511077),(669,90,38,3,191511077),(670,88,38,4,191511077),(671,75,38,5,191511077),(672,90,38,6,191511077),(673,84,38,7,191511077),(674,77,38,8,191511077),(675,85,38,9,191511077),(676,87,38,10,191511077),(677,82,38,11,191511077),(678,79,38,12,191511077),(679,77,38,13,191511077),(680,78,38,14,191511077),(681,89,38,15,191511077),(682,84,38,16,191511077),(683,81,38,17,191511077),(684,77,38,18,191511077),(685,87,39,1,191511078),(686,75,39,2,191511078),(687,83,39,3,191511078),(688,89,39,4,191511078),(689,87,39,5,191511078),(690,83,39,6,191511078),(691,90,39,7,191511078),(692,86,39,8,191511078),(693,82,39,9,191511078),(694,89,39,10,191511078),(695,76,39,11,191511078),(696,78,39,12,191511078),(697,87,39,13,191511078),(698,83,39,14,191511078),(699,77,39,15,191511078),(700,80,39,16,191511078),(701,79,39,17,191511078),(702,77,39,18,191511078),(703,84,40,1,191511079),(704,85,40,2,191511079),(705,90,40,3,191511079),(706,89,40,4,191511079),(707,90,40,5,191511079),(708,81,40,6,191511079),(709,82,40,7,191511079),(710,90,40,8,191511079),(711,79,40,9,191511079),(712,83,40,10,191511079),(713,78,40,11,191511079),(714,86,40,12,191511079),(715,82,40,13,191511079),(716,76,40,14,191511079),(717,83,40,15,191511079),(718,77,40,16,191511079),(719,85,40,17,191511079),(720,86,40,18,191511079),(721,70,42,12,191511090);
/*!40000 ALTER TABLE `self_assessment_grade` ENABLE KEYS */;
UNLOCK TABLES;

--
-- Table structure for table `supervisor_grade`
--

DROP TABLE IF EXISTS `supervisor_grade`;
/*!40101 SET @saved_cs_client     = @@character_set_client */;
/*!40101 SET character_set_client = utf8 */;
CREATE TABLE `supervisor_grade` (
  `id` int(11) NOT NULL AUTO_INCREMENT,
  `phase` int(3) DEFAULT NULL,
  `participant_id` int(11) DEFAULT NULL,
  `date` date DEFAULT NULL,
  `supervisor_id_grade` int(11) DEFAULT NULL,
  PRIMARY KEY (`id`)
) ENGINE=InnoDB AUTO_INCREMENT=32 DEFAULT CHARSET=utf8mb4 COLLATE=utf8mb4_general_ci;
/*!40101 SET character_set_client = @saved_cs_client */;

--
-- Dumping data for table `supervisor_grade`
--

LOCK TABLES `supervisor_grade` WRITE;
/*!40000 ALTER TABLE `supervisor_grade` DISABLE KEYS */;
INSERT INTO `supervisor_grade` VALUES (1,1,191511066,NULL,1),(2,1,191511067,NULL,2),(3,1,191511068,NULL,3),(4,1,191511071,NULL,4),(5,1,191511072,NULL,5),(6,1,191511073,NULL,6),(7,2,191511066,NULL,1),(8,2,191511067,NULL,2),(9,2,191511068,NULL,3),(10,2,191511071,NULL,4),(11,2,191511072,NULL,5),(12,2,191511073,NULL,6),(13,3,191511066,NULL,1),(14,3,191511067,NULL,2),(15,3,191511068,NULL,3),(16,3,191511071,NULL,4),(17,3,191511072,NULL,5),(18,3,191511073,NULL,6),(19,1,191511076,NULL,5),(20,2,191511076,NULL,5),(21,3,191511076,NULL,5),(22,1,191511077,NULL,6),(23,2,191511077,NULL,6),(24,3,191511077,NULL,6),(25,1,191511078,NULL,2),(26,2,191511078,NULL,2),(27,3,191511078,NULL,2),(28,1,191511079,NULL,3),(29,2,191511079,NULL,3),(30,3,191511079,NULL,3),(31,1,191511090,'2023-06-15',1);
/*!40000 ALTER TABLE `supervisor_grade` ENABLE KEYS */;
UNLOCK TABLES;

--
-- Table structure for table `supervisor_grade_aspect`
--

DROP TABLE IF EXISTS `supervisor_grade_aspect`;
/*!40101 SET @saved_cs_client     = @@character_set_client */;
/*!40101 SET character_set_client = utf8 */;
CREATE TABLE `supervisor_grade_aspect` (
  `id` int(11) NOT NULL AUTO_INCREMENT,
  `description` varchar(255) NOT NULL,
  `grade_weight` float DEFAULT NULL,
  PRIMARY KEY (`id`)
) ENGINE=InnoDB AUTO_INCREMENT=5 DEFAULT CHARSET=utf8mb4 COLLATE=utf8mb4_general_ci;
/*!40101 SET character_set_client = @saved_cs_client */;

--
-- Dumping data for table `supervisor_grade_aspect`
--

LOCK TABLES `supervisor_grade_aspect` WRITE;
/*!40000 ALTER TABLE `supervisor_grade_aspect` DISABLE KEYS */;
INSERT INTO `supervisor_grade_aspect` VALUES (1,'Nilai Proses Bimbingan',40),(2,'Nilai Laporan PKL',50),(3,'Lain - Lain',10),(4,'test aspect',10);
/*!40000 ALTER TABLE `supervisor_grade_aspect` ENABLE KEYS */;
UNLOCK TABLES;

--
-- Table structure for table `supervisor_grade_result`
--

DROP TABLE IF EXISTS `supervisor_grade_result`;
/*!40101 SET @saved_cs_client     = @@character_set_client */;
/*!40101 SET character_set_client = utf8 */;
CREATE TABLE `supervisor_grade_result` (
  `id` int(11) NOT NULL AUTO_INCREMENT,
  `grade` int(3) DEFAULT NULL,
  `supervisor_grade_id` int(11) DEFAULT NULL,
  `id_aspect_grade` int(11) DEFAULT NULL,
  PRIMARY KEY (`id`)
) ENGINE=InnoDB AUTO_INCREMENT=92 DEFAULT CHARSET=utf8mb4 COLLATE=utf8mb4_general_ci;
/*!40101 SET character_set_client = @saved_cs_client */;

--
-- Dumping data for table `supervisor_grade_result`
--

LOCK TABLES `supervisor_grade_result` WRITE;
/*!40000 ALTER TABLE `supervisor_grade_result` DISABLE KEYS */;
INSERT INTO `supervisor_grade_result` VALUES (1,84,1,1),(2,84,1,2),(3,89,1,3),(4,86,2,1),(5,90,2,2),(6,88,2,3),(7,93,3,1),(8,87,3,2),(9,78,3,3),(10,83,4,1),(11,94,4,2),(12,86,4,3),(13,78,5,1),(14,77,5,2),(15,83,5,3),(16,90,6,1),(17,88,6,2),(18,87,6,3),(19,87,7,1),(20,95,7,2),(21,77,7,3),(22,84,8,1),(23,78,8,2),(24,94,8,3),(25,92,9,1),(26,93,9,2),(27,86,9,3),(28,94,10,1),(29,87,10,2),(30,85,10,3),(31,80,11,1),(32,83,11,2),(33,78,11,3),(34,85,12,1),(35,82,12,2),(36,91,12,3),(37,94,13,1),(38,85,13,2),(39,80,13,3),(40,93,14,1),(41,95,14,2),(42,91,14,3),(43,84,15,1),(44,90,15,2),(45,82,15,3),(46,91,16,1),(47,92,16,2),(48,95,16,3),(49,86,17,1),(50,85,17,2),(51,76,17,3),(52,87,18,1),(53,82,18,2),(54,89,18,3),(55,91,19,1),(56,84,19,2),(57,75,19,3),(58,82,20,1),(59,71,20,2),(60,70,20,3),(61,93,21,1),(62,82,21,2),(63,73,21,3),(64,72,22,1),(65,94,22,2),(66,94,22,3),(67,92,23,1),(68,93,23,2),(69,92,23,3),(70,83,24,1),(71,84,24,2),(72,78,24,3),(73,92,25,1),(74,86,25,2),(75,82,25,3),(76,86,26,1),(77,81,26,2),(78,72,26,3),(79,81,27,1),(80,76,27,2),(81,92,27,3),(82,78,28,1),(83,89,28,2),(84,73,28,3),(85,90,29,1),(86,84,29,2),(87,90,29,3),(88,88,30,1),(89,73,30,2),(90,91,30,3),(91,80,31,1);
/*!40000 ALTER TABLE `supervisor_grade_result` ENABLE KEYS */;
UNLOCK TABLES;

--
-- Table structure for table `supervisor_mapping`
--

DROP TABLE IF EXISTS `supervisor_mapping`;
/*!40101 SET @saved_cs_client     = @@character_set_client */;
/*!40101 SET character_set_client = utf8 */;
CREATE TABLE `supervisor_mapping` (
  `id` int(11) NOT NULL AUTO_INCREMENT,
  `mapping_date` date DEFAULT NULL,
  `company_id_mapping` int(11) NOT NULL,
  `participant_id_mapping` int(11) NOT NULL,
  `supervisor_id_mapping` int(10) unsigned NOT NULL,
  `prodi_id` int(11) NOT NULL,
  PRIMARY KEY (`id`)
) ENGINE=InnoDB AUTO_INCREMENT=8 DEFAULT CHARSET=utf8mb4 COLLATE=utf8mb4_general_ci;
/*!40101 SET character_set_client = @saved_cs_client */;

--
-- Dumping data for table `supervisor_mapping`
--

LOCK TABLES `supervisor_mapping` WRITE;
/*!40000 ALTER TABLE `supervisor_mapping` DISABLE KEYS */;
INSERT INTO `supervisor_mapping` VALUES (1,NULL,30,191511066,138,0),(2,NULL,30,191511067,138,0),(3,NULL,31,191511068,139,0),(4,NULL,34,191511071,140,1),(5,NULL,34,191511073,140,1),(6,NULL,39,191511072,141,1),(7,'2023-06-15',44,191511090,1,1);
/*!40000 ALTER TABLE `supervisor_mapping` ENABLE KEYS */;
UNLOCK TABLES;

--
-- Dumping routines for database 'db-monitoring'
--
/*!40103 SET TIME_ZONE=@OLD_TIME_ZONE */;

/*!40101 SET SQL_MODE=@OLD_SQL_MODE */;
/*!40014 SET FOREIGN_KEY_CHECKS=@OLD_FOREIGN_KEY_CHECKS */;
/*!40014 SET UNIQUE_CHECKS=@OLD_UNIQUE_CHECKS */;
/*!40101 SET CHARACTER_SET_CLIENT=@OLD_CHARACTER_SET_CLIENT */;
/*!40101 SET CHARACTER_SET_RESULTS=@OLD_CHARACTER_SET_RESULTS */;
/*!40101 SET COLLATION_CONNECTION=@OLD_COLLATION_CONNECTION */;
/*!40111 SET SQL_NOTES=@OLD_SQL_NOTES */;

-- Dump completed on 2023-06-16 18:50:04
