-- MySQL dump 10.13  Distrib 5.5.62, for Win64 (AMD64)
--
-- Host: localhost    Database: db-grade
-- ------------------------------------------------------
-- Server version	5.5.5-10.4.27-MariaDB

/*!40101 SET @OLD_CHARACTER_SET_CLIENT=@@CHARACTER_SET_CLIENT */;
/*!40101 SET @OLD_CHARACTER_SET_RESULTS=@@CHARACTER_SET_RESULTS */;
/*!40101 SET @OLD_COLLATION_CONNECTION=@@COLLATION_CONNECTION */;
/*!40101 SET NAMES utf8 */;
/*!40103 SET @OLD_TIME_ZONE=@@TIME_ZONE */;
/*!40103 SET TIME_ZONE='+00:00' */;
/*!40014 SET @OLD_UNIQUE_CHECKS=@@UNIQUE_CHECKS, UNIQUE_CHECKS=0 */;
/*!40014 SET @OLD_FOREIGN_KEY_CHECKS=@@FOREIGN_KEY_CHECKS, FOREIGN_KEY_CHECKS=0 */;
/*!40101 SET @OLD_SQL_MODE=@@SQL_MODE, SQL_MODE='NO_AUTO_VALUE_ON_ZERO' */;
/*!40111 SET @OLD_SQL_NOTES=@@SQL_NOTES, SQL_NOTES=0 */;

--
-- Table structure for table `account`
--

DROP TABLE IF EXISTS `account`;
/*!40101 SET @saved_cs_client     = @@character_set_client */;
/*!40101 SET character_set_client = utf8 */;
CREATE TABLE `account` (
  `id` int(10) unsigned NOT NULL AUTO_INCREMENT,
  `username` varchar(255) NOT NULL,
  `role_id` int(11) NOT NULL,
  `is_delete` tinyint(1) NOT NULL DEFAULT 0,
  PRIMARY KEY (`id`)
) ENGINE=InnoDB AUTO_INCREMENT=165 DEFAULT CHARSET=utf8 COLLATE=utf8_unicode_ci COMMENT='replika, account';
/*!40101 SET character_set_client = @saved_cs_client */;

--
-- Dumping data for table `account`
--

LOCK TABLES `account` WRITE;
/*!40000 ALTER TABLE `account` DISABLE KEYS */;
INSERT INTO `account` VALUES (1,'panitiaD3',0,0),(2,'panitiaD4',0,0),(3,'kaprodiD3',3,0),(4,'kaprodiD4',3,0),(5,'181511003',1,0),(6,'181511015',1,0),(7,'181511041',1,0),(8,'191511001',1,0),(9,'191511002',1,0),(10,'191511003',1,0),(11,'191511004',1,0),(12,'191511005',1,0),(13,'191511006',1,0),(14,'191511007',1,0),(15,'191511008',1,0),(16,'191511009',1,0),(17,'191511010',1,0),(18,'191511011',1,0),(19,'191511012',1,0),(20,'191511013',1,0),(21,'191511014',1,0),(22,'191511015',1,0),(23,'191511016',1,0),(24,'191511017',1,0),(25,'191511019',1,0),(26,'191511021',1,0),(27,'191511022',1,0),(28,'191511023',1,0),(29,'191511025',1,0),(30,'191511026',1,0),(31,'191511028',1,0),(32,'191511029',1,0),(33,'191511030',1,0),(34,'191511031',1,0),(35,'191511032',1,0),(36,'191511033',1,0),(37,'191511034',1,0),(38,'191511035',1,0),(39,'191511036',1,0),(40,'191511037',1,0),(41,'191511038',1,0),(42,'191511039',1,0),(43,'191511040',1,0),(44,'191511041',1,0),(45,'191511042',1,0),(46,'191511043',1,0),(47,'191511044',1,0),(48,'191511045',1,0),(49,'191511046',1,0),(50,'191511047',1,0),(51,'191511048',1,0),(52,'191511049',1,0),(53,'191511050',1,0),(54,'191511051',1,0),(55,'191511052',1,0),(56,'191511054',1,0),(57,'191511056',1,0),(58,'191511057',1,0),(59,'191511058',1,0),(60,'191511059',1,0),(61,'191511060',1,0),(62,'191511061',1,0),(63,'191511063',1,0),(64,'191511064',1,0),(65,'191511065',1,0),(66,'padepokan',2,0),(67,'bims',2,0),(68,'beeso',2,0),(69,'neural',2,0),(70,'lapi',2,0),(71,'kerjaku',2,0),(72,'kazee',2,0),(73,'karisma',2,0),(74,'bejana',2,0),(75,'digital',2,0),(76,'hirata',2,0),(77,'velocite',2,0),(78,'kabayan',2,0),(79,'garuda',2,0),(80,'beete',2,0),(81,'star',2,0),(82,'ebdesk',2,0),(83,'kreasi',2,0),(84,'qroi',2,0),(85,'selada',2,0),(86,'181524002',1,0),(87,'181524003',1,0),(88,'181524004',1,0),(89,'181524005',1,0),(90,'181524006',1,0),(91,'181524007',1,0),(92,'181524008',1,0),(93,'181524009',1,0),(94,'181524010',1,0),(95,'181524012',1,0),(96,'181524013',1,0),(97,'181524014',1,0),(98,'181524015',1,0),(99,'181524016',1,0),(100,'181524017',1,0),(101,'181524020',1,0),(102,'181524021',1,0),(103,'181524022',1,0),(104,'181524023',1,0),(105,'181524025',1,0),(106,'181524026',1,0),(107,'181524027',1,0),(108,'181524028',1,0),(109,'181524029',1,0),(110,'181524030',1,0),(111,'181524031',1,0),(112,'181524032',1,0),(113,'nubela',2,0),(114,'valvo',2,0),(115,'len',2,0),(116,'sense',2,0),(117,'idouble',2,0),(118,'periplus',2,0),(119,'fujitsu',2,0),(120,'201511016',1,0),(121,'roy12ali@gmail.com',2,0),(122,'company@gmail.com',2,0),(123,'padepokan@gmail.com',2,0),(124,'bims@gmail.com',2,0),(125,'beeso@gmail.com',2,0),(126,'neural@gmail.com',2,0),(127,'lapi@gmail.com',2,0),(128,'kerjaku@gmail.com',2,0),(129,'kazee@gmail.com',2,0),(130,'karisma@gmail.com',2,0),(131,'bejana@gmail.com',2,0),(132,'digital@gmail.com',2,0),(133,'penguji_1',0,0),(134,'penguji_2',0,0),(135,'penguji_3',0,0),(136,'penguji_4',0,0),(137,'penguji_5',0,0),(138,'pembimbing_1',4,0),(139,'pembimbing_2',4,0),(140,'pembimbing_3',4,0),(141,'pembimbing_4',4,0),(142,'pembimbing_5',4,0),(143,'pembimbing_6',4,0),(144,'pembimbing_7',4,0),(145,'201511001',1,0),(146,'201511002',1,0),(147,'201511003',1,0),(150,'201511006',1,0),(151,'201511007',1,0),(152,'201511008',1,0),(155,'211511001',1,0),(156,'digunakan_1',0,0),(157,'digunakan_2',1,0),(158,'digunakan_3',1,0),(164,'testPerson_1',1,0);
/*!40000 ALTER TABLE `account` ENABLE KEYS */;
UNLOCK TABLES;

--
-- Table structure for table `assessment_aspect`
--

DROP TABLE IF EXISTS `assessment_aspect`;
/*!40101 SET @saved_cs_client     = @@character_set_client */;
/*!40101 SET character_set_client = utf8 */;
CREATE TABLE `assessment_aspect` (
  `id` int(11) NOT NULL AUTO_INCREMENT,
  `aspect_name` varchar(255) NOT NULL,
  `evaluation_form_id` int(11) NOT NULL,
  `is_delete` tinyint(1) DEFAULT 0,
  PRIMARY KEY (`id`),
  KEY `FKpikrsaw8b2oyeve8wow14fggc` (`evaluation_form_id`),
  CONSTRAINT `FKpikrsaw8b2oyeve8wow14fggc` FOREIGN KEY (`evaluation_form_id`) REFERENCES `evaluation_form` (`id`)
) ENGINE=InnoDB AUTO_INCREMENT=42 DEFAULT CHARSET=utf8 COLLATE=utf8_unicode_ci COMMENT='replika, management content';
/*!40101 SET character_set_client = @saved_cs_client */;

--
-- Dumping data for table `assessment_aspect`
--

LOCK TABLES `assessment_aspect` WRITE;
/*!40000 ALTER TABLE `assessment_aspect` DISABLE KEYS */;
INSERT INTO `assessment_aspect` VALUES (1,'Kemampuan teknik',1,0),(2,'Kemampuan memahami domain pekerjaan',1,0),(3,'Inisiatif dalam penyelesaian solusi (baik terhadap masalah teknis maupun non-teknis)',1,0),(4,'Disiplin/punctuality',1,0),(5,'Kemampuan komunikasi/presentasi',1,0),(6,'Kemampuan interaksi dengan lingkungan baik dalam kondisi WFO dan WFH (khusus situasi pandem Covid-19)',1,0),(7,'Kemampuan beradaptasi dengan lingkungan',1,0),(8,'Kemampuan dokumentasi',1,0),(9,'Kualifikasi peserta KP dalam menyelesaikan pekerjaan di perusahaan',1,0),(10,'Kemampuan teknik',2,0),(11,'Kemampuan memahami domain pekerjaan',2,0),(12,'Inisiatif dalam penyelesaian solusi (baik terhadap masalah teknis maupun non-teknis)',2,0),(13,'Disiplin/punctuality',2,0),(14,'Kemampuan komunikasi/presentasi',2,0),(15,'Kemampuan interaksi dengan lingkungan baik dalam kondisi WFO dan WFH (khusus situasi pandem Covid-19)',2,0),(16,'Kemampuan beradaptasi dengan lingkungan',2,0),(17,'Kemampuan dokumentasi',2,0),(18,'Kualifikasi peserta KP dalam menyelesaikan pekerjaan di perusahaan',2,0),(19,'Kemampuan teknik',3,0),(20,'Kemampuan memahami domain pekerjaan',3,0),(21,'Inisiatif dalam penyelesaian solusi (baik terhadap masalah teknis maupun non-teknis)',3,0),(22,'Disiplin/punctuality',3,0),(23,'Kemampuan komunikasi/presentasi',3,0),(24,'Kemampuan interaksi dengan lingkungan baik dalam kondisi WFO dan WFH (khusus situasi pandem Covid-19)',3,0),(25,'Kemampuan beradaptasi dengan lingkungan',3,0),(26,'Kemampuan dokumentasi',3,0),(27,'Kualifikasi peserta KP dalam menyelesaikan pekerjaan di perusahaan',3,0),(28,'Kemampuan teknik',4,0),(29,'Kemampuan memahami domain pekerjaan',4,0),(30,'Inisiatif dalam penyelesaian solusi (baik terhadap masalah teknis maupun non-teknis)',4,0),(31,'Disiplin/punctuality',4,0),(32,'Kemampuan komunikasi/presentasi',4,0),(33,'Kemampuan interaksi dengan lingkungan baik dalam kondisi WFO dan WFH (khusus situasi pandem Covid-19)',4,0),(34,'Kemampuan beradaptasi dengan lingkungan',4,0),(35,'Kemampuan dokumentasi',4,0),(36,'Kualifikasi peserta KP dalam menyelesaikan pekerjaan di perusahaan',4,0),(40,'testAspect changed',1,1),(41,'aspek baru',1,0);
/*!40000 ALTER TABLE `assessment_aspect` ENABLE KEYS */;
UNLOCK TABLES;

--
-- Table structure for table `company`
--

DROP TABLE IF EXISTS `company`;
/*!40101 SET @saved_cs_client     = @@character_set_client */;
/*!40101 SET character_set_client = utf8 */;
CREATE TABLE `company` (
  `id` int(11) NOT NULL AUTO_INCREMENT,
  `company_name` varchar(255) NOT NULL,
  `company_email` varchar(255) DEFAULT NULL,
  `since_year` int(11) DEFAULT NULL,
  `status` tinyint(1) NOT NULL DEFAULT 0,
  `account_id` int(10) unsigned NOT NULL,
  PRIMARY KEY (`id`),
  KEY `account_id` (`account_id`),
  CONSTRAINT `company_ibfk_1` FOREIGN KEY (`account_id`) REFERENCES `account` (`id`)
) ENGINE=InnoDB AUTO_INCREMENT=46 DEFAULT CHARSET=utf8 COLLATE=utf8_unicode_ci COMMENT='replika, berubah, industri';
/*!40101 SET character_set_client = @saved_cs_client */;

--
-- Dumping data for table `company`
--

LOCK TABLES `company` WRITE;
/*!40000 ALTER TABLE `company` DISABLE KEYS */;
INSERT INTO `company` VALUES (30,'PT. PADEPOKAN TUJUH SEMBILAN','padepokan@gmail.com',2022,1,123),(31,'CV BIMS','bims@gmail.com',NULL,1,124),(32,'PT Bee Solution Partners','beeso@gmail.com',NULL,0,125),(33,'PT. Neural Technologies Indonesia','neural@gmail.com',NULL,0,126),(34,'PT LAPI Divusi','lapi@gmail.com',NULL,0,127),(35,'PT Kerjaku Inti Nusantara','kerjaku@gmail.com',NULL,0,128),(36,'PT Kazee Digital Indonesia','kazee@gmail.com',NULL,0,129),(37,'PT Karisma Technologies','karisma@gmail.com',NULL,0,130),(38,'PT. Bejana Investidata Globalindo','bejana@gmail.com',NULL,0,131),(39,'Digital Oasis','digital@gmail.com',NULL,0,132),(44,'testCompany2','testCompany2@gmail.com',2020,1,1);
/*!40000 ALTER TABLE `company` ENABLE KEYS */;
UNLOCK TABLES;

--
-- Table structure for table `component_course`
--

DROP TABLE IF EXISTS `component_course`;
/*!40101 SET @saved_cs_client     = @@character_set_client */;
/*!40101 SET character_set_client = utf8 */;
CREATE TABLE `component_course` (
  `id` int(11) NOT NULL AUTO_INCREMENT,
  `name` varchar(255) NOT NULL,
  `bobot_component` int(11) DEFAULT 0,
  `course_id` int(11) NOT NULL,
  `is_average` tinyint(1) DEFAULT 1,
  PRIMARY KEY (`id`),
  KEY `course_id` (`course_id`),
  CONSTRAINT `component_course_ibfk_1` FOREIGN KEY (`course_id`) REFERENCES `course_form` (`id`)
) ENGINE=InnoDB AUTO_INCREMENT=223 DEFAULT CHARSET=utf8 COLLATE=utf8_unicode_ci;
/*!40101 SET character_set_client = @saved_cs_client */;

--
-- Dumping data for table `component_course`
--

LOCK TABLES `component_course` WRITE;
/*!40000 ALTER TABLE `component_course` DISABLE KEYS */;
INSERT INTO `component_course` VALUES (1,'EAS Praktek',70,16,1),(2,'EAS Teori',0,16,1),(3,'ETS Praktek',20,16,1),(4,'ETS Teori',0,16,1),(5,'Lain-lain Praktek',10,16,1),(6,'Lain-lain Teori',0,16,1),(7,'EAS Praktek',40,50,1),(8,'EAS Teori',10,50,1),(9,'ETS Praktek',15,50,1),(10,'ETS Teori',10,50,0),(11,'Lain-lain Praktek',15,50,0),(12,'Lain-lain Teori',10,50,0),(13,'EAS Praktek',0,18,0),(14,'EAS Teori',0,18,0),(15,'ETS Praktek',0,18,0),(16,'ETS Teori',0,18,0),(17,'Lain-lain Praktek',0,18,0),(18,'Lain-lain Teori',0,18,0),(19,'EAS Praktek',0,19,0),(20,'EAS Teori',0,19,0),(21,'ETS Praktek',0,19,0),(22,'ETS Teori',0,19,0),(23,'Lain-lain Praktek',0,19,0),(24,'Lain-lain Teori',0,19,0),(25,'EAS Praktek',0,20,0),(26,'EAS Teori',0,20,0),(27,'ETS Praktek',0,20,0),(28,'ETS Teori',0,20,0),(29,'Lain-lain Praktek',0,20,0),(30,'Lain-lain Teori',0,20,0),(31,'EAS Praktek',0,21,0),(32,'EAS Teori',0,21,0),(33,'ETS Praktek',0,21,0),(34,'ETS Teori',0,21,0),(35,'Lain-lain Praktek',0,21,0),(36,'Lain-lain Teori',0,21,0),(37,'EAS Praktek',0,22,0),(38,'EAS Teori',0,22,0),(39,'ETS Praktek',0,22,0),(40,'ETS Teori',0,22,0),(41,'Lain-lain Praktek',0,22,0),(42,'Lain-lain Teori',0,22,0),(43,'EAS Praktek',0,23,0),(44,'EAS Teori',0,23,0),(45,'ETS Praktek',0,23,0),(46,'ETS Teori',0,23,0),(47,'Lain-lain Praktek',0,23,0),(48,'Lain-lain Teori',0,23,0),(49,'EAS Praktek',0,24,0),(50,'EAS Teori',0,24,0),(51,'ETS Praktek',0,24,0),(52,'ETS Teori',0,24,0),(53,'Lain-lain Praktek',0,24,0),(54,'Lain-lain Teori',0,24,0),(55,'EAS Praktek',0,25,0),(56,'EAS Teori',0,25,0),(57,'ETS Praktek',0,25,0),(58,'ETS Teori',0,25,0),(59,'Lain-lain Praktek',0,25,0),(60,'Lain-lain Teori',0,25,0),(67,'EAS Praktek',0,27,1),(68,'EAS Teori',0,27,1),(69,'ETS Praktek',0,27,1),(70,'ETS Teori',0,27,1),(71,'Lain-lain Praktek',0,27,1),(72,'Lain-lain Teori',0,27,1),(73,'EAS Praktek',0,28,1),(74,'EAS Teori',0,28,1),(75,'ETS Praktek',0,28,1),(76,'ETS Teori',0,28,1),(77,'Lain-lain Praktek',0,28,1),(78,'Lain-lain Teori',0,28,1),(79,'EAS Praktek',0,29,1),(80,'EAS Teori',0,29,1),(81,'ETS Praktek',0,29,1),(82,'ETS Teori',0,29,1),(83,'Lain-lain Praktek',0,29,1),(84,'Lain-lain Teori',0,29,1),(85,'EAS Praktek',0,30,1),(86,'EAS Teori',0,30,1),(87,'ETS Praktek',0,30,1),(88,'ETS Teori',0,30,1),(89,'Lain-lain Praktek',0,30,1),(90,'Lain-lain Teori',0,30,1),(91,'EAS Praktek',0,31,1),(92,'EAS Teori',0,31,1),(93,'ETS Praktek',0,31,1),(94,'ETS Teori',0,31,1),(95,'Lain-lain Praktek',0,31,1),(96,'Lain-lain Teori',0,31,1),(97,'EAS Praktek',0,32,1),(98,'EAS Teori',0,32,1),(99,'ETS Praktek',0,32,1),(100,'ETS Teori',0,32,1),(101,'Lain-lain Praktek',0,32,1),(102,'Lain-lain Teori',0,32,1),(103,'EAS Praktek',0,33,1),(104,'EAS Teori',0,33,1),(105,'ETS Praktek',0,33,1),(106,'ETS Teori',0,33,1),(107,'Lain-lain Praktek',0,33,1),(108,'Lain-lain Teori',0,33,1),(109,'EAS Praktek',0,34,1),(110,'EAS Teori',0,34,1),(111,'ETS Praktek',0,34,1),(112,'ETS Teori',0,34,1),(113,'Lain-lain Praktek',0,34,1),(114,'Lain-lain Teori',0,34,1),(115,'EAS Praktek',0,35,1),(116,'EAS Teori',0,35,1),(117,'ETS Praktek',0,35,1),(118,'ETS Teori',0,35,1),(119,'Lain-lain Praktek',0,35,1),(120,'Lain-lain Teori',0,35,1),(121,'EAS Praktek',0,36,1),(122,'EAS Teori',0,36,1),(123,'ETS Praktek',0,36,1),(124,'ETS Teori',0,36,1),(125,'Lain-lain Praktek',0,36,1),(126,'Lain-lain Teori',0,36,1),(127,'EAS Praktek',0,37,1),(128,'EAS Teori',0,37,1),(129,'ETS Praktek',0,37,1),(130,'ETS Teori',0,37,1),(131,'Lain-lain Praktek',0,37,1),(132,'Lain-lain Teori',0,37,1),(133,'EAS Praktek',0,38,1),(134,'EAS Teori',0,38,1),(135,'ETS Praktek',0,38,1),(136,'ETS Teori',0,38,1),(137,'Lain-lain Praktek',0,38,1),(138,'Lain-lain Teori',0,38,1),(139,'EAS Praktek',0,39,1),(140,'EAS Teori',0,39,1),(141,'ETS Praktek',0,39,1),(142,'ETS Teori',0,39,1),(143,'Lain-lain Praktek',0,39,1),(144,'Lain-lain Teori',0,39,1),(145,'EAS Praktek',0,40,1),(146,'EAS Teori',0,40,1),(147,'ETS Praktek',0,40,1),(148,'ETS Teori',0,40,1),(149,'Lain-lain Praktek',0,40,1),(150,'Lain-lain Teori',0,40,1),(151,'EAS Praktek',0,41,1),(152,'EAS Teori',0,41,1),(153,'ETS Praktek',0,41,1),(154,'ETS Teori',0,41,1),(155,'Lain-lain Praktek',0,41,1),(156,'Lain-lain Teori',0,41,1),(157,'EAS Praktek',0,42,1),(158,'EAS Teori',0,42,1),(159,'ETS Praktek',0,42,1),(160,'ETS Teori',0,42,1),(161,'Lain-lain Praktek',0,42,1),(162,'Lain-lain Teori',0,42,1),(163,'EAS Praktek',0,43,1),(164,'EAS Teori',0,43,1),(165,'ETS Praktek',0,43,1),(166,'ETS Teori',0,43,1),(167,'Lain-lain Praktek',0,43,1),(168,'Lain-lain Teori',0,43,1),(169,'EAS Praktek',0,44,1),(170,'EAS Teori',0,44,1),(171,'ETS Praktek',0,44,1),(172,'ETS Teori',0,44,1),(173,'Lain-lain Praktek',0,44,1),(174,'Lain-lain Teori',0,44,1),(175,'EAS Praktek',0,45,1),(176,'EAS Teori',0,45,1),(177,'ETS Praktek',0,45,1),(178,'ETS Teori',0,45,1),(179,'Lain-lain Praktek',0,45,1),(180,'Lain-lain Teori',0,45,1),(181,'EAS Praktek',0,46,1),(182,'EAS Teori',0,46,1),(183,'ETS Praktek',0,46,1),(184,'ETS Teori',0,46,1),(185,'Lain-lain Praktek',0,46,1),(186,'Lain-lain Teori',0,46,1),(187,'EAS Praktek',0,47,1),(188,'EAS Teori',0,47,1),(189,'ETS Praktek',0,47,1),(190,'ETS Teori',0,47,1),(191,'Lain-lain Praktek',0,47,1),(192,'Lain-lain Teori',0,47,1),(193,'EAS Praktek',0,48,1),(194,'EAS Teori',0,48,1),(195,'ETS Praktek',0,48,1),(196,'ETS Teori',0,48,1),(197,'Lain-lain Praktek',0,48,1),(198,'Lain-lain Teori',0,48,1),(199,'EAS Praktek',0,49,1),(200,'EAS Teori',0,49,1),(201,'ETS Praktek',0,49,1),(202,'ETS Teori',0,49,1),(203,'Lain-lain Praktek',0,49,1),(204,'Lain-lain Teori',0,49,1),(205,'EAS Praktek',0,50,1),(206,'EAS Teori',0,50,1),(207,'ETS Praktek',0,50,1),(208,'ETS Teori',0,50,1),(209,'Lain-lain Praktek',0,50,1),(210,'Lain-lain Teori',0,50,1),(211,'EAS Praktek',0,51,1),(212,'EAS Teori',0,51,1),(213,'ETS Praktek',0,51,1),(214,'ETS Teori',0,51,1),(215,'Lain-lain Praktek',0,51,1),(216,'Lain-lain Teori',0,51,1),(217,'EAS Praktek',0,52,1),(218,'EAS Teori',0,52,1),(219,'ETS Praktek',0,52,1),(220,'ETS Teori',0,52,1),(221,'Lain-lain Praktek',0,52,1),(222,'Lain-lain Teori',0,52,1);
/*!40000 ALTER TABLE `component_course` ENABLE KEYS */;
UNLOCK TABLES;

--
-- Table structure for table `course_form`
--

DROP TABLE IF EXISTS `course_form`;
/*!40101 SET @saved_cs_client     = @@character_set_client */;
/*!40101 SET character_set_client = utf8 */;
CREATE TABLE `course_form` (
  `id` int(11) NOT NULL AUTO_INCREMENT,
  `name` varchar(255) NOT NULL,
  `is_deleted` tinyint(1) NOT NULL DEFAULT 0,
  `prodi_id` int(11) DEFAULT NULL,
  `kode` varchar(100) NOT NULL,
  `tahun_ajaran_start` int(11) DEFAULT NULL,
  `tahun_ajaran_end` int(11) DEFAULT NULL,
  `sks` int(11) DEFAULT NULL,
  `is_finalization` tinyint(1) DEFAULT 0,
  PRIMARY KEY (`id`)
) ENGINE=InnoDB AUTO_INCREMENT=53 DEFAULT CHARSET=utf8 COLLATE=utf8_unicode_ci;
/*!40101 SET character_set_client = @saved_cs_client */;

--
-- Dumping data for table `course_form`
--

LOCK TABLES `course_form` WRITE;
/*!40000 ALTER TABLE `course_form` DISABLE KEYS */;
INSERT INTO `course_form` VALUES (16,'Mata Kuliah PKL 1',0,1,'PKL-01',2023,2024,2,0),(17,'Mata Kuliah PKL 2',0,1,'PKL-02',2023,2024,2,0),(18,'Mata Kuliah PKL 3',0,1,'PKL-03',2023,2024,3,0),(19,'Mata Kuliah PKL 4',0,1,'PKL-04',2023,2024,4,0),(20,'Mata Kuliah PKL 5',0,1,'PKL-05',2023,2024,2,0),(21,'Mata Kuliah KP 1',0,0,'KP-01',2023,2024,2,0),(22,'Mata Kuliah KP 2',0,0,'KP-02',2023,2024,2,0),(23,'Mata Kuliah KP 3',0,0,'KP-03',2023,2024,4,0),(24,'Mata Kuliah KP 4',0,0,'KP-04',2023,2024,4,0),(25,'Mata Kuliah KP 5',0,0,'KP-05',2023,2024,3,0),(27,'Mata Kuliah KP 7',0,0,'KP-07',NULL,2024,2,0),(28,'tes',1,0,'MK-X',2023,2023,2,0),(29,'tes 2',1,1,'MK-X1',2023,2023,NULL,0),(30,'tes a',1,0,'xxxxxx',2023,2023,0,0),(31,'tes y',1,1,'xxxxx',2023,2023,3,0),(32,'tes',1,0,'xxxx',2023,2023,6,0),(33,'tes',1,0,'xxxxx',2023,2023,4,0),(34,'tes 2',1,1,'xxx',2023,2023,4,0),(35,'tes ea',0,0,'yyeu',NULL,2026,10,0),(36,'tes 1',1,1,'yy',2023,2023,2,0),(37,'tes 99+',1,0,'xxxxx',2023,2023,48,0),(38,'tes 1000',1,1,'xxxx',2023,2023,4,0),(39,'Kerja Praktek Nich',0,0,'XXXXXX',NULL,2024,99,0),(40,'Check',1,0,'XXXX',2023,2023,45,0),(41,'kp nich',0,0,'xxxx',NULL,2023,99,0),(42,'kok ilang',0,0,'xxxx',NULL,2029,6,0),(43,'kenapa ini ga muncul ):',1,0,'xxxx',2023,2023,4,0),(44,'KP',0,1,'XXXXX',2024,2025,1,0),(45,'Ga bikin stress',0,0,'XXXX',NULL,2024,99,0),(46,'Cek',0,0,'XXXX',NULL,2024,4,0),(47,'KP',0,0,'XXXY',NULL,NULL,4,0),(48,'KP',0,1,'XXXX',2023,2024,4,0),(49,'KP 2',1,1,'XXX',2023,2024,0,0),(50,'Matkul KP',0,0,'xxx',2023,2024,2,0),(51,'CEK',1,0,'XXXX',2023,2024,0,0),(52,'Cek',1,0,'XXXX',2023,2024,3,0);
/*!40000 ALTER TABLE `course_form` ENABLE KEYS */;
UNLOCK TABLES;

--
-- Table structure for table `course_values`
--

DROP TABLE IF EXISTS `course_values`;
/*!40101 SET @saved_cs_client     = @@character_set_client */;
/*!40101 SET character_set_client = utf8 */;
CREATE TABLE `course_values` (
  `id` int(11) NOT NULL AUTO_INCREMENT,
  `value` float DEFAULT NULL,
  `criteria_id` int(11) DEFAULT NULL,
  `mentor_values_id` int(11) DEFAULT NULL,
  `self_assessment_values_id` int(11) DEFAULT NULL,
  `seminar_values_id` int(11) DEFAULT NULL,
  `industry_values_id` int(11) DEFAULT NULL,
  `participant_id` int(11) DEFAULT NULL,
  `created_date` date NOT NULL,
  PRIMARY KEY (`id`),
  KEY `industry_values_id` (`industry_values_id`),
  KEY `course_values_ibfk_5` (`participant_id`),
  KEY `course_values_FK_1` (`criteria_id`),
  CONSTRAINT `course_values_FK_1` FOREIGN KEY (`criteria_id`) REFERENCES `criteria_component_course` (`id`),
  CONSTRAINT `course_values_ibfk_4` FOREIGN KEY (`industry_values_id`) REFERENCES `valuation` (`id`),
  CONSTRAINT `course_values_ibfk_5` FOREIGN KEY (`participant_id`) REFERENCES `participant` (`id`)
) ENGINE=InnoDB AUTO_INCREMENT=139 DEFAULT CHARSET=utf8 COLLATE=utf8_unicode_ci;
/*!40101 SET character_set_client = @saved_cs_client */;

--
-- Dumping data for table `course_values`
--

LOCK TABLES `course_values` WRITE;
/*!40000 ALTER TABLE `course_values` DISABLE KEYS */;
INSERT INTO `course_values` VALUES (109,75,33,NULL,NULL,NULL,28,191511071,'2023-06-07'),(110,83,34,NULL,NULL,NULL,29,191511071,'2023-06-07'),(111,83,35,10,NULL,NULL,NULL,191511071,'2023-06-07'),(112,83,17,NULL,NULL,NULL,29,191511071,'2023-06-07'),(113,88,18,NULL,NULL,NULL,34,191511071,'2023-06-07'),(114,79,19,NULL,NULL,NULL,32,191511071,'2023-06-07'),(115,88,38,NULL,55,NULL,NULL,191511071,'2023-06-07'),(116,71,39,NULL,272,NULL,NULL,191511071,'2023-06-07'),(117,74,33,NULL,NULL,NULL,37,191511072,'2023-06-07'),(118,83,34,NULL,NULL,NULL,38,191511072,'2023-06-07'),(119,78,35,13,NULL,NULL,NULL,191511072,'2023-06-07'),(120,83,17,NULL,NULL,NULL,38,191511072,'2023-06-07'),(121,71,18,NULL,NULL,NULL,43,191511072,'2023-06-07'),(122,84,19,NULL,NULL,NULL,41,191511072,'2023-06-07'),(123,95,38,NULL,73,NULL,NULL,191511072,'2023-06-07'),(124,75,39,NULL,290,NULL,NULL,191511072,'2023-06-07'),(125,74,33,NULL,NULL,NULL,46,191511073,'2023-06-07'),(126,80,34,NULL,NULL,NULL,47,191511073,'2023-06-07'),(127,90,35,16,NULL,NULL,NULL,191511073,'2023-06-07'),(128,80,17,NULL,NULL,NULL,47,191511073,'2023-06-07'),(129,75,18,NULL,NULL,NULL,52,191511073,'2023-06-07'),(130,80,19,NULL,NULL,NULL,50,191511073,'2023-06-07'),(131,89,38,NULL,91,NULL,NULL,191511073,'2023-06-07'),(132,85,39,NULL,308,NULL,NULL,191511073,'2023-06-07'),(133,7,29,NULL,NULL,21,NULL,191511066,'2023-06-14'),(134,87,43,NULL,125,NULL,NULL,191511066,'2023-06-14'),(135,87,29,NULL,NULL,48,NULL,191511067,'2023-06-14'),(136,84,43,NULL,143,NULL,NULL,191511067,'2023-06-14'),(137,86,29,NULL,NULL,57,NULL,191511068,'2023-06-14'),(138,74,43,NULL,161,NULL,NULL,191511068,'2023-06-14');
/*!40000 ALTER TABLE `course_values` ENABLE KEYS */;
UNLOCK TABLES;

--
-- Table structure for table `criteria_component_course`
--

DROP TABLE IF EXISTS `criteria_component_course`;
/*!40101 SET @saved_cs_client     = @@character_set_client */;
/*!40101 SET character_set_client = utf8 */;
CREATE TABLE `criteria_component_course` (
  `id` int(11) NOT NULL AUTO_INCREMENT,
  `name_form` varchar(255) NOT NULL,
  `bobot_criteria` int(11) DEFAULT 100,
  `component_id` int(11) NOT NULL,
  `industry_criteria_id` int(11) DEFAULT NULL,
  `seminar_criteria_id` int(11) DEFAULT NULL,
  `self_assessment_criteria_id` int(11) DEFAULT NULL,
  `supervisor_criteria_id` int(11) DEFAULT NULL,
  `type_form` varchar(100) DEFAULT NULL,
  `is_deleted` tinyint(1) NOT NULL DEFAULT 0,
  PRIMARY KEY (`id`),
  KEY `component_id` (`component_id`),
  KEY `industry_criteria_id` (`industry_criteria_id`),
  KEY `seminar_criteria_id` (`seminar_criteria_id`),
  KEY `self_assesment_criteria_id` (`self_assessment_criteria_id`),
  KEY `mentor_criteria_id` (`supervisor_criteria_id`),
  CONSTRAINT `criteria_component_course_ibfk_1` FOREIGN KEY (`component_id`) REFERENCES `component_course` (`id`),
  CONSTRAINT `criteria_component_course_ibfk_2` FOREIGN KEY (`industry_criteria_id`) REFERENCES `assessment_aspect` (`id`),
  CONSTRAINT `criteria_component_course_ibfk_3` FOREIGN KEY (`seminar_criteria_id`) REFERENCES `seminar_criteria` (`id`),
  CONSTRAINT `criteria_component_course_ibfk_4` FOREIGN KEY (`self_assessment_criteria_id`) REFERENCES `self_assessment_aspect` (`id`),
  CONSTRAINT `criteria_component_course_ibfk_5` FOREIGN KEY (`supervisor_criteria_id`) REFERENCES `supervisor_grade_aspect` (`id`)
) ENGINE=InnoDB AUTO_INCREMENT=57 DEFAULT CHARSET=utf8 COLLATE=utf8_unicode_ci;
/*!40101 SET character_set_client = @saved_cs_client */;

--
-- Dumping data for table `criteria_component_course`
--

LOCK TABLES `criteria_component_course` WRITE;
/*!40000 ALTER TABLE `criteria_component_course` DISABLE KEYS */;
INSERT INTO `criteria_component_course` VALUES (17,'Industri',100,3,11,NULL,NULL,NULL,'Industri 1',0),(18,'Industri',100,3,16,NULL,NULL,NULL,'Industri 1',0),(19,'Industri',100,3,14,NULL,NULL,NULL,'Industri 1',0),(27,'Pembimbing',100,9,NULL,NULL,NULL,3,'Pembimbing',0),(28,'Pembimbing',100,9,NULL,NULL,NULL,1,'Pembimbing',0),(29,'Seminar',100,8,NULL,14,NULL,NULL,'2',0),(33,'Industri',100,1,10,NULL,NULL,NULL,'Industri 1',0),(34,'Industri',100,1,11,NULL,NULL,NULL,'Industri 1',0),(35,'Pembimbing',100,1,NULL,NULL,NULL,1,'Phase 1',0),(38,'Self Assessment',100,5,NULL,NULL,1,NULL,'Minggu 1',0),(39,'Self Assessment',100,5,NULL,NULL,2,NULL,'Minggu 3',0),(40,'Industri',100,7,19,NULL,NULL,NULL,'Industri 2',0),(41,'Industri',100,7,21,NULL,NULL,NULL,'Industri 2',0),(42,'Industri',100,7,23,NULL,NULL,NULL,'Industri 2',0),(43,'Self Assessment',100,11,NULL,NULL,17,NULL,'Minggu 2',0),(56,'test',100,12,40,NULL,NULL,NULL,'tweedsds',1);
/*!40000 ALTER TABLE `criteria_component_course` ENABLE KEYS */;
UNLOCK TABLES;

--
-- Table structure for table `evaluation`
--

DROP TABLE IF EXISTS `evaluation`;
/*!40101 SET @saved_cs_client     = @@character_set_client */;
/*!40101 SET character_set_client = utf8 */;
CREATE TABLE `evaluation` (
  `id` int(11) NOT NULL AUTO_INCREMENT,
  `comment` varchar(255) DEFAULT NULL,
  `year` int(11) NOT NULL,
  `num_evaluation` int(11) NOT NULL,
  `status` tinyint(1) NOT NULL,
  `position` varchar(255) DEFAULT NULL,
  `prodi_id` int(11) NOT NULL,
  `company_id` int(11) NOT NULL,
  `participant_id` int(11) NOT NULL,
  PRIMARY KEY (`id`),
  KEY `evaluation_FK` (`company_id`),
  KEY `evaluation_FK_1` (`participant_id`),
  CONSTRAINT `evaluation_FK` FOREIGN KEY (`company_id`) REFERENCES `company` (`id`),
  CONSTRAINT `evaluation_FK_1` FOREIGN KEY (`participant_id`) REFERENCES `participant` (`id`)
) ENGINE=InnoDB AUTO_INCREMENT=49 DEFAULT CHARSET=utf8 COLLATE=utf8_unicode_ci COMMENT='replika, industri';
/*!40101 SET character_set_client = @saved_cs_client */;

--
-- Dumping data for table `evaluation`
--

LOCK TABLES `evaluation` WRITE;
/*!40000 ALTER TABLE `evaluation` DISABLE KEYS */;
INSERT INTO `evaluation` VALUES (1,'bagus bagus',2023,1,1,'BE',0,30,191511066),(2,'example comment',2023,1,1,'FE',0,30,191511067),(3,'example comment',2023,1,1,'BE',1,34,191511071),(4,'example comment',2023,2,1,'BE',1,34,191511071),(5,'example comment',2023,3,1,'BE',1,34,191511071),(10,'example comment',2023,1,1,'BE',0,31,191511068),(19,'example comment',2023,1,1,'BE',1,39,191511072),(20,'example comment',2023,2,1,'BE',1,39,191511072),(21,'example comment',2023,3,1,'BE',1,39,191511072),(22,'example comment',2023,1,1,'BE',1,34,191511073),(23,'example comment',2023,2,1,'BE',1,34,191511073),(24,'example comment',2023,3,1,'BE',1,34,191511073),(31,'example comment',2024,1,1,'BE',0,34,191511076),(32,'example comment',2024,1,1,'BE',0,37,191511077),(33,'example comment',2024,1,1,'FE',1,32,191511078),(34,'example comment',2024,2,1,'FE',1,32,191511078),(35,'example comment',2024,3,1,'FE',1,32,191511078),(36,'example comment',2024,1,1,'BE',1,39,191511079),(37,'example comment',2024,2,1,'BE',1,39,191511079),(38,'example comment',2024,3,1,'BE',1,39,191511079),(48,'bagus bagus',2023,1,1,'BE',0,44,181524012);
/*!40000 ALTER TABLE `evaluation` ENABLE KEYS */;
UNLOCK TABLES;

--
-- Table structure for table `evaluation_form`
--

DROP TABLE IF EXISTS `evaluation_form`;
/*!40101 SET @saved_cs_client     = @@character_set_client */;
/*!40101 SET character_set_client = utf8 */;
CREATE TABLE `evaluation_form` (
  `id` int(11) NOT NULL AUTO_INCREMENT,
  `prodi_id` int(11) NOT NULL,
  `num_evaluation` int(11) NOT NULL,
  PRIMARY KEY (`id`)
) ENGINE=InnoDB AUTO_INCREMENT=5 DEFAULT CHARSET=utf8 COLLATE=utf8_unicode_ci COMMENT='replika, industri';
/*!40101 SET character_set_client = @saved_cs_client */;

--
-- Dumping data for table `evaluation_form`
--

LOCK TABLES `evaluation_form` WRITE;
/*!40000 ALTER TABLE `evaluation_form` DISABLE KEYS */;
INSERT INTO `evaluation_form` VALUES (1,0,1),(2,1,1),(3,1,2),(4,1,3);
/*!40000 ALTER TABLE `evaluation_form` ENABLE KEYS */;
UNLOCK TABLES;

--
-- Table structure for table `event_store`
--

DROP TABLE IF EXISTS `event_store`;
/*!40101 SET @saved_cs_client     = @@character_set_client */;
/*!40101 SET character_set_client = utf8 */;
CREATE TABLE `event_store` (
  `id` bigint(20) NOT NULL AUTO_INCREMENT,
  `entity_id` varchar(255) NOT NULL,
  `event_data` longtext CHARACTER SET utf8mb4 COLLATE utf8mb4_bin NOT NULL CHECK (json_valid(`event_data`)),
  `event_time` datetime NOT NULL,
  `event_type` varchar(255) NOT NULL,
  `event_data_id` int(11) NOT NULL,
  PRIMARY KEY (`id`)
) ENGINE=InnoDB AUTO_INCREMENT=1217 DEFAULT CHARSET=utf8mb4 COLLATE=utf8mb4_general_ci;
/*!40101 SET character_set_client = @saved_cs_client */;

--
-- Dumping data for table `event_store`
--

LOCK TABLES `event_store` WRITE;
/*!40000 ALTER TABLE `event_store` DISABLE KEYS */;
INSERT INTO `event_store` VALUES (1,'seminar_criteria','{\"id\":12,\"criteriaName\":\"Presentasi\",\"criteriaBobot\":0.0,\"isDeleted\":0,\"isSelected\":0}','2022-04-30 02:11:31','SEMINAR_CRITERIA_ADDED',12),(2,'seminar_criteria','{\"id\":13,\"criteriaName\":\"Hasil Pelaksanaan PKL atau KP\",\"criteriaBobot\":0.0,\"isDeleted\":0,\"isSelected\":0}','2022-04-30 02:13:57','SEMINAR_CRITERIA_ADDED',13),(3,'seminar_criteria','{\"id\":14,\"criteriaName\":\"Penguasaan Materi dalam Tanya Jawab\",\"criteriaBobot\":0.0,\"isDeleted\":0,\"isSelected\":0}','2022-04-30 02:14:17','SEMINAR_CRITERIA_ADDED',14),(4,'seminar_criteria','{\"id\":12,\"criteriaName\":\"Presentasi\",\"criteriaBobot\":10.0,\"isDeleted\":0,\"isSelected\":1}','2022-04-30 02:18:03','SEMINAR_CRITERIA_UPDATE',12),(5,'seminar_criteria','{\"id\":13,\"criteriaName\":\"Hasil Pelaksanaan PKL atau KP\",\"criteriaBobot\":70.0,\"isDeleted\":0,\"isSelected\":1}','2022-04-30 02:20:59','SEMINAR_CRITERIA_UPDATE',13),(6,'seminar_criteria','{\"id\":14,\"criteriaName\":\"Penguasaan Materi dalam Tanya Jawab\",\"criteriaBobot\":20.0,\"isDeleted\":0,\"isSelected\":1}','2022-04-30 02:21:05','SEMINAR_CRITERIA_UPDATE',14),(7,'seminar_criteria','{\"id\":12,\"criteriaName\":\"Presentasi\",\"criteriaBobot\":15.0,\"isDeleted\":0,\"isSelected\":1}','2022-04-30 02:27:42','SEMINAR_CRITERIA_UPDATE',12),(8,'seminar_criteria','{\"id\":13,\"criteriaName\":\"Hasil Pelaksanaan PKL atau KP\",\"criteriaBobot\":65.0,\"isDeleted\":0,\"isSelected\":1}','2022-04-30 02:27:50','SEMINAR_CRITERIA_UPDATE',13),(9,'seminar_criteria','{\"id\":13,\"criteriaName\":\"Hasil Pelaksanaan PKL atau KP\",\"criteriaBobot\":70.0,\"isDeleted\":0,\"isSelected\":1}','2023-04-30 02:32:44','SEMINAR_CRITERIA_UPDATE',13),(10,'seminar_criteria','{\"id\":12,\"criteriaName\":\"Presentasi\",\"criteriaBobot\":10.0,\"isDeleted\":0,\"isSelected\":1}','2023-04-30 02:32:53','SEMINAR_CRITERIA_UPDATE',12),(24,'component_course','{\"id\":1,\"name\":\"EAS Praktek\",\"bobotComponent\":0,\"courseId\":16,\"isAverage\":0}','2023-05-01 19:27:02','COMPONENT_COURSE_ADDED',1),(25,'component_course','{\"id\":2,\"name\":\"EAS Teori\",\"bobotComponent\":0,\"courseId\":16,\"isAverage\":0}','2023-05-01 19:27:02','COMPONENT_COURSE_ADDED',2),(26,'component_course','{\"id\":3,\"name\":\"ETS Praktek\",\"bobotComponent\":0,\"courseId\":16,\"isAverage\":0}','2023-05-01 19:27:02','COMPONENT_COURSE_ADDED',3),(27,'component_course','{\"id\":4,\"name\":\"ETS Teori\",\"bobotComponent\":0,\"courseId\":16,\"isAverage\":0}','2023-05-01 19:27:02','COMPONENT_COURSE_ADDED',4),(28,'component_course','{\"id\":5,\"name\":\"Lain-lain Praktek\",\"bobotComponent\":0,\"courseId\":16,\"isAverage\":0}','2023-05-01 19:27:02','COMPONENT_COURSE_ADDED',5),(29,'component_course','{\"id\":6,\"name\":\"Lain-lain Teori\",\"bobotComponent\":0,\"courseId\":16,\"isAverage\":0}','2023-05-01 19:27:02','COMPONENT_COURSE_ADDED',6),(30,'course_form','{\"id\":16,\"isDeleted\":0,\"prodiId\":1,\"kode\":\"PKL-01\",\"name\":\"Mata Kuliah PKL 1\",\"tahunAjaranStart\":2023,\"tahunAjaranEnd\":2024,\"sks\":5}','2023-05-01 19:27:02','COURSE_FORM_ADDED',16),(31,'component_course','{\"id\":7,\"name\":\"EAS Praktek\",\"bobotComponent\":0,\"courseId\":17,\"isAverage\":0}','2023-05-01 19:29:19','COMPONENT_COURSE_ADDED',7),(32,'component_course','{\"id\":8,\"name\":\"EAS Teori\",\"bobotComponent\":0,\"courseId\":17,\"isAverage\":0}','2023-05-01 19:29:19','COMPONENT_COURSE_ADDED',8),(33,'component_course','{\"id\":9,\"name\":\"ETS Praktek\",\"bobotComponent\":0,\"courseId\":17,\"isAverage\":0}','2023-05-01 19:29:19','COMPONENT_COURSE_ADDED',9),(34,'component_course','{\"id\":10,\"name\":\"ETS Teori\",\"bobotComponent\":0,\"courseId\":17,\"isAverage\":0}','2023-05-01 19:29:19','COMPONENT_COURSE_ADDED',10),(35,'component_course','{\"id\":11,\"name\":\"Lain-lain Praktek\",\"bobotComponent\":0,\"courseId\":17,\"isAverage\":0}','2023-05-01 19:29:19','COMPONENT_COURSE_ADDED',11),(36,'component_course','{\"id\":12,\"name\":\"Lain-lain Teori\",\"bobotComponent\":0,\"courseId\":17,\"isAverage\":0}','2023-05-01 19:29:19','COMPONENT_COURSE_ADDED',12),(37,'course_form','{\"id\":17,\"isDeleted\":0,\"prodiId\":1,\"kode\":\"PKL-02\",\"name\":\"Mata Kuliah PKL 1\",\"tahunAjaranStart\":2023,\"tahunAjaranEnd\":2024,\"sks\":2}','2023-05-01 19:29:19','COURSE_FORM_ADDED',17),(38,'component_course','{\"id\":13,\"name\":\"EAS Praktek\",\"bobotComponent\":0,\"courseId\":18,\"isAverage\":0}','2023-05-01 19:29:28','COMPONENT_COURSE_ADDED',13),(39,'component_course','{\"id\":14,\"name\":\"EAS Teori\",\"bobotComponent\":0,\"courseId\":18,\"isAverage\":0}','2023-05-01 19:29:28','COMPONENT_COURSE_ADDED',14),(40,'component_course','{\"id\":15,\"name\":\"ETS Praktek\",\"bobotComponent\":0,\"courseId\":18,\"isAverage\":0}','2023-05-01 19:29:28','COMPONENT_COURSE_ADDED',15),(41,'component_course','{\"id\":16,\"name\":\"ETS Teori\",\"bobotComponent\":0,\"courseId\":18,\"isAverage\":0}','2023-05-01 19:29:28','COMPONENT_COURSE_ADDED',16),(42,'component_course','{\"id\":17,\"name\":\"Lain-lain Praktek\",\"bobotComponent\":0,\"courseId\":18,\"isAverage\":0}','2023-05-01 19:29:28','COMPONENT_COURSE_ADDED',17),(43,'component_course','{\"id\":18,\"name\":\"Lain-lain Teori\",\"bobotComponent\":0,\"courseId\":18,\"isAverage\":0}','2023-05-01 19:29:28','COMPONENT_COURSE_ADDED',18),(44,'course_form','{\"id\":18,\"isDeleted\":0,\"prodiId\":1,\"kode\":\"PKL-03\",\"name\":\"Mata Kuliah PKL 3\",\"tahunAjaranStart\":2023,\"tahunAjaranEnd\":2024,\"sks\":3}','2023-05-01 19:29:28','COURSE_FORM_ADDED',18),(45,'component_course','{\"id\":19,\"name\":\"EAS Praktek\",\"bobotComponent\":0,\"courseId\":19,\"isAverage\":0}','2023-05-01 19:29:40','COMPONENT_COURSE_ADDED',19),(46,'component_course','{\"id\":20,\"name\":\"EAS Teori\",\"bobotComponent\":0,\"courseId\":19,\"isAverage\":0}','2023-05-01 19:29:40','COMPONENT_COURSE_ADDED',20),(47,'component_course','{\"id\":21,\"name\":\"ETS Praktek\",\"bobotComponent\":0,\"courseId\":19,\"isAverage\":0}','2023-05-01 19:29:40','COMPONENT_COURSE_ADDED',21),(48,'component_course','{\"id\":22,\"name\":\"ETS Teori\",\"bobotComponent\":0,\"courseId\":19,\"isAverage\":0}','2023-05-01 19:29:40','COMPONENT_COURSE_ADDED',22),(49,'component_course','{\"id\":23,\"name\":\"Lain-lain Praktek\",\"bobotComponent\":0,\"courseId\":19,\"isAverage\":0}','2023-05-01 19:29:40','COMPONENT_COURSE_ADDED',23),(50,'component_course','{\"id\":24,\"name\":\"Lain-lain Teori\",\"bobotComponent\":0,\"courseId\":19,\"isAverage\":0}','2023-05-01 19:29:40','COMPONENT_COURSE_ADDED',24),(51,'course_form','{\"id\":19,\"isDeleted\":0,\"prodiId\":1,\"kode\":\"PKL-04\",\"name\":\"Mata Kuliah PKL 4\",\"tahunAjaranStart\":2023,\"tahunAjaranEnd\":2024,\"sks\":4}','2023-05-01 19:29:40','COURSE_FORM_ADDED',19),(52,'component_course','{\"id\":25,\"name\":\"EAS Praktek\",\"bobotComponent\":0,\"courseId\":20,\"isAverage\":0}','2023-05-01 19:29:50','COMPONENT_COURSE_ADDED',25),(53,'component_course','{\"id\":26,\"name\":\"EAS Teori\",\"bobotComponent\":0,\"courseId\":20,\"isAverage\":0}','2023-05-01 19:29:51','COMPONENT_COURSE_ADDED',26),(54,'component_course','{\"id\":27,\"name\":\"ETS Praktek\",\"bobotComponent\":0,\"courseId\":20,\"isAverage\":0}','2023-05-01 19:29:51','COMPONENT_COURSE_ADDED',27),(55,'component_course','{\"id\":28,\"name\":\"ETS Teori\",\"bobotComponent\":0,\"courseId\":20,\"isAverage\":0}','2023-05-01 19:29:51','COMPONENT_COURSE_ADDED',28),(56,'component_course','{\"id\":29,\"name\":\"Lain-lain Praktek\",\"bobotComponent\":0,\"courseId\":20,\"isAverage\":0}','2023-05-01 19:29:51','COMPONENT_COURSE_ADDED',29),(57,'component_course','{\"id\":30,\"name\":\"Lain-lain Teori\",\"bobotComponent\":0,\"courseId\":20,\"isAverage\":0}','2023-05-01 19:29:51','COMPONENT_COURSE_ADDED',30),(58,'course_form','{\"id\":20,\"isDeleted\":0,\"prodiId\":1,\"kode\":\"PKL-05\",\"name\":\"Mata Kuliah PKL 5\",\"tahunAjaranStart\":2023,\"tahunAjaranEnd\":2024,\"sks\":2}','2023-05-01 19:29:51','COURSE_FORM_ADDED',20),(59,'component_course','{\"id\":31,\"name\":\"EAS Praktek\",\"bobotComponent\":0,\"courseId\":21,\"isAverage\":0}','2023-05-01 19:31:10','COMPONENT_COURSE_ADDED',31),(60,'component_course','{\"id\":32,\"name\":\"EAS Teori\",\"bobotComponent\":0,\"courseId\":21,\"isAverage\":0}','2023-05-01 19:31:10','COMPONENT_COURSE_ADDED',32),(61,'component_course','{\"id\":33,\"name\":\"ETS Praktek\",\"bobotComponent\":0,\"courseId\":21,\"isAverage\":0}','2023-05-01 19:31:10','COMPONENT_COURSE_ADDED',33),(62,'component_course','{\"id\":34,\"name\":\"ETS Teori\",\"bobotComponent\":0,\"courseId\":21,\"isAverage\":0}','2023-05-01 19:31:10','COMPONENT_COURSE_ADDED',34),(63,'component_course','{\"id\":35,\"name\":\"Lain-lain Praktek\",\"bobotComponent\":0,\"courseId\":21,\"isAverage\":0}','2023-05-01 19:31:10','COMPONENT_COURSE_ADDED',35),(64,'component_course','{\"id\":36,\"name\":\"Lain-lain Teori\",\"bobotComponent\":0,\"courseId\":21,\"isAverage\":0}','2023-05-01 19:31:10','COMPONENT_COURSE_ADDED',36),(65,'course_form','{\"id\":21,\"isDeleted\":0,\"prodiId\":0,\"kode\":\"KP-01\",\"name\":\"Mata Kuliah KP 1\",\"tahunAjaranStart\":2023,\"tahunAjaranEnd\":2024,\"sks\":2}','2023-05-01 19:31:10','COURSE_FORM_ADDED',21),(66,'component_course','{\"id\":37,\"name\":\"EAS Praktek\",\"bobotComponent\":0,\"courseId\":22,\"isAverage\":0}','2023-05-01 19:31:17','COMPONENT_COURSE_ADDED',37),(67,'component_course','{\"id\":38,\"name\":\"EAS Teori\",\"bobotComponent\":0,\"courseId\":22,\"isAverage\":0}','2023-05-01 19:31:17','COMPONENT_COURSE_ADDED',38),(68,'component_course','{\"id\":39,\"name\":\"ETS Praktek\",\"bobotComponent\":0,\"courseId\":22,\"isAverage\":0}','2023-05-01 19:31:17','COMPONENT_COURSE_ADDED',39),(69,'component_course','{\"id\":40,\"name\":\"ETS Teori\",\"bobotComponent\":0,\"courseId\":22,\"isAverage\":0}','2023-05-01 19:31:17','COMPONENT_COURSE_ADDED',40),(70,'component_course','{\"id\":41,\"name\":\"Lain-lain Praktek\",\"bobotComponent\":0,\"courseId\":22,\"isAverage\":0}','2023-05-01 19:31:17','COMPONENT_COURSE_ADDED',41),(71,'component_course','{\"id\":42,\"name\":\"Lain-lain Teori\",\"bobotComponent\":0,\"courseId\":22,\"isAverage\":0}','2023-05-01 19:31:17','COMPONENT_COURSE_ADDED',42),(72,'course_form','{\"id\":22,\"isDeleted\":0,\"prodiId\":0,\"kode\":\"KP-02\",\"name\":\"Mata Kuliah KP 2\",\"tahunAjaranStart\":2023,\"tahunAjaranEnd\":2024,\"sks\":2}','2023-05-01 19:31:17','COURSE_FORM_ADDED',22),(73,'component_course','{\"id\":43,\"name\":\"EAS Praktek\",\"bobotComponent\":0,\"courseId\":23,\"isAverage\":0}','2023-05-01 19:31:24','COMPONENT_COURSE_ADDED',43),(74,'component_course','{\"id\":44,\"name\":\"EAS Teori\",\"bobotComponent\":0,\"courseId\":23,\"isAverage\":0}','2023-05-01 19:31:24','COMPONENT_COURSE_ADDED',44),(75,'component_course','{\"id\":45,\"name\":\"ETS Praktek\",\"bobotComponent\":0,\"courseId\":23,\"isAverage\":0}','2023-05-01 19:31:24','COMPONENT_COURSE_ADDED',45),(76,'component_course','{\"id\":46,\"name\":\"ETS Teori\",\"bobotComponent\":0,\"courseId\":23,\"isAverage\":0}','2023-05-01 19:31:24','COMPONENT_COURSE_ADDED',46),(77,'component_course','{\"id\":47,\"name\":\"Lain-lain Praktek\",\"bobotComponent\":0,\"courseId\":23,\"isAverage\":0}','2023-05-01 19:31:24','COMPONENT_COURSE_ADDED',47),(78,'component_course','{\"id\":48,\"name\":\"Lain-lain Teori\",\"bobotComponent\":0,\"courseId\":23,\"isAverage\":0}','2023-05-01 19:31:24','COMPONENT_COURSE_ADDED',48),(79,'course_form','{\"id\":23,\"isDeleted\":0,\"prodiId\":0,\"kode\":\"KP-03\",\"name\":\"Mata Kuliah KP 3\",\"tahunAjaranStart\":2023,\"tahunAjaranEnd\":2024,\"sks\":4}','2023-05-01 19:31:24','COURSE_FORM_ADDED',23),(80,'component_course','{\"id\":49,\"name\":\"EAS Praktek\",\"bobotComponent\":0,\"courseId\":24,\"isAverage\":0}','2023-05-01 19:31:31','COMPONENT_COURSE_ADDED',49),(81,'component_course','{\"id\":50,\"name\":\"EAS Teori\",\"bobotComponent\":0,\"courseId\":24,\"isAverage\":0}','2023-05-01 19:31:31','COMPONENT_COURSE_ADDED',50),(82,'component_course','{\"id\":51,\"name\":\"ETS Praktek\",\"bobotComponent\":0,\"courseId\":24,\"isAverage\":0}','2023-05-01 19:31:31','COMPONENT_COURSE_ADDED',51),(83,'component_course','{\"id\":52,\"name\":\"ETS Teori\",\"bobotComponent\":0,\"courseId\":24,\"isAverage\":0}','2023-05-01 19:31:31','COMPONENT_COURSE_ADDED',52),(84,'component_course','{\"id\":53,\"name\":\"Lain-lain Praktek\",\"bobotComponent\":0,\"courseId\":24,\"isAverage\":0}','2023-05-01 19:31:31','COMPONENT_COURSE_ADDED',53),(85,'component_course','{\"id\":54,\"name\":\"Lain-lain Teori\",\"bobotComponent\":0,\"courseId\":24,\"isAverage\":0}','2023-05-01 19:31:31','COMPONENT_COURSE_ADDED',54),(86,'course_form','{\"id\":24,\"isDeleted\":0,\"prodiId\":0,\"kode\":\"KP-04\",\"name\":\"Mata Kuliah KP 4\",\"tahunAjaranStart\":2023,\"tahunAjaranEnd\":2024,\"sks\":4}','2023-05-01 19:31:32','COURSE_FORM_ADDED',24),(87,'component_course','{\"id\":55,\"name\":\"EAS Praktek\",\"bobotComponent\":0,\"courseId\":25,\"isAverage\":0}','2023-05-01 19:31:39','COMPONENT_COURSE_ADDED',55),(88,'component_course','{\"id\":56,\"name\":\"EAS Teori\",\"bobotComponent\":0,\"courseId\":25,\"isAverage\":0}','2023-05-01 19:31:39','COMPONENT_COURSE_ADDED',56),(89,'component_course','{\"id\":57,\"name\":\"ETS Praktek\",\"bobotComponent\":0,\"courseId\":25,\"isAverage\":0}','2023-05-01 19:31:39','COMPONENT_COURSE_ADDED',57),(90,'component_course','{\"id\":58,\"name\":\"ETS Teori\",\"bobotComponent\":0,\"courseId\":25,\"isAverage\":0}','2023-05-01 19:31:39','COMPONENT_COURSE_ADDED',58),(91,'component_course','{\"id\":59,\"name\":\"Lain-lain Praktek\",\"bobotComponent\":0,\"courseId\":25,\"isAverage\":0}','2023-05-01 19:31:39','COMPONENT_COURSE_ADDED',59),(92,'component_course','{\"id\":60,\"name\":\"Lain-lain Teori\",\"bobotComponent\":0,\"courseId\":25,\"isAverage\":0}','2023-05-01 19:31:39','COMPONENT_COURSE_ADDED',60),(93,'course_form','{\"id\":25,\"isDeleted\":0,\"prodiId\":0,\"kode\":\"KP-05\",\"name\":\"Mata Kuliah KP 5\",\"tahunAjaranStart\":2023,\"tahunAjaranEnd\":2024,\"sks\":2}','2023-05-01 19:31:39','COURSE_FORM_ADDED',25),(94,'course_form','{\"id\":17,\"isDeleted\":0,\"prodiId\":1,\"kode\":\"PKL-02\",\"name\":\"Mata Kuliah PKL 2\",\"tahunAjaranStart\":2023,\"tahunAjaranEnd\":2024,\"sks\":2}','2023-05-01 20:49:29','COURSE_FORM_UPDATE',17),(96,'component_course','{\"id\":1,\"name\":\"EAS Praktek\",\"bobotComponent\":20,\"courseId\":16,\"isAverage\":0}','2023-05-02 20:41:48','COMPONENT_COURSE_UPDATE',1),(97,'component_course','{\"id\":2,\"name\":\"EAS Teori\",\"bobotComponent\":0,\"courseId\":16,\"isAverage\":0}','2023-05-02 20:41:48','COMPONENT_COURSE_UPDATE',2),(98,'component_course','{\"id\":3,\"name\":\"ETS Praktek\",\"bobotComponent\":0,\"courseId\":16,\"isAverage\":0}','2023-05-02 20:41:48','COMPONENT_COURSE_UPDATE',3),(99,'component_course','{\"id\":4,\"name\":\"ETS Teori\",\"bobotComponent\":0,\"courseId\":16,\"isAverage\":0}','2023-05-02 20:41:48','COMPONENT_COURSE_UPDATE',4),(100,'component_course','{\"id\":5,\"name\":\"Lain-lain Praktek\",\"bobotComponent\":0,\"courseId\":16,\"isAverage\":0}','2023-05-02 20:41:48','COMPONENT_COURSE_UPDATE',5),(101,'component_course','{\"id\":6,\"name\":\"Lain-lain Teori\",\"bobotComponent\":0,\"courseId\":16,\"isAverage\":0}','2023-05-02 20:41:48','COMPONENT_COURSE_UPDATE',6),(102,'component_course','{\"id\":1,\"name\":\"EAS Praktek\",\"bobotComponent\":0,\"courseId\":16,\"isAverage\":0}','2023-05-02 20:42:40','COMPONENT_COURSE_UPDATE',1),(103,'component_course','{\"id\":2,\"name\":\"EAS Teori\",\"bobotComponent\":0,\"courseId\":16,\"isAverage\":0}','2023-05-02 20:42:40','COMPONENT_COURSE_UPDATE',2),(104,'component_course','{\"id\":3,\"name\":\"ETS Praktek\",\"bobotComponent\":0,\"courseId\":16,\"isAverage\":0}','2023-05-02 20:42:40','COMPONENT_COURSE_UPDATE',3),(105,'component_course','{\"id\":4,\"name\":\"ETS Teori\",\"bobotComponent\":0,\"courseId\":16,\"isAverage\":0}','2023-05-02 20:42:40','COMPONENT_COURSE_UPDATE',4),(106,'component_course','{\"id\":5,\"name\":\"Lain-lain Praktek\",\"bobotComponent\":0,\"courseId\":16,\"isAverage\":0}','2023-05-02 20:42:40','COMPONENT_COURSE_UPDATE',5),(107,'component_course','{\"id\":6,\"name\":\"Lain-lain Teori\",\"bobotComponent\":0,\"courseId\":16,\"isAverage\":0}','2023-05-02 20:42:40','COMPONENT_COURSE_UPDATE',6),(108,'component_course','{\"id\":1,\"name\":\"EAS Praktek\",\"bobotComponent\":50,\"courseId\":16,\"isAverage\":0}','2023-05-04 02:27:09','COMPONENT_COURSE_UPDATE',1),(109,'component_course','{\"id\":2,\"name\":\"EAS Teori\",\"bobotComponent\":50,\"courseId\":16,\"isAverage\":0}','2023-05-04 02:27:09','COMPONENT_COURSE_UPDATE',2),(110,'component_course','{\"id\":3,\"name\":\"ETS Praktek\",\"bobotComponent\":0,\"courseId\":16,\"isAverage\":0}','2023-05-04 02:27:09','COMPONENT_COURSE_UPDATE',3),(111,'component_course','{\"id\":4,\"name\":\"ETS Teori\",\"bobotComponent\":0,\"courseId\":16,\"isAverage\":0}','2023-05-04 02:27:09','COMPONENT_COURSE_UPDATE',4),(112,'component_course','{\"id\":5,\"name\":\"Lain-lain Praktek\",\"bobotComponent\":0,\"courseId\":16,\"isAverage\":0}','2023-05-04 02:27:09','COMPONENT_COURSE_UPDATE',5),(113,'component_course','{\"id\":6,\"name\":\"Lain-lain Teori\",\"bobotComponent\":0,\"courseId\":16,\"isAverage\":0}','2023-05-04 02:27:09','COMPONENT_COURSE_UPDATE',6),(114,'component_course','{\"id\":1,\"name\":\"EAS Praktek\",\"bobotComponent\":50,\"courseId\":16,\"isAverage\":1}','2023-05-04 02:48:11','COMPONENT_COURSE_UPDATE',1),(115,'component_course','{\"id\":2,\"name\":\"EAS Teori\",\"bobotComponent\":50,\"courseId\":16,\"isAverage\":1}','2023-05-04 02:48:11','COMPONENT_COURSE_UPDATE',2),(116,'component_course','{\"id\":3,\"name\":\"ETS Praktek\",\"bobotComponent\":0,\"courseId\":16,\"isAverage\":1}','2023-05-04 02:48:11','COMPONENT_COURSE_UPDATE',3),(117,'component_course','{\"id\":4,\"name\":\"ETS Teori\",\"bobotComponent\":0,\"courseId\":16,\"isAverage\":1}','2023-05-04 02:48:11','COMPONENT_COURSE_UPDATE',4),(118,'component_course','{\"id\":5,\"name\":\"Lain-lain Praktek\",\"bobotComponent\":0,\"courseId\":16,\"isAverage\":1}','2023-05-04 02:48:11','COMPONENT_COURSE_UPDATE',5),(119,'component_course','{\"id\":6,\"name\":\"Lain-lain Teori\",\"bobotComponent\":0,\"courseId\":16,\"isAverage\":1}','2023-05-04 02:48:11','COMPONENT_COURSE_UPDATE',6),(120,'component_course','{\"id\":1,\"name\":\"EAS Praktek\",\"bobotComponent\":50,\"courseId\":16,\"isAverage\":1}','2023-05-04 02:48:51','COMPONENT_COURSE_UPDATE',1),(121,'component_course','{\"id\":1,\"name\":\"EAS Praktek\",\"bobotComponent\":50,\"courseId\":16,\"isAverage\":1}','2023-05-04 02:50:06','COMPONENT_COURSE_UPDATE',1),(122,'criteria_component_course','{\"id\":1,\"nameForm\":\"Industri\",\"typeForm\":\"Industri 1\",\"bobotCriteria\":100,\"componentId\":1,\"industryCriteriaId\":10,\"seminarCriteriaId\":null,\"selfAssessmentCriteriaId\":null,\"supervisorCriteriaId\":null}','2023-05-04 02:59:17','CRITERIA_COMPONENT_COURSE_ADDED',1),(123,'component_course','{\"id\":1,\"name\":\"EAS Praktek\",\"bobotComponent\":50,\"courseId\":16,\"isAverage\":1}','2023-05-04 02:59:17','COMPONENT_COURSE_UPDATE',1),(124,'component_course','{\"id\":1,\"name\":\"EAS Praktek\",\"bobotComponent\":50,\"courseId\":16,\"isAverage\":1}','2023-05-04 03:10:55','COMPONENT_COURSE_UPDATE',1),(125,'component_course','{\"id\":1,\"name\":\"EAS Praktek\",\"bobotComponent\":50,\"courseId\":16,\"isAverage\":1}','2023-05-04 03:12:59','COMPONENT_COURSE_UPDATE',1),(126,'criteria_component_course','{\"id\":1,\"nameForm\":\"Industri\",\"typeForm\":\"Industri 1\",\"bobotCriteria\":100,\"componentId\":1,\"industryCriteriaId\":10,\"seminarCriteriaId\":null,\"selfAssessmentCriteriaId\":null,\"supervisorCriteriaId\":null}','2023-05-04 03:14:37','CRITERIA_COMPONENT_COURSE_DELETE',1),(127,'component_course','{\"id\":1,\"name\":\"EAS Praktek\",\"bobotComponent\":50,\"courseId\":16,\"isAverage\":1}','2023-05-04 03:14:37','COMPONENT_COURSE_UPDATE',1),(128,'criteria_component_course','{\"id\":2,\"nameForm\":\"Industri\",\"typeForm\":\"Industri 1\",\"bobotCriteria\":100,\"componentId\":1,\"industryCriteriaId\":10,\"seminarCriteriaId\":null,\"selfAssessmentCriteriaId\":null,\"supervisorCriteriaId\":null,\"isDeleted\":0}','2023-05-04 03:29:41','CRITERIA_COMPONENT_COURSE_ADDED',2),(129,'component_course','{\"id\":1,\"name\":\"EAS Praktek\",\"bobotComponent\":50,\"courseId\":16,\"isAverage\":1}','2023-05-04 03:29:41','COMPONENT_COURSE_UPDATE',1),(130,'criteria_component_course','{\"id\":2,\"nameForm\":\"Industri\",\"typeForm\":\"Industri 1\",\"bobotCriteria\":100,\"componentId\":1,\"industryCriteriaId\":10,\"seminarCriteriaId\":null,\"selfAssessmentCriteriaId\":null,\"supervisorCriteriaId\":null,\"isDeleted\":1}','2023-05-04 04:13:06','CRITERIA_COMPONENT_COURSE_DELETE',2),(131,'criteria_component_course','{\"id\":2,\"nameForm\":\"Industri\",\"typeForm\":\"Industri 1\",\"bobotCriteria\":100,\"componentId\":1,\"industryCriteriaId\":10,\"seminarCriteriaId\":null,\"selfAssessmentCriteriaId\":null,\"supervisorCriteriaId\":null,\"isDeleted\":1}','2023-05-04 04:14:05','CRITERIA_COMPONENT_COURSE_DELETE',2),(132,'criteria_component_course','{\"id\":2,\"nameForm\":\"Industri\",\"typeForm\":\"Industri 1\",\"bobotCriteria\":100,\"componentId\":1,\"industryCriteriaId\":10,\"seminarCriteriaId\":null,\"selfAssessmentCriteriaId\":null,\"supervisorCriteriaId\":null,\"isDeleted\":1}','2023-05-04 04:17:37','CRITERIA_COMPONENT_COURSE_UPDATE',2),(133,'component_course','{\"id\":1,\"name\":\"EAS Praktek\",\"bobotComponent\":50,\"courseId\":16,\"isAverage\":1}','2023-05-04 04:17:37','COMPONENT_COURSE_UPDATE',1),(134,'criteria_component_course','{\"id\":2,\"nameForm\":\"Industri\",\"typeForm\":\"Industri 1\",\"bobotCriteria\":100,\"componentId\":1,\"industryCriteriaId\":10,\"seminarCriteriaId\":null,\"selfAssessmentCriteriaId\":null,\"supervisorCriteriaId\":null,\"isDeleted\":1}','2023-05-04 04:20:00','CRITERIA_COMPONENT_COURSE_DELETE',2),(135,'criteria_component_course','{\"id\":2,\"nameForm\":\"Industri\",\"typeForm\":\"Industri 1\",\"bobotCriteria\":100,\"componentId\":1,\"industryCriteriaId\":10,\"seminarCriteriaId\":null,\"selfAssessmentCriteriaId\":null,\"supervisorCriteriaId\":null,\"isDeleted\":1}','2023-05-04 04:21:21','CRITERIA_COMPONENT_COURSE_DELETE',2),(136,'criteria_component_course','{\"id\":2,\"nameForm\":\"Industri\",\"typeForm\":\"Industri 1\",\"bobotCriteria\":100,\"componentId\":1,\"industryCriteriaId\":10,\"seminarCriteriaId\":null,\"selfAssessmentCriteriaId\":null,\"supervisorCriteriaId\":null,\"isDeleted\":1}','2023-05-04 04:22:05','CRITERIA_COMPONENT_COURSE_DELETE',2),(137,'criteria_component_course','{\"id\":2,\"nameForm\":\"Industri\",\"typeForm\":\"Industri 1\",\"bobotCriteria\":100,\"componentId\":1,\"industryCriteriaId\":10,\"seminarCriteriaId\":null,\"selfAssessmentCriteriaId\":null,\"supervisorCriteriaId\":null,\"isDeleted\":1}','2023-05-04 04:25:47','CRITERIA_COMPONENT_COURSE_DELETE',2),(138,'criteria_component_course','{\"id\":2,\"nameForm\":\"Industri\",\"typeForm\":\"Industri 1\",\"bobotCriteria\":100,\"componentId\":1,\"industryCriteriaId\":10,\"seminarCriteriaId\":null,\"selfAssessmentCriteriaId\":null,\"supervisorCriteriaId\":null,\"isDeleted\":1}','2023-05-04 04:26:49','CRITERIA_COMPONENT_COURSE_DELETE',2),(139,'criteria_component_course','{\"id\":2,\"nameForm\":\"Industri\",\"typeForm\":\"Industri 1\",\"bobotCriteria\":100,\"componentId\":1,\"industryCriteriaId\":10,\"seminarCriteriaId\":null,\"selfAssessmentCriteriaId\":null,\"supervisorCriteriaId\":null,\"isDeleted\":1}','2023-05-04 04:33:10','CRITERIA_COMPONENT_COURSE_DELETE',2),(140,'criteria_component_course','{\"id\":3,\"nameForm\":\"Industri\",\"typeForm\":\"Industri 1\",\"bobotCriteria\":100,\"componentId\":1,\"industryCriteriaId\":10,\"seminarCriteriaId\":null,\"selfAssessmentCriteriaId\":null,\"supervisorCriteriaId\":null,\"isDeleted\":0}','2023-05-04 04:33:10','CRITERIA_COMPONENT_COURSE_ADDED',3),(141,'component_course','{\"id\":1,\"name\":\"EAS Praktek\",\"bobotComponent\":50,\"courseId\":16,\"isAverage\":1}','2023-05-04 04:33:10','COMPONENT_COURSE_UPDATE',1),(142,'criteria_component_course','{\"id\":2,\"nameForm\":\"Industri\",\"typeForm\":\"Industri 1\",\"bobotCriteria\":100,\"componentId\":1,\"industryCriteriaId\":10,\"seminarCriteriaId\":null,\"selfAssessmentCriteriaId\":null,\"supervisorCriteriaId\":null,\"isDeleted\":1}','2023-05-04 04:39:45','CRITERIA_COMPONENT_COURSE_DELETE',2),(143,'criteria_component_course','{\"id\":3,\"nameForm\":\"Industri\",\"typeForm\":\"Industri 1\",\"bobotCriteria\":100,\"componentId\":1,\"industryCriteriaId\":10,\"seminarCriteriaId\":null,\"selfAssessmentCriteriaId\":null,\"supervisorCriteriaId\":null,\"isDeleted\":0}','2023-05-04 04:39:45','CRITERIA_COMPONENT_COURSE_DELETE',3),(144,'component_course','{\"id\":1,\"name\":\"EAS Praktek\",\"bobotComponent\":50,\"courseId\":16,\"isAverage\":1}','2023-05-04 04:39:45','COMPONENT_COURSE_UPDATE',1),(145,'criteria_component_course','{\"id\":4,\"nameForm\":\"Industri\",\"typeForm\":\"Industri 1\",\"bobotCriteria\":100,\"componentId\":1,\"industryCriteriaId\":10,\"seminarCriteriaId\":null,\"selfAssessmentCriteriaId\":null,\"supervisorCriteriaId\":null,\"isDeleted\":0}','2023-05-04 04:40:53','CRITERIA_COMPONENT_COURSE_ADDED',4),(146,'component_course','{\"id\":1,\"name\":\"EAS Praktek\",\"bobotComponent\":50,\"courseId\":16,\"isAverage\":1}','2023-05-04 04:40:53','COMPONENT_COURSE_UPDATE',1),(147,'criteria_component_course','{\"id\":4,\"nameForm\":\"Industri\",\"typeForm\":\"Industri 1\",\"bobotCriteria\":100,\"componentId\":1,\"industryCriteriaId\":10,\"seminarCriteriaId\":null,\"selfAssessmentCriteriaId\":null,\"supervisorCriteriaId\":null,\"isDeleted\":0}','2023-05-04 04:45:19','CRITERIA_COMPONENT_COURSE_DELETE',4),(148,'component_course','{\"id\":1,\"name\":\"EAS Praktek\",\"bobotComponent\":50,\"courseId\":16,\"isAverage\":1}','2023-05-04 04:45:19','COMPONENT_COURSE_UPDATE',1),(149,'criteria_component_course','{\"id\":5,\"nameForm\":\"Industri\",\"typeForm\":\"Industri 1\",\"bobotCriteria\":100,\"componentId\":1,\"industryCriteriaId\":10,\"seminarCriteriaId\":null,\"selfAssessmentCriteriaId\":null,\"supervisorCriteriaId\":null,\"isDeleted\":0}','2023-05-04 04:48:05','CRITERIA_COMPONENT_COURSE_ADDED',5),(150,'component_course','{\"id\":1,\"name\":\"EAS Praktek\",\"bobotComponent\":50,\"courseId\":16,\"isAverage\":1}','2023-05-04 04:48:05','COMPONENT_COURSE_UPDATE',1),(151,'criteria_component_course','{\"id\":5,\"nameForm\":\"Industri\",\"typeForm\":\"Industri 1\",\"bobotCriteria\":100,\"componentId\":1,\"industryCriteriaId\":10,\"seminarCriteriaId\":null,\"selfAssessmentCriteriaId\":null,\"supervisorCriteriaId\":null,\"isDeleted\":1}','2023-05-04 04:50:32','CRITERIA_COMPONENT_COURSE_DELETE',5),(152,'component_course','{\"id\":1,\"name\":\"EAS Praktek\",\"bobotComponent\":50,\"courseId\":16,\"isAverage\":1}','2023-05-04 04:50:32','COMPONENT_COURSE_UPDATE',1),(165,'course_form','{\"id\":16,\"isDeleted\":0,\"prodiId\":1,\"kode\":\"PKL-01\",\"name\":\"Mata Kuliah PKL 1 changed\",\"tahunAjaranStart\":2023,\"tahunAjaranEnd\":2024,\"sks\":2}','2023-05-10 22:39:09','COURSE_FORM_UPDATE',16),(166,'course_form','{\"id\":16,\"isDeleted\":0,\"prodiId\":1,\"kode\":\"PKL-01\",\"name\":\"Mata Kuliah PKL 1\",\"tahunAjaranStart\":2023,\"tahunAjaranEnd\":2024,\"sks\":2}','2023-05-10 22:39:35','COURSE_FORM_UPDATE',16),(168,'component_course','{\"id\":1,\"name\":\"EAS Praktek\",\"bobotComponent\":0,\"courseId\":16,\"isAverage\":1}','2023-05-10 22:46:39','COMPONENT_COURSE_UPDATE',1),(169,'component_course','{\"id\":2,\"name\":\"EAS Teori\",\"bobotComponent\":0,\"courseId\":16,\"isAverage\":1}','2023-05-10 22:46:39','COMPONENT_COURSE_UPDATE',2),(170,'component_course','{\"id\":3,\"name\":\"ETS Praktek\",\"bobotComponent\":0,\"courseId\":16,\"isAverage\":1}','2023-05-10 22:46:39','COMPONENT_COURSE_UPDATE',3),(171,'component_course','{\"id\":4,\"name\":\"ETS Teori\",\"bobotComponent\":0,\"courseId\":16,\"isAverage\":1}','2023-05-10 22:46:39','COMPONENT_COURSE_UPDATE',4),(172,'component_course','{\"id\":5,\"name\":\"Lain-lain Praktek\",\"bobotComponent\":0,\"courseId\":16,\"isAverage\":1}','2023-05-10 22:46:39','COMPONENT_COURSE_UPDATE',5),(173,'component_course','{\"id\":6,\"name\":\"Lain-lain Teori\",\"bobotComponent\":0,\"courseId\":16,\"isAverage\":1}','2023-05-10 22:46:39','COMPONENT_COURSE_UPDATE',6),(174,'criteria_component_course','{\"id\":5,\"nameForm\":\"Industri\",\"typeForm\":\"Industri 1\",\"bobotCriteria\":100,\"componentId\":1,\"industryCriteriaId\":10,\"seminarCriteriaId\":null,\"selfAssessmentCriteriaId\":null,\"supervisorCriteriaId\":null,\"isDeleted\":1}','2023-05-10 22:49:26','CRITERIA_COMPONENT_COURSE_DELETE',5),(175,'component_course','{\"id\":1,\"name\":\"EAS Praktek\",\"bobotComponent\":0,\"courseId\":16,\"isAverage\":1}','2023-05-10 22:49:26','COMPONENT_COURSE_UPDATE',1),(176,'criteria_component_course','{\"id\":5,\"nameForm\":\"Industri\",\"typeForm\":\"Industri 1\",\"bobotCriteria\":100,\"componentId\":1,\"industryCriteriaId\":10,\"seminarCriteriaId\":null,\"selfAssessmentCriteriaId\":null,\"supervisorCriteriaId\":null,\"isDeleted\":1}','2023-05-10 22:51:31','CRITERIA_COMPONENT_COURSE_DELETE',5),(177,'component_course','{\"id\":1,\"name\":\"EAS Praktek\",\"bobotComponent\":0,\"courseId\":16,\"isAverage\":1}','2023-05-10 22:51:31','COMPONENT_COURSE_UPDATE',1),(178,'component_course','{\"id\":1,\"name\":\"EAS Praktek\",\"bobotComponent\":0,\"courseId\":16,\"isAverage\":1}','2023-05-11 09:24:58','COMPONENT_COURSE_UPDATE',1),(192,'criteria_component_course','{\"id\":11,\"nameForm\":\"Industri\",\"typeForm\":\"Industri 1\",\"bobotCriteria\":90,\"componentId\":1,\"industryCriteriaId\":10,\"seminarCriteriaId\":null,\"selfAssessmentCriteriaId\":null,\"supervisorCriteriaId\":null,\"isDeleted\":0}','2023-05-11 09:32:55','CRITERIA_COMPONENT_COURSE_ADDED',11),(193,'component_course','{\"id\":1,\"name\":\"EAS Praktek\",\"bobotComponent\":0,\"courseId\":16,\"isAverage\":1}','2023-05-11 09:32:55','COMPONENT_COURSE_UPDATE',1),(194,'criteria_component_course','{\"id\":11,\"nameForm\":\"Industri\",\"typeForm\":\"Industri 1\",\"bobotCriteria\":100,\"componentId\":1,\"industryCriteriaId\":10,\"seminarCriteriaId\":null,\"selfAssessmentCriteriaId\":null,\"supervisorCriteriaId\":null,\"isDeleted\":0}','2023-05-11 10:48:07','CRITERIA_COMPONENT_COURSE_UPDATE',11),(195,'component_course','{\"id\":1,\"name\":\"EAS Praktek\",\"bobotComponent\":0,\"courseId\":16,\"isAverage\":1}','2023-05-11 10:48:07','COMPONENT_COURSE_UPDATE',1),(196,'criteria_component_course','{\"id\":11,\"nameForm\":\"Industri\",\"typeForm\":\"Industri 1\",\"bobotCriteria\":100,\"componentId\":1,\"industryCriteriaId\":10,\"seminarCriteriaId\":null,\"selfAssessmentCriteriaId\":null,\"supervisorCriteriaId\":null,\"isDeleted\":0}','2023-05-11 10:52:31','CRITERIA_COMPONENT_COURSE_UPDATE',11),(197,'criteria_component_course','{\"id\":12,\"nameForm\":\"Industri\",\"typeForm\":\"Industri 1\",\"bobotCriteria\":100,\"componentId\":1,\"industryCriteriaId\":13,\"seminarCriteriaId\":null,\"selfAssessmentCriteriaId\":null,\"supervisorCriteriaId\":null,\"isDeleted\":0}','2023-05-11 10:52:31','CRITERIA_COMPONENT_COURSE_ADDED',12),(198,'criteria_component_course','{\"id\":13,\"nameForm\":\"Pembimbing\",\"typeForm\":\"Pembimbing\",\"bobotCriteria\":100,\"componentId\":1,\"industryCriteriaId\":null,\"seminarCriteriaId\":null,\"selfAssessmentCriteriaId\":null,\"supervisorCriteriaId\":1,\"isDeleted\":0}','2023-05-11 10:52:31','CRITERIA_COMPONENT_COURSE_ADDED',13),(199,'component_course','{\"id\":1,\"name\":\"EAS Praktek\",\"bobotComponent\":0,\"courseId\":16,\"isAverage\":1}','2023-05-11 10:52:31','COMPONENT_COURSE_UPDATE',1),(200,'component_course','{\"id\":1,\"name\":\"EAS Praktek\",\"bobotComponent\":70,\"courseId\":16,\"isAverage\":1}','2023-05-11 10:55:02','COMPONENT_COURSE_UPDATE',1),(201,'component_course','{\"id\":2,\"name\":\"EAS Teori\",\"bobotComponent\":0,\"courseId\":16,\"isAverage\":1}','2023-05-11 10:55:02','COMPONENT_COURSE_UPDATE',2),(202,'component_course','{\"id\":3,\"name\":\"ETS Praktek\",\"bobotComponent\":20,\"courseId\":16,\"isAverage\":1}','2023-05-11 10:55:02','COMPONENT_COURSE_UPDATE',3),(203,'component_course','{\"id\":4,\"name\":\"ETS Teori\",\"bobotComponent\":0,\"courseId\":16,\"isAverage\":1}','2023-05-11 10:55:02','COMPONENT_COURSE_UPDATE',4),(204,'component_course','{\"id\":5,\"name\":\"Lain-lain Praktek\",\"bobotComponent\":10,\"courseId\":16,\"isAverage\":1}','2023-05-11 10:55:02','COMPONENT_COURSE_UPDATE',5),(205,'component_course','{\"id\":6,\"name\":\"Lain-lain Teori\",\"bobotComponent\":0,\"courseId\":16,\"isAverage\":1}','2023-05-11 10:55:02','COMPONENT_COURSE_UPDATE',6),(206,'criteria_component_course','{\"id\":14,\"nameForm\":\"Industri\",\"typeForm\":\"Industri 1\",\"bobotCriteria\":100,\"componentId\":3,\"industryCriteriaId\":11,\"seminarCriteriaId\":null,\"selfAssessmentCriteriaId\":null,\"supervisorCriteriaId\":null,\"isDeleted\":0}','2023-05-11 11:56:50','CRITERIA_COMPONENT_COURSE_ADDED',14),(207,'criteria_component_course','{\"id\":15,\"nameForm\":\"Industri\",\"typeForm\":\"Industri 1\",\"bobotCriteria\":100,\"componentId\":3,\"industryCriteriaId\":16,\"seminarCriteriaId\":null,\"selfAssessmentCriteriaId\":null,\"supervisorCriteriaId\":null,\"isDeleted\":0}','2023-05-11 11:56:50','CRITERIA_COMPONENT_COURSE_ADDED',15),(208,'criteria_component_course','{\"id\":14,\"nameForm\":\"Industri\",\"typeForm\":\"Industri 1\",\"bobotCriteria\":100,\"componentId\":3,\"industryCriteriaId\":11,\"seminarCriteriaId\":null,\"selfAssessmentCriteriaId\":null,\"supervisorCriteriaId\":null,\"isDeleted\":0}','2023-05-11 11:59:27','CRITERIA_COMPONENT_COURSE_DELETE',14),(209,'criteria_component_course','{\"id\":15,\"nameForm\":\"Industri\",\"typeForm\":\"Industri 1\",\"bobotCriteria\":100,\"componentId\":3,\"industryCriteriaId\":16,\"seminarCriteriaId\":null,\"selfAssessmentCriteriaId\":null,\"supervisorCriteriaId\":null,\"isDeleted\":0}','2023-05-11 11:59:27','CRITERIA_COMPONENT_COURSE_DELETE',15),(210,'criteria_component_course','{\"id\":17,\"nameForm\":\"Industri\",\"typeForm\":\"Industri 1\",\"bobotCriteria\":100,\"componentId\":3,\"industryCriteriaId\":11,\"seminarCriteriaId\":null,\"selfAssessmentCriteriaId\":null,\"supervisorCriteriaId\":null,\"isDeleted\":0}','2023-05-11 11:59:27','CRITERIA_COMPONENT_COURSE_ADDED',17),(211,'criteria_component_course','{\"id\":18,\"nameForm\":\"Industri\",\"typeForm\":\"Industri 1\",\"bobotCriteria\":100,\"componentId\":3,\"industryCriteriaId\":16,\"seminarCriteriaId\":null,\"selfAssessmentCriteriaId\":null,\"supervisorCriteriaId\":null,\"isDeleted\":0}','2023-05-11 11:59:27','CRITERIA_COMPONENT_COURSE_ADDED',18),(212,'criteria_component_course','{\"id\":19,\"nameForm\":\"Industri\",\"typeForm\":\"Industri 1\",\"bobotCriteria\":100,\"componentId\":3,\"industryCriteriaId\":14,\"seminarCriteriaId\":null,\"selfAssessmentCriteriaId\":null,\"supervisorCriteriaId\":null,\"isDeleted\":0}','2023-05-11 11:59:27','CRITERIA_COMPONENT_COURSE_ADDED',19),(213,'component_course','{\"id\":3,\"name\":\"ETS Praktek\",\"bobotComponent\":20,\"courseId\":16,\"isAverage\":1}','2023-05-11 11:59:27','COMPONENT_COURSE_UPDATE',3),(214,'criteria_component_course','{\"id\":20,\"nameForm\":\"Industri\",\"typeForm\":\"Industri 2\",\"bobotCriteria\":100,\"componentId\":7,\"industryCriteriaId\":19,\"seminarCriteriaId\":null,\"selfAssessmentCriteriaId\":null,\"supervisorCriteriaId\":null,\"isDeleted\":0}','2023-05-11 12:17:24','CRITERIA_COMPONENT_COURSE_ADDED',20),(215,'criteria_component_course','{\"id\":21,\"nameForm\":\"Industri\",\"typeForm\":\"Industri 2\",\"bobotCriteria\":100,\"componentId\":7,\"industryCriteriaId\":21,\"seminarCriteriaId\":null,\"selfAssessmentCriteriaId\":null,\"supervisorCriteriaId\":null,\"isDeleted\":0}','2023-05-11 12:17:24','CRITERIA_COMPONENT_COURSE_ADDED',21),(216,'criteria_component_course','{\"id\":22,\"nameForm\":\"Industri\",\"typeForm\":\"Industri 2\",\"bobotCriteria\":100,\"componentId\":7,\"industryCriteriaId\":23,\"seminarCriteriaId\":null,\"selfAssessmentCriteriaId\":null,\"supervisorCriteriaId\":null,\"isDeleted\":0}','2023-05-11 12:17:24','CRITERIA_COMPONENT_COURSE_ADDED',22),(217,'component_course','{\"id\":7,\"name\":\"EAS Praktek\",\"bobotComponent\":0,\"courseId\":17,\"isAverage\":1}','2023-05-11 12:17:24','COMPONENT_COURSE_UPDATE',7),(218,'criteria_component_course','{\"id\":23,\"nameForm\":\"Seminar\",\"typeForm\":\"Seminar\",\"bobotCriteria\":100,\"componentId\":7,\"industryCriteriaId\":null,\"seminarCriteriaId\":14,\"selfAssessmentCriteriaId\":null,\"supervisorCriteriaId\":null,\"isDeleted\":0}','2023-05-11 12:19:02','CRITERIA_COMPONENT_COURSE_ADDED',23),(219,'component_course','{\"id\":8,\"name\":\"EAS Teori\",\"bobotComponent\":0,\"courseId\":17,\"isAverage\":1}','2023-05-11 12:19:02','COMPONENT_COURSE_UPDATE',8),(220,'criteria_component_course','{\"id\":24,\"nameForm\":\"Seminar\",\"typeForm\":\"Seminar\",\"bobotCriteria\":100,\"componentId\":7,\"industryCriteriaId\":null,\"seminarCriteriaId\":14,\"selfAssessmentCriteriaId\":null,\"supervisorCriteriaId\":null,\"isDeleted\":0}','2023-05-11 12:19:39','CRITERIA_COMPONENT_COURSE_ADDED',24),(221,'component_course','{\"id\":9,\"name\":\"ETS Praktek\",\"bobotComponent\":0,\"courseId\":17,\"isAverage\":1}','2023-05-11 12:19:39','COMPONENT_COURSE_UPDATE',9),(222,'criteria_component_course','{\"id\":25,\"nameForm\":\"Pembimbing\",\"typeForm\":\"Pembimbing\",\"bobotCriteria\":100,\"componentId\":7,\"industryCriteriaId\":null,\"seminarCriteriaId\":null,\"selfAssessmentCriteriaId\":null,\"supervisorCriteriaId\":3,\"isDeleted\":0}','2023-05-11 12:20:55','CRITERIA_COMPONENT_COURSE_ADDED',25),(223,'criteria_component_course','{\"id\":26,\"nameForm\":\"Pembimbing\",\"typeForm\":\"Pembimbing\",\"bobotCriteria\":100,\"componentId\":7,\"industryCriteriaId\":null,\"seminarCriteriaId\":null,\"selfAssessmentCriteriaId\":null,\"supervisorCriteriaId\":1,\"isDeleted\":0}','2023-05-11 12:20:55','CRITERIA_COMPONENT_COURSE_ADDED',26),(224,'component_course','{\"id\":9,\"name\":\"ETS Praktek\",\"bobotComponent\":0,\"courseId\":17,\"isAverage\":1}','2023-05-11 12:20:55','COMPONENT_COURSE_UPDATE',9),(225,'criteria_component_course','{\"id\":27,\"nameForm\":\"Pembimbing\",\"typeForm\":\"Pembimbing\",\"bobotCriteria\":100,\"componentId\":9,\"industryCriteriaId\":null,\"seminarCriteriaId\":null,\"selfAssessmentCriteriaId\":null,\"supervisorCriteriaId\":3,\"isDeleted\":0}','2023-05-11 12:21:40','CRITERIA_COMPONENT_COURSE_ADDED',27),(226,'criteria_component_course','{\"id\":28,\"nameForm\":\"Pembimbing\",\"typeForm\":\"Pembimbing\",\"bobotCriteria\":100,\"componentId\":9,\"industryCriteriaId\":null,\"seminarCriteriaId\":null,\"selfAssessmentCriteriaId\":null,\"supervisorCriteriaId\":1,\"isDeleted\":0}','2023-05-11 12:21:40','CRITERIA_COMPONENT_COURSE_ADDED',28),(227,'component_course','{\"id\":9,\"name\":\"ETS Praktek\",\"bobotComponent\":0,\"courseId\":17,\"isAverage\":1}','2023-05-11 12:21:40','COMPONENT_COURSE_UPDATE',9),(228,'criteria_component_course','{\"id\":29,\"nameForm\":\"Seminar\",\"typeForm\":\"Seminar\",\"bobotCriteria\":100,\"componentId\":8,\"industryCriteriaId\":null,\"seminarCriteriaId\":14,\"selfAssessmentCriteriaId\":null,\"supervisorCriteriaId\":null,\"isDeleted\":0}','2023-05-11 12:22:48','CRITERIA_COMPONENT_COURSE_ADDED',29),(229,'component_course','{\"id\":8,\"name\":\"EAS Teori\",\"bobotComponent\":0,\"courseId\":17,\"isAverage\":1}','2023-05-11 12:22:48','COMPONENT_COURSE_UPDATE',8),(230,'criteria_component_course','{\"id\":20,\"nameForm\":\"Industri\",\"typeForm\":\"Industri 2\",\"bobotCriteria\":100,\"componentId\":7,\"industryCriteriaId\":19,\"seminarCriteriaId\":null,\"selfAssessmentCriteriaId\":null,\"supervisorCriteriaId\":null,\"isDeleted\":0}','2023-05-11 12:23:08','CRITERIA_COMPONENT_COURSE_DELETE',20),(231,'criteria_component_course','{\"id\":21,\"nameForm\":\"Industri\",\"typeForm\":\"Industri 2\",\"bobotCriteria\":100,\"componentId\":7,\"industryCriteriaId\":21,\"seminarCriteriaId\":null,\"selfAssessmentCriteriaId\":null,\"supervisorCriteriaId\":null,\"isDeleted\":0}','2023-05-11 12:23:08','CRITERIA_COMPONENT_COURSE_DELETE',21),(232,'criteria_component_course','{\"id\":22,\"nameForm\":\"Industri\",\"typeForm\":\"Industri 2\",\"bobotCriteria\":100,\"componentId\":7,\"industryCriteriaId\":23,\"seminarCriteriaId\":null,\"selfAssessmentCriteriaId\":null,\"supervisorCriteriaId\":null,\"isDeleted\":0}','2023-05-11 12:23:08','CRITERIA_COMPONENT_COURSE_DELETE',22),(233,'criteria_component_course','{\"id\":23,\"nameForm\":\"Seminar\",\"typeForm\":\"Seminar\",\"bobotCriteria\":100,\"componentId\":7,\"industryCriteriaId\":null,\"seminarCriteriaId\":14,\"selfAssessmentCriteriaId\":null,\"supervisorCriteriaId\":null,\"isDeleted\":0}','2023-05-11 12:23:08','CRITERIA_COMPONENT_COURSE_DELETE',23),(234,'criteria_component_course','{\"id\":24,\"nameForm\":\"Seminar\",\"typeForm\":\"Seminar\",\"bobotCriteria\":100,\"componentId\":7,\"industryCriteriaId\":null,\"seminarCriteriaId\":14,\"selfAssessmentCriteriaId\":null,\"supervisorCriteriaId\":null,\"isDeleted\":0}','2023-05-11 12:23:08','CRITERIA_COMPONENT_COURSE_DELETE',24),(235,'criteria_component_course','{\"id\":25,\"nameForm\":\"Pembimbing\",\"typeForm\":\"Pembimbing\",\"bobotCriteria\":100,\"componentId\":7,\"industryCriteriaId\":null,\"seminarCriteriaId\":null,\"selfAssessmentCriteriaId\":null,\"supervisorCriteriaId\":3,\"isDeleted\":0}','2023-05-11 12:23:08','CRITERIA_COMPONENT_COURSE_DELETE',25),(236,'criteria_component_course','{\"id\":26,\"nameForm\":\"Pembimbing\",\"typeForm\":\"Pembimbing\",\"bobotCriteria\":100,\"componentId\":7,\"industryCriteriaId\":null,\"seminarCriteriaId\":null,\"selfAssessmentCriteriaId\":null,\"supervisorCriteriaId\":1,\"isDeleted\":0}','2023-05-11 12:23:08','CRITERIA_COMPONENT_COURSE_DELETE',26),(237,'criteria_component_course','{\"id\":30,\"nameForm\":\"Industri\",\"typeForm\":\"Industri 2\",\"bobotCriteria\":100,\"componentId\":7,\"industryCriteriaId\":19,\"seminarCriteriaId\":null,\"selfAssessmentCriteriaId\":null,\"supervisorCriteriaId\":null,\"isDeleted\":0}','2023-05-11 12:23:08','CRITERIA_COMPONENT_COURSE_ADDED',30),(238,'criteria_component_course','{\"id\":31,\"nameForm\":\"Industri\",\"typeForm\":\"Industri 2\",\"bobotCriteria\":100,\"componentId\":7,\"industryCriteriaId\":21,\"seminarCriteriaId\":null,\"selfAssessmentCriteriaId\":null,\"supervisorCriteriaId\":null,\"isDeleted\":0}','2023-05-11 12:23:08','CRITERIA_COMPONENT_COURSE_ADDED',31),(239,'criteria_component_course','{\"id\":32,\"nameForm\":\"Industri\",\"typeForm\":\"Industri 2\",\"bobotCriteria\":100,\"componentId\":7,\"industryCriteriaId\":23,\"seminarCriteriaId\":null,\"selfAssessmentCriteriaId\":null,\"supervisorCriteriaId\":null,\"isDeleted\":0}','2023-05-11 12:23:08','CRITERIA_COMPONENT_COURSE_ADDED',32),(240,'component_course','{\"id\":7,\"name\":\"EAS Praktek\",\"bobotComponent\":0,\"courseId\":17,\"isAverage\":1}','2023-05-11 12:23:08','COMPONENT_COURSE_UPDATE',7),(241,'criteria_component_course','{\"id\":11,\"nameForm\":\"Industri\",\"typeForm\":\"Industri 1\",\"bobotCriteria\":100,\"componentId\":1,\"industryCriteriaId\":10,\"seminarCriteriaId\":null,\"selfAssessmentCriteriaId\":null,\"supervisorCriteriaId\":null,\"isDeleted\":0}','2023-05-11 12:30:39','CRITERIA_COMPONENT_COURSE_DELETE',11),(242,'criteria_component_course','{\"id\":12,\"nameForm\":\"Industri\",\"typeForm\":\"Industri 1\",\"bobotCriteria\":100,\"componentId\":1,\"industryCriteriaId\":13,\"seminarCriteriaId\":null,\"selfAssessmentCriteriaId\":null,\"supervisorCriteriaId\":null,\"isDeleted\":0}','2023-05-11 12:30:39','CRITERIA_COMPONENT_COURSE_DELETE',12),(243,'criteria_component_course','{\"id\":13,\"nameForm\":\"Pembimbing\",\"typeForm\":\"Pembimbing\",\"bobotCriteria\":100,\"componentId\":1,\"industryCriteriaId\":null,\"seminarCriteriaId\":null,\"selfAssessmentCriteriaId\":null,\"supervisorCriteriaId\":1,\"isDeleted\":0}','2023-05-11 12:30:39','CRITERIA_COMPONENT_COURSE_DELETE',13),(244,'component_course','{\"id\":1,\"name\":\"EAS Praktek\",\"bobotComponent\":70,\"courseId\":16,\"isAverage\":1}','2023-05-11 12:30:39','COMPONENT_COURSE_UPDATE',1),(245,'component_course','{\"id\":2,\"name\":\"EAS Teori\",\"bobotComponent\":0,\"courseId\":16,\"isAverage\":1}','2023-05-11 12:30:49','COMPONENT_COURSE_UPDATE',2),(246,'criteria_component_course','{\"id\":30,\"nameForm\":\"Industri\",\"typeForm\":\"Industri 2\",\"bobotCriteria\":100,\"componentId\":7,\"industryCriteriaId\":19,\"seminarCriteriaId\":null,\"selfAssessmentCriteriaId\":null,\"supervisorCriteriaId\":null,\"isDeleted\":0}','2023-05-11 12:31:29','CRITERIA_COMPONENT_COURSE_DELETE',30),(247,'criteria_component_course','{\"id\":31,\"nameForm\":\"Industri\",\"typeForm\":\"Industri 2\",\"bobotCriteria\":100,\"componentId\":7,\"industryCriteriaId\":21,\"seminarCriteriaId\":null,\"selfAssessmentCriteriaId\":null,\"supervisorCriteriaId\":null,\"isDeleted\":0}','2023-05-11 12:31:29','CRITERIA_COMPONENT_COURSE_DELETE',31),(248,'criteria_component_course','{\"id\":32,\"nameForm\":\"Industri\",\"typeForm\":\"Industri 2\",\"bobotCriteria\":100,\"componentId\":7,\"industryCriteriaId\":23,\"seminarCriteriaId\":null,\"selfAssessmentCriteriaId\":null,\"supervisorCriteriaId\":null,\"isDeleted\":0}','2023-05-11 12:31:29','CRITERIA_COMPONENT_COURSE_DELETE',32),(249,'component_course','{\"id\":7,\"name\":\"EAS Praktek\",\"bobotComponent\":0,\"courseId\":17,\"isAverage\":1}','2023-05-11 12:31:29','COMPONENT_COURSE_UPDATE',7),(250,'criteria_component_course','{\"id\":33,\"nameForm\":\"Industri\",\"typeForm\":\"Industri 1\",\"bobotCriteria\":100,\"componentId\":1,\"industryCriteriaId\":10,\"seminarCriteriaId\":null,\"selfAssessmentCriteriaId\":null,\"supervisorCriteriaId\":null,\"isDeleted\":0}','2023-05-11 12:44:50','CRITERIA_COMPONENT_COURSE_ADDED',33),(251,'criteria_component_course','{\"id\":34,\"nameForm\":\"Industri\",\"typeForm\":\"Industri 1\",\"bobotCriteria\":100,\"componentId\":1,\"industryCriteriaId\":13,\"seminarCriteriaId\":null,\"selfAssessmentCriteriaId\":null,\"supervisorCriteriaId\":null,\"isDeleted\":0}','2023-05-11 12:44:50','CRITERIA_COMPONENT_COURSE_ADDED',34),(252,'criteria_component_course','{\"id\":35,\"nameForm\":\"Pembimbing\",\"typeForm\":\"Pembimbing\",\"bobotCriteria\":100,\"componentId\":1,\"industryCriteriaId\":null,\"seminarCriteriaId\":null,\"selfAssessmentCriteriaId\":null,\"supervisorCriteriaId\":1,\"isDeleted\":0}','2023-05-11 12:44:50','CRITERIA_COMPONENT_COURSE_ADDED',35),(253,'component_course','{\"id\":1,\"name\":\"EAS Praktek\",\"bobotComponent\":70,\"courseId\":16,\"isAverage\":1}','2023-05-11 12:44:50','COMPONENT_COURSE_UPDATE',1),(256,'component_course','{\"id\":5,\"name\":\"Lain-lain Praktek\",\"bobotComponent\":10,\"courseId\":16,\"isAverage\":1}','2023-05-11 12:59:09','COMPONENT_COURSE_UPDATE',5),(257,'criteria_component_course','{\"id\":38,\"nameForm\":\"Self Assessment\",\"typeForm\":\"Self Assessment\",\"bobotCriteria\":100,\"componentId\":5,\"industryCriteriaId\":null,\"seminarCriteriaId\":null,\"selfAssessmentCriteriaId\":1,\"supervisorCriteriaId\":null,\"isDeleted\":0}','2023-05-11 12:59:59','CRITERIA_COMPONENT_COURSE_ADDED',38),(258,'criteria_component_course','{\"id\":39,\"nameForm\":\"Self Assessment\",\"typeForm\":\"Self Assessment\",\"bobotCriteria\":100,\"componentId\":5,\"industryCriteriaId\":null,\"seminarCriteriaId\":null,\"selfAssessmentCriteriaId\":2,\"supervisorCriteriaId\":null,\"isDeleted\":0}','2023-05-11 12:59:59','CRITERIA_COMPONENT_COURSE_ADDED',39),(259,'component_course','{\"id\":5,\"name\":\"Lain-lain Praktek\",\"bobotComponent\":10,\"courseId\":16,\"isAverage\":1}','2023-05-11 12:59:59','COMPONENT_COURSE_UPDATE',5),(260,'criteria_component_course','{\"id\":40,\"nameForm\":\"Industri\",\"typeForm\":\"Industri 2\",\"bobotCriteria\":100,\"componentId\":7,\"industryCriteriaId\":19,\"seminarCriteriaId\":null,\"selfAssessmentCriteriaId\":null,\"supervisorCriteriaId\":null,\"isDeleted\":0}','2023-05-11 13:02:22','CRITERIA_COMPONENT_COURSE_ADDED',40),(261,'criteria_component_course','{\"id\":41,\"nameForm\":\"Industri\",\"typeForm\":\"Industri 2\",\"bobotCriteria\":100,\"componentId\":7,\"industryCriteriaId\":21,\"seminarCriteriaId\":null,\"selfAssessmentCriteriaId\":null,\"supervisorCriteriaId\":null,\"isDeleted\":0}','2023-05-11 13:02:22','CRITERIA_COMPONENT_COURSE_ADDED',41),(262,'criteria_component_course','{\"id\":42,\"nameForm\":\"Industri\",\"typeForm\":\"Industri 2\",\"bobotCriteria\":100,\"componentId\":7,\"industryCriteriaId\":23,\"seminarCriteriaId\":null,\"selfAssessmentCriteriaId\":null,\"supervisorCriteriaId\":null,\"isDeleted\":0}','2023-05-11 13:02:22','CRITERIA_COMPONENT_COURSE_ADDED',42),(263,'component_course','{\"id\":7,\"name\":\"EAS Praktek\",\"bobotComponent\":0,\"courseId\":17,\"isAverage\":1}','2023-05-11 13:02:22','COMPONENT_COURSE_UPDATE',7),(264,'component_course','{\"id\":7,\"name\":\"EAS Praktek\",\"bobotComponent\":60,\"courseId\":17,\"isAverage\":1}','2023-05-11 13:03:31','COMPONENT_COURSE_UPDATE',7),(265,'component_course','{\"id\":8,\"name\":\"EAS Teori\",\"bobotComponent\":10,\"courseId\":17,\"isAverage\":1}','2023-05-11 13:03:31','COMPONENT_COURSE_UPDATE',8),(266,'component_course','{\"id\":9,\"name\":\"ETS Praktek\",\"bobotComponent\":15,\"courseId\":17,\"isAverage\":1}','2023-05-11 13:03:31','COMPONENT_COURSE_UPDATE',9),(267,'component_course','{\"id\":10,\"name\":\"ETS Teori\",\"bobotComponent\":0,\"courseId\":17,\"isAverage\":0}','2023-05-11 13:03:31','COMPONENT_COURSE_UPDATE',10),(268,'component_course','{\"id\":11,\"name\":\"Lain-lain Praktek\",\"bobotComponent\":15,\"courseId\":17,\"isAverage\":0}','2023-05-11 13:03:31','COMPONENT_COURSE_UPDATE',11),(269,'component_course','{\"id\":12,\"name\":\"Lain-lain Teori\",\"bobotComponent\":0,\"courseId\":17,\"isAverage\":0}','2023-05-11 13:03:31','COMPONENT_COURSE_UPDATE',12),(270,'criteria_component_course','{\"id\":43,\"nameForm\":\"Self Assessment\",\"typeForm\":\"Self Assessment\",\"bobotCriteria\":100,\"componentId\":11,\"industryCriteriaId\":null,\"seminarCriteriaId\":null,\"selfAssessmentCriteriaId\":17,\"supervisorCriteriaId\":null,\"isDeleted\":0}','2023-05-11 13:05:51','CRITERIA_COMPONENT_COURSE_ADDED',43),(271,'component_course','{\"id\":11,\"name\":\"Lain-lain Praktek\",\"bobotComponent\":15,\"courseId\":17,\"isAverage\":0}','2023-05-11 13:05:51','COMPONENT_COURSE_UPDATE',11),(274,'component_course','{\"id\":67,\"name\":\"EAS Praktek\",\"bobotComponent\":0,\"courseId\":27,\"isAverage\":1}','2023-05-19 14:09:53','COMPONENT_COURSE_ADDED',67),(275,'component_course','{\"id\":68,\"name\":\"EAS Teori\",\"bobotComponent\":0,\"courseId\":27,\"isAverage\":1}','2023-05-19 14:09:53','COMPONENT_COURSE_ADDED',68),(276,'component_course','{\"id\":69,\"name\":\"ETS Praktek\",\"bobotComponent\":0,\"courseId\":27,\"isAverage\":1}','2023-05-19 14:09:53','COMPONENT_COURSE_ADDED',69),(277,'component_course','{\"id\":70,\"name\":\"ETS Teori\",\"bobotComponent\":0,\"courseId\":27,\"isAverage\":1}','2023-05-19 14:09:54','COMPONENT_COURSE_ADDED',70),(278,'component_course','{\"id\":71,\"name\":\"Lain-lain Praktek\",\"bobotComponent\":0,\"courseId\":27,\"isAverage\":1}','2023-05-19 14:09:54','COMPONENT_COURSE_ADDED',71),(279,'component_course','{\"id\":72,\"name\":\"Lain-lain Teori\",\"bobotComponent\":0,\"courseId\":27,\"isAverage\":1}','2023-05-19 14:09:54','COMPONENT_COURSE_ADDED',72),(280,'course_form','{\"id\":27,\"isDeleted\":0,\"prodiId\":0,\"kode\":\"KP-07\",\"name\":\"Mata Kuliah KP 6\",\"tahunAjaranStart\":2023,\"tahunAjaranEnd\":2024,\"sks\":2}','2023-05-19 14:09:54','COURSE_FORM_ADDED',27),(281,'course_form','{\"id\":27,\"isDeleted\":0,\"prodiId\":0,\"kode\":\"KP-07\",\"name\":\"Mata Kuliah KP 7\",\"tahunAjaranStart\":2024,\"tahunAjaranEnd\":2025,\"sks\":2}','2023-05-19 14:10:24','COURSE_FORM_UPDATE',27),(282,'seminar_criteria','{\"id\":18,\"criteriaName\":\"test1\",\"criteriaBobot\":0.0,\"isDeleted\":0,\"isSelected\":0}','2023-05-20 15:48:24','SEMINAR_CRITERIA_ADDED',18),(283,'seminar_criteria','{\"id\":19,\"criteriaName\":\"tes 2\",\"criteriaBobot\":0.0,\"isDeleted\":0,\"isSelected\":0}','2023-05-20 16:01:43','SEMINAR_CRITERIA_ADDED',19),(284,'seminar_criteria','{\"id\":20,\"criteriaName\":\"tes 3\",\"criteriaBobot\":0.0,\"isDeleted\":0,\"isSelected\":0}','2023-05-20 16:07:10','SEMINAR_CRITERIA_ADDED',20),(285,'seminar_criteria','{\"id\":21,\"criteriaName\":\"tes4\",\"criteriaBobot\":0.0,\"isDeleted\":0,\"isSelected\":0}','2023-05-20 16:09:49','SEMINAR_CRITERIA_ADDED',21),(286,'seminar_criteria','{\"id\":22,\"criteriaName\":\"tes 5\",\"criteriaBobot\":0.0,\"isDeleted\":0,\"isSelected\":0}','2023-05-20 16:15:51','SEMINAR_CRITERIA_ADDED',22),(287,'seminar_criteria','{\"id\":23,\"criteriaName\":\"tes x\",\"criteriaBobot\":0.0,\"isDeleted\":0,\"isSelected\":0}','2023-05-20 16:16:11','SEMINAR_CRITERIA_ADDED',23),(288,'seminar_criteria','{\"id\":24,\"criteriaName\":\"tes 99\",\"criteriaBobot\":0.0,\"isDeleted\":0,\"isSelected\":0}','2023-05-20 16:23:21','SEMINAR_CRITERIA_ADDED',24),(289,'seminar_criteria','{\"id\":25,\"criteriaName\":\"tes 1001\",\"criteriaBobot\":0.0,\"isDeleted\":0,\"isSelected\":0}','2023-05-24 12:54:09','SEMINAR_CRITERIA_ADDED',25),(290,'seminar_criteria','{\"id\":18,\"criteriaName\":\"tes 1a\",\"criteriaBobot\":0.0,\"isDeleted\":0,\"isSelected\":0}','2023-05-24 12:54:35','SEMINAR_CRITERIA_UPDATE',18),(291,'seminar_criteria','{\"id\":18,\"criteriaName\":\"tes 1b\",\"criteriaBobot\":0.0,\"isDeleted\":0,\"isSelected\":0}','2023-05-24 13:53:14','SEMINAR_CRITERIA_UPDATE',18),(292,'seminar_criteria','{\"id\":25,\"criteriaName\":\"tes 1001\",\"criteriaBobot\":0.0,\"isDeleted\":1,\"isSelected\":0}','2023-05-24 13:53:22','SEMINAR_CRITERIA_UPDATE',25),(293,'seminar_criteria','{\"id\":24,\"criteriaName\":\"tes 99\",\"criteriaBobot\":0.0,\"isDeleted\":1,\"isSelected\":0}','2023-05-24 13:53:27','SEMINAR_CRITERIA_UPDATE',24),(294,'seminar_criteria','{\"id\":23,\"criteriaName\":\"tes x\",\"criteriaBobot\":0.0,\"isDeleted\":1,\"isSelected\":0}','2023-05-24 13:53:33','SEMINAR_CRITERIA_UPDATE',23),(295,'seminar_criteria','{\"id\":18,\"criteriaName\":\"tes 1b\",\"criteriaBobot\":0.0,\"isDeleted\":0,\"isSelected\":0}','2023-05-24 16:29:38','SEMINAR_CRITERIA_UPDATE',18),(296,'seminar_criteria','{\"id\":18,\"criteriaName\":\"tes 1b\",\"criteriaBobot\":0.0,\"isDeleted\":0,\"isSelected\":1}','2023-05-24 16:29:39','SEMINAR_CRITERIA_UPDATE',18),(297,'seminar_criteria','{\"id\":18,\"criteriaName\":\"tes 1b\",\"criteriaBobot\":0.0,\"isDeleted\":0,\"isSelected\":0}','2023-05-24 16:30:22','SEMINAR_CRITERIA_UPDATE',18),(298,'seminar_criteria','{\"id\":19,\"criteriaName\":\"tes 2\",\"criteriaBobot\":0.0,\"isDeleted\":0,\"isSelected\":1}','2023-05-24 16:30:24','SEMINAR_CRITERIA_UPDATE',19),(299,'seminar_criteria','{\"id\":19,\"criteriaName\":\"tes 2\",\"criteriaBobot\":0.0,\"isDeleted\":0,\"isSelected\":0}','2023-05-24 16:30:25','SEMINAR_CRITERIA_UPDATE',19),(300,'seminar_criteria','{\"id\":18,\"criteriaName\":\"tes 1b\",\"criteriaBobot\":0.0,\"isDeleted\":0,\"isSelected\":1}','2023-05-24 16:30:28','SEMINAR_CRITERIA_UPDATE',18),(301,'seminar_criteria','{\"id\":18,\"criteriaName\":\"tes 1b\",\"criteriaBobot\":0.0,\"isDeleted\":0,\"isSelected\":0}','2023-05-24 16:30:28','SEMINAR_CRITERIA_UPDATE',18),(302,'seminar_criteria','{\"id\":19,\"criteriaName\":\"tes 2\",\"criteriaBobot\":0.0,\"isDeleted\":0,\"isSelected\":1}','2023-05-24 16:30:29','SEMINAR_CRITERIA_UPDATE',19),(303,'seminar_criteria','{\"id\":19,\"criteriaName\":\"tes 2\",\"criteriaBobot\":0.0,\"isDeleted\":0,\"isSelected\":0}','2023-05-24 16:30:30','SEMINAR_CRITERIA_UPDATE',19),(304,'seminar_criteria','{\"id\":20,\"criteriaName\":\"tes 3\",\"criteriaBobot\":0.0,\"isDeleted\":0,\"isSelected\":1}','2023-05-24 16:30:32','SEMINAR_CRITERIA_UPDATE',20),(305,'seminar_criteria','{\"id\":20,\"criteriaName\":\"tes 3\",\"criteriaBobot\":0.0,\"isDeleted\":0,\"isSelected\":0}','2023-05-24 16:31:32','SEMINAR_CRITERIA_UPDATE',20),(306,'seminar_criteria','{\"id\":19,\"criteriaName\":\"tes 2\",\"criteriaBobot\":0.0,\"isDeleted\":0,\"isSelected\":1}','2023-05-24 16:31:33','SEMINAR_CRITERIA_UPDATE',19),(307,'seminar_criteria','{\"id\":19,\"criteriaName\":\"tes 2\",\"criteriaBobot\":0.0,\"isDeleted\":0,\"isSelected\":0}','2023-05-24 16:34:30','SEMINAR_CRITERIA_UPDATE',19),(308,'seminar_criteria','{\"id\":19,\"criteriaName\":\"tes 2\",\"criteriaBobot\":0.0,\"isDeleted\":0,\"isSelected\":1}','2023-05-24 16:34:38','SEMINAR_CRITERIA_UPDATE',19),(309,'seminar_criteria','{\"id\":19,\"criteriaName\":\"tes 2\",\"criteriaBobot\":0.0,\"isDeleted\":0,\"isSelected\":0}','2023-05-24 16:35:33','SEMINAR_CRITERIA_UPDATE',19),(310,'seminar_criteria','{\"id\":18,\"criteriaName\":\"tes 1b\",\"criteriaBobot\":0.0,\"isDeleted\":0,\"isSelected\":1}','2023-05-24 16:58:37','SEMINAR_CRITERIA_UPDATE',18),(311,'seminar_criteria','{\"id\":18,\"criteriaName\":\"tes 1b\",\"criteriaBobot\":0.0,\"isDeleted\":0,\"isSelected\":1}','2023-05-24 16:58:38','SEMINAR_CRITERIA_UPDATE',18),(312,'seminar_criteria','{\"id\":18,\"criteriaName\":\"tes 1b\",\"criteriaBobot\":7.0,\"isDeleted\":0,\"isSelected\":1}','2023-05-24 16:58:40','SEMINAR_CRITERIA_UPDATE',18),(313,'seminar_criteria','{\"id\":18,\"criteriaName\":\"tes 1b\",\"criteriaBobot\":76.0,\"isDeleted\":0,\"isSelected\":1}','2023-05-24 16:58:40','SEMINAR_CRITERIA_UPDATE',18),(314,'seminar_criteria','{\"id\":18,\"criteriaName\":\"tes 1b\",\"criteriaBobot\":78.0,\"isDeleted\":0,\"isSelected\":1}','2023-05-24 16:58:41','SEMINAR_CRITERIA_UPDATE',18),(315,'seminar_criteria','{\"id\":18,\"criteriaName\":\"tes 1b\",\"criteriaBobot\":7.0,\"isDeleted\":0,\"isSelected\":1}','2023-05-24 16:58:42','SEMINAR_CRITERIA_UPDATE',18),(316,'seminar_criteria','{\"id\":18,\"criteriaName\":\"tes 1b\",\"criteriaBobot\":7.0,\"isDeleted\":0,\"isSelected\":1}','2023-05-24 16:58:42','SEMINAR_CRITERIA_UPDATE',18),(317,'seminar_criteria','{\"id\":18,\"criteriaName\":\"tes 1b\",\"criteriaBobot\":7.0,\"isDeleted\":0,\"isSelected\":1}','2023-05-24 16:58:42','SEMINAR_CRITERIA_UPDATE',18),(318,'seminar_criteria','{\"id\":18,\"criteriaName\":\"tes 1b\",\"criteriaBobot\":7.0,\"isDeleted\":0,\"isSelected\":1}','2023-05-24 16:58:42','SEMINAR_CRITERIA_UPDATE',18),(319,'seminar_criteria','{\"id\":18,\"criteriaName\":\"Test\",\"criteriaBobot\":65.0,\"isDeleted\":0,\"isSelected\":1}','2023-05-24 17:01:18','SEMINAR_CRITERIA_UPDATE',18),(320,'seminar_criteria','{\"id\":18,\"criteriaName\":\"Test\",\"criteriaBobot\":0.0,\"isDeleted\":0,\"isSelected\":0}','2023-05-24 17:01:44','SEMINAR_CRITERIA_UPDATE',18),(321,'seminar_criteria','{\"id\":18,\"criteriaName\":\"Test\",\"criteriaBobot\":0.0,\"isDeleted\":0,\"isSelected\":1}','2023-05-24 17:01:45','SEMINAR_CRITERIA_UPDATE',18),(322,'seminar_criteria','{\"id\":18,\"criteriaName\":\"Test\",\"criteriaBobot\":0.0,\"isDeleted\":0,\"isSelected\":1}','2023-05-24 17:01:47','SEMINAR_CRITERIA_UPDATE',18),(323,'seminar_criteria','{\"id\":18,\"criteriaName\":\"Test\",\"criteriaBobot\":0.0,\"isDeleted\":0,\"isSelected\":1}','2023-05-24 17:01:48','SEMINAR_CRITERIA_UPDATE',18),(324,'seminar_criteria','{\"id\":18,\"criteriaName\":\"Test\",\"criteriaBobot\":9.0,\"isDeleted\":0,\"isSelected\":1}','2023-05-24 17:01:48','SEMINAR_CRITERIA_UPDATE',18),(325,'seminar_criteria','{\"id\":18,\"criteriaName\":\"Test\",\"criteriaBobot\":0.0,\"isDeleted\":0,\"isSelected\":1}','2023-05-24 17:01:48','SEMINAR_CRITERIA_UPDATE',18),(326,'seminar_criteria','{\"id\":18,\"criteriaName\":\"Test\",\"criteriaBobot\":0.0,\"isDeleted\":0,\"isSelected\":1}','2023-05-24 17:01:49','SEMINAR_CRITERIA_UPDATE',18),(327,'seminar_criteria','{\"id\":18,\"criteriaName\":\"Test\",\"criteriaBobot\":0.0,\"isDeleted\":0,\"isSelected\":1}','2023-05-24 17:01:49','SEMINAR_CRITERIA_UPDATE',18),(328,'seminar_criteria','{\"id\":18,\"criteriaName\":\"Test\",\"criteriaBobot\":0.0,\"isDeleted\":0,\"isSelected\":1}','2023-05-24 17:01:50','SEMINAR_CRITERIA_UPDATE',18),(329,'seminar_criteria','{\"id\":18,\"criteriaName\":\"Test\",\"criteriaBobot\":9.0,\"isDeleted\":0,\"isSelected\":1}','2023-05-24 17:01:51','SEMINAR_CRITERIA_UPDATE',18),(330,'seminar_criteria','{\"id\":18,\"criteriaName\":\"Test\",\"criteriaBobot\":0.0,\"isDeleted\":0,\"isSelected\":1}','2023-05-24 17:01:51','SEMINAR_CRITERIA_UPDATE',18),(331,'seminar_criteria','{\"id\":18,\"criteriaName\":\"Test\",\"criteriaBobot\":0.0,\"isDeleted\":0,\"isSelected\":1}','2023-05-24 17:01:53','SEMINAR_CRITERIA_UPDATE',18),(332,'seminar_criteria','{\"id\":18,\"criteriaName\":\"Test\",\"criteriaBobot\":9.0,\"isDeleted\":0,\"isSelected\":1}','2023-05-24 17:01:54','SEMINAR_CRITERIA_UPDATE',18),(333,'seminar_criteria','{\"id\":18,\"criteriaName\":\"Test\",\"criteriaBobot\":0.0,\"isDeleted\":0,\"isSelected\":1}','2023-05-24 17:01:54','SEMINAR_CRITERIA_UPDATE',18),(334,'seminar_criteria','{\"id\":18,\"criteriaName\":\"Test\",\"criteriaBobot\":0.0,\"isDeleted\":0,\"isSelected\":1}','2023-05-24 17:02:06','SEMINAR_CRITERIA_UPDATE',18),(335,'seminar_criteria','{\"id\":18,\"criteriaName\":\"Test\",\"criteriaBobot\":9.0,\"isDeleted\":0,\"isSelected\":1}','2023-05-24 17:02:06','SEMINAR_CRITERIA_UPDATE',18),(336,'seminar_criteria','{\"id\":18,\"criteriaName\":\"Test\",\"criteriaBobot\":0.0,\"isDeleted\":0,\"isSelected\":1}','2023-05-24 17:02:06','SEMINAR_CRITERIA_UPDATE',18),(337,'seminar_criteria','{\"id\":14,\"criteriaName\":\"Penguasaan Materi dalam Tanya Jawab\",\"criteriaBobot\":1.0,\"isDeleted\":0,\"isSelected\":1}','2023-05-24 17:02:09','SEMINAR_CRITERIA_UPDATE',14),(338,'seminar_criteria','{\"id\":14,\"criteriaName\":\"Penguasaan Materi dalam Tanya Jawab\",\"criteriaBobot\":1.0,\"isDeleted\":0,\"isSelected\":1}','2023-05-24 17:02:09','SEMINAR_CRITERIA_UPDATE',14),(339,'seminar_criteria','{\"id\":14,\"criteriaName\":\"Penguasaan Materi dalam Tanya Jawab\",\"criteriaBobot\":0.0,\"isDeleted\":0,\"isSelected\":1}','2023-05-24 17:02:10','SEMINAR_CRITERIA_UPDATE',14),(340,'seminar_criteria','{\"id\":14,\"criteriaName\":\"Penguasaan Materi dalam Tanya Jawab\",\"criteriaBobot\":0.0,\"isDeleted\":0,\"isSelected\":1}','2023-05-24 17:03:36','SEMINAR_CRITERIA_UPDATE',14),(341,'seminar_criteria','{\"id\":14,\"criteriaName\":\"Penguasaan Materi dalam Tanya Jawab\",\"criteriaBobot\":9.0,\"isDeleted\":0,\"isSelected\":1}','2023-05-24 17:03:38','SEMINAR_CRITERIA_UPDATE',14),(342,'seminar_criteria','{\"id\":14,\"criteriaName\":\"Penguasaan Materi dalam Tanya Jawab\",\"criteriaBobot\":90.0,\"isDeleted\":0,\"isSelected\":1}','2023-05-24 17:03:38','SEMINAR_CRITERIA_UPDATE',14),(343,'seminar_criteria','{\"id\":14,\"criteriaName\":\"Penguasaan Materi dalam Tanya Jawab\",\"criteriaBobot\":9.0,\"isDeleted\":0,\"isSelected\":1}','2023-05-24 17:03:40','SEMINAR_CRITERIA_UPDATE',14),(344,'seminar_criteria','{\"id\":14,\"criteriaName\":\"Penguasaan Materi dalam Tanya Jawab\",\"criteriaBobot\":9.0,\"isDeleted\":0,\"isSelected\":1}','2023-05-24 17:03:40','SEMINAR_CRITERIA_UPDATE',14),(345,'seminar_criteria','{\"id\":14,\"criteriaName\":\"Penguasaan Materi dalam Tanya Jawab\",\"criteriaBobot\":91.0,\"isDeleted\":0,\"isSelected\":1}','2023-05-24 17:03:40','SEMINAR_CRITERIA_UPDATE',14),(346,'seminar_criteria','{\"id\":14,\"criteriaName\":\"Penguasaan Materi dalam Tanya Jawab\",\"criteriaBobot\":95.0,\"isDeleted\":0,\"isSelected\":1}','2023-05-24 17:03:41','SEMINAR_CRITERIA_UPDATE',14),(347,'seminar_criteria','{\"id\":14,\"criteriaName\":\"Penguasaan Materi dalam Tanya Jawab\",\"criteriaBobot\":9.0,\"isDeleted\":0,\"isSelected\":1}','2023-05-24 17:03:42','SEMINAR_CRITERIA_UPDATE',14),(348,'seminar_criteria','{\"id\":14,\"criteriaName\":\"Penguasaan Materi dalam Tanya Jawab\",\"criteriaBobot\":9.0,\"isDeleted\":0,\"isSelected\":1}','2023-05-24 17:03:42','SEMINAR_CRITERIA_UPDATE',14),(349,'seminar_criteria','{\"id\":14,\"criteriaName\":\"Penguasaan Materi dalam Tanya Jawab\",\"criteriaBobot\":1.0,\"isDeleted\":0,\"isSelected\":1}','2023-05-24 17:03:43','SEMINAR_CRITERIA_UPDATE',14),(350,'seminar_criteria','{\"id\":14,\"criteriaName\":\"Penguasaan Materi dalam Tanya Jawab\",\"criteriaBobot\":15.0,\"isDeleted\":0,\"isSelected\":1}','2023-05-24 17:03:44','SEMINAR_CRITERIA_UPDATE',14),(351,'seminar_criteria','{\"id\":18,\"criteriaName\":\"Test\",\"criteriaBobot\":0.0,\"isDeleted\":0,\"isSelected\":0}','2023-05-24 17:03:47','SEMINAR_CRITERIA_UPDATE',18),(352,'seminar_criteria','{\"id\":21,\"criteriaName\":\"tes4\",\"criteriaBobot\":0.0,\"isDeleted\":0,\"isSelected\":1}','2023-05-24 17:03:57','SEMINAR_CRITERIA_UPDATE',21),(353,'seminar_criteria','{\"id\":21,\"criteriaName\":\"tes4\",\"criteriaBobot\":5.0,\"isDeleted\":0,\"isSelected\":1}','2023-05-24 17:04:03','SEMINAR_CRITERIA_UPDATE',21),(354,'seminar_criteria','{\"id\":21,\"criteriaName\":\"tes4\",\"criteriaBobot\":0.0,\"isDeleted\":0,\"isSelected\":1}','2023-05-24 17:04:03','SEMINAR_CRITERIA_UPDATE',21),(355,'seminar_criteria','{\"id\":21,\"criteriaName\":\"tes4\",\"criteriaBobot\":0.0,\"isDeleted\":0,\"isSelected\":1}','2023-05-24 17:04:05','SEMINAR_CRITERIA_UPDATE',21),(356,'seminar_criteria','{\"id\":21,\"criteriaName\":\"tes4\",\"criteriaBobot\":0.0,\"isDeleted\":0,\"isSelected\":1}','2023-05-24 17:04:05','SEMINAR_CRITERIA_UPDATE',21),(357,'seminar_criteria','{\"id\":21,\"criteriaName\":\"tes4\",\"criteriaBobot\":5.0,\"isDeleted\":0,\"isSelected\":1}','2023-05-24 17:04:07','SEMINAR_CRITERIA_UPDATE',21),(358,'seminar_criteria','{\"id\":21,\"criteriaName\":\"tes4\",\"criteriaBobot\":5.0,\"isDeleted\":0,\"isSelected\":0}','2023-05-24 17:08:47','SEMINAR_CRITERIA_UPDATE',21),(359,'seminar_criteria','{\"id\":18,\"criteriaName\":\"Test\",\"criteriaBobot\":0.0,\"isDeleted\":0,\"isSelected\":1}','2023-05-24 17:35:33','SEMINAR_CRITERIA_UPDATE',18),(360,'seminar_criteria','{\"id\":18,\"criteriaName\":\"Test\",\"criteriaBobot\":0.0,\"isDeleted\":0,\"isSelected\":1}','2023-05-24 17:35:35','SEMINAR_CRITERIA_UPDATE',18),(361,'seminar_criteria','{\"id\":18,\"criteriaName\":\"Test\",\"criteriaBobot\":9.0,\"isDeleted\":0,\"isSelected\":1}','2023-05-24 17:35:37','SEMINAR_CRITERIA_UPDATE',18),(362,'seminar_criteria','{\"id\":18,\"criteriaName\":\"Test\",\"criteriaBobot\":98.0,\"isDeleted\":0,\"isSelected\":1}','2023-05-24 17:35:38','SEMINAR_CRITERIA_UPDATE',18),(363,'seminar_criteria','{\"id\":18,\"criteriaName\":\"Test\",\"criteriaBobot\":9.0,\"isDeleted\":0,\"isSelected\":1}','2023-05-24 17:35:39','SEMINAR_CRITERIA_UPDATE',18),(364,'seminar_criteria','{\"id\":18,\"criteriaName\":\"Test\",\"criteriaBobot\":9.0,\"isDeleted\":0,\"isSelected\":1}','2023-05-24 17:35:40','SEMINAR_CRITERIA_UPDATE',18),(365,'seminar_criteria','{\"id\":18,\"criteriaName\":\"Test\",\"criteriaBobot\":1.0,\"isDeleted\":0,\"isSelected\":1}','2023-05-24 17:35:43','SEMINAR_CRITERIA_UPDATE',18),(366,'seminar_criteria','{\"id\":18,\"criteriaName\":\"Test\",\"criteriaBobot\":2.0,\"isDeleted\":0,\"isSelected\":1}','2023-05-24 17:35:43','SEMINAR_CRITERIA_UPDATE',18),(367,'seminar_criteria','{\"id\":18,\"criteriaName\":\"Test\",\"criteriaBobot\":2.0,\"isDeleted\":0,\"isSelected\":1}','2023-05-24 17:35:45','SEMINAR_CRITERIA_UPDATE',18),(368,'seminar_criteria','{\"id\":18,\"criteriaName\":\"Test\",\"criteriaBobot\":1.0,\"isDeleted\":0,\"isSelected\":1}','2023-05-24 17:35:47','SEMINAR_CRITERIA_UPDATE',18),(369,'seminar_criteria','{\"id\":18,\"criteriaName\":\"Test\",\"criteriaBobot\":2.0,\"isDeleted\":0,\"isSelected\":1}','2023-05-24 17:35:47','SEMINAR_CRITERIA_UPDATE',18),(370,'seminar_criteria','{\"id\":18,\"criteriaName\":\"Test\",\"criteriaBobot\":22.0,\"isDeleted\":0,\"isSelected\":1}','2023-05-24 17:35:49','SEMINAR_CRITERIA_UPDATE',18),(371,'seminar_criteria','{\"id\":18,\"criteriaName\":\"Test\",\"criteriaBobot\":2.0,\"isDeleted\":0,\"isSelected\":1}','2023-05-24 17:35:50','SEMINAR_CRITERIA_UPDATE',18),(372,'seminar_criteria','{\"id\":18,\"criteriaName\":\"Test\",\"criteriaBobot\":2.0,\"isDeleted\":0,\"isSelected\":1}','2023-05-24 17:35:50','SEMINAR_CRITERIA_UPDATE',18),(373,'seminar_criteria','{\"id\":18,\"criteriaName\":\"Test\",\"criteriaBobot\":1.0,\"isDeleted\":0,\"isSelected\":1}','2023-05-24 17:35:52','SEMINAR_CRITERIA_UPDATE',18),(374,'seminar_criteria','{\"id\":18,\"criteriaName\":\"Test\",\"criteriaBobot\":12.0,\"isDeleted\":0,\"isSelected\":1}','2023-05-24 17:35:52','SEMINAR_CRITERIA_UPDATE',18),(375,'seminar_criteria','{\"id\":18,\"criteriaName\":\"Test\",\"criteriaBobot\":1.0,\"isDeleted\":0,\"isSelected\":1}','2023-05-24 17:35:53','SEMINAR_CRITERIA_UPDATE',18),(376,'seminar_criteria','{\"id\":18,\"criteriaName\":\"Test\",\"criteriaBobot\":1.0,\"isDeleted\":0,\"isSelected\":1}','2023-05-24 17:35:54','SEMINAR_CRITERIA_UPDATE',18),(377,'seminar_criteria','{\"id\":18,\"criteriaName\":\"Test\",\"criteriaBobot\":3.0,\"isDeleted\":0,\"isSelected\":1}','2023-05-24 17:35:56','SEMINAR_CRITERIA_UPDATE',18),(378,'seminar_criteria','{\"id\":18,\"criteriaName\":\"Test\",\"criteriaBobot\":34.0,\"isDeleted\":0,\"isSelected\":1}','2023-05-24 17:35:56','SEMINAR_CRITERIA_UPDATE',18),(379,'seminar_criteria','{\"id\":18,\"criteriaName\":\"Test\",\"criteriaBobot\":34.0,\"isDeleted\":0,\"isSelected\":0}','2023-05-24 17:57:38','SEMINAR_CRITERIA_UPDATE',18),(380,'seminar_criteria','{\"id\":18,\"criteriaName\":\"Test\",\"criteriaBobot\":34.0,\"isDeleted\":0,\"isSelected\":1}','2023-05-24 17:57:42','SEMINAR_CRITERIA_UPDATE',18),(381,'seminar_criteria','{\"id\":18,\"criteriaName\":\"Test\",\"criteriaBobot\":34.0,\"isDeleted\":0,\"isSelected\":0}','2023-05-24 17:57:43','SEMINAR_CRITERIA_UPDATE',18),(382,'seminar_criteria','{\"id\":18,\"criteriaName\":\"Test\",\"criteriaBobot\":34.0,\"isDeleted\":0,\"isSelected\":1}','2023-05-24 17:57:48','SEMINAR_CRITERIA_UPDATE',18),(383,'seminar_criteria','{\"id\":18,\"criteriaName\":\"Test\",\"criteriaBobot\":34.0,\"isDeleted\":0,\"isSelected\":0}','2023-05-24 20:49:53','SEMINAR_CRITERIA_UPDATE',18),(384,'seminar_criteria','{\"id\":18,\"criteriaName\":\"Test\",\"criteriaBobot\":34.0,\"isDeleted\":0,\"isSelected\":1}','2023-05-24 20:49:59','SEMINAR_CRITERIA_UPDATE',18),(385,'seminar_criteria','{\"id\":18,\"criteriaName\":\"Test\",\"criteriaBobot\":34.0,\"isDeleted\":0,\"isSelected\":0}','2023-05-24 21:24:44','SEMINAR_CRITERIA_UPDATE',18),(386,'seminar_criteria','{\"id\":18,\"criteriaName\":\"Test\",\"criteriaBobot\":34.0,\"isDeleted\":0,\"isSelected\":1}','2023-05-24 21:24:47','SEMINAR_CRITERIA_UPDATE',18),(387,'seminar_criteria','{\"id\":18,\"criteriaName\":\"Test\",\"criteriaBobot\":34.0,\"isDeleted\":0,\"isSelected\":0}','2023-05-24 21:24:48','SEMINAR_CRITERIA_UPDATE',18),(388,'seminar_criteria','{\"id\":18,\"criteriaName\":\"Test\",\"criteriaBobot\":34.0,\"isDeleted\":0,\"isSelected\":1}','2023-05-24 21:24:50','SEMINAR_CRITERIA_UPDATE',18),(389,'seminar_criteria','{\"id\":18,\"criteriaName\":\"Test\",\"criteriaBobot\":34.0,\"isDeleted\":0,\"isSelected\":0}','2023-05-24 21:24:52','SEMINAR_CRITERIA_UPDATE',18),(390,'seminar_criteria','{\"id\":18,\"criteriaName\":\"Test\",\"criteriaBobot\":34.0,\"isDeleted\":0,\"isSelected\":1}','2023-05-24 21:26:45','SEMINAR_CRITERIA_UPDATE',18),(391,'seminar_criteria','{\"id\":18,\"criteriaName\":\"Test\",\"criteriaBobot\":0.0,\"isDeleted\":0,\"isSelected\":0}','2023-05-24 21:26:47','SEMINAR_CRITERIA_UPDATE',18),(392,'seminar_criteria','{\"id\":18,\"criteriaName\":\"Test\",\"criteriaBobot\":0.0,\"isDeleted\":0,\"isSelected\":1}','2023-05-24 21:26:48','SEMINAR_CRITERIA_UPDATE',18),(393,'seminar_criteria','{\"id\":18,\"criteriaName\":\"Test\",\"criteriaBobot\":0.0,\"isDeleted\":0,\"isSelected\":0}','2023-05-24 21:26:50','SEMINAR_CRITERIA_UPDATE',18),(394,'seminar_criteria','{\"id\":18,\"criteriaName\":\"Test\",\"criteriaBobot\":0.0,\"isDeleted\":0,\"isSelected\":1}','2023-05-24 21:26:51','SEMINAR_CRITERIA_UPDATE',18),(395,'seminar_criteria','{\"id\":18,\"criteriaName\":\"Test\",\"criteriaBobot\":0.0,\"isDeleted\":0,\"isSelected\":0}','2023-05-24 21:26:53','SEMINAR_CRITERIA_UPDATE',18),(396,'seminar_criteria','{\"id\":18,\"criteriaName\":\"Test\",\"criteriaBobot\":0.0,\"isDeleted\":0,\"isSelected\":1}','2023-05-24 21:26:54','SEMINAR_CRITERIA_UPDATE',18),(397,'seminar_criteria','{\"id\":18,\"criteriaName\":\"Test\",\"criteriaBobot\":0.0,\"isDeleted\":0,\"isSelected\":0}','2023-05-24 21:26:55','SEMINAR_CRITERIA_UPDATE',18),(398,'seminar_criteria','{\"id\":18,\"criteriaName\":\"Test\",\"criteriaBobot\":0.0,\"isDeleted\":0,\"isSelected\":1}','2023-05-24 21:27:17','SEMINAR_CRITERIA_UPDATE',18),(399,'seminar_criteria','{\"id\":18,\"criteriaName\":\"Test\",\"criteriaBobot\":0.0,\"isDeleted\":0,\"isSelected\":0}','2023-05-24 21:28:04','SEMINAR_CRITERIA_UPDATE',18),(400,'seminar_criteria','{\"id\":18,\"criteriaName\":\"Test\",\"criteriaBobot\":0.0,\"isDeleted\":0,\"isSelected\":1}','2023-05-24 21:28:06','SEMINAR_CRITERIA_UPDATE',18),(401,'seminar_criteria','{\"id\":18,\"criteriaName\":\"Test\",\"criteriaBobot\":0.0,\"isDeleted\":0,\"isSelected\":0}','2023-05-24 21:28:14','SEMINAR_CRITERIA_UPDATE',18),(402,'seminar_criteria','{\"id\":18,\"criteriaName\":\"Test\",\"criteriaBobot\":0.0,\"isDeleted\":0,\"isSelected\":1}','2023-05-24 21:30:50','SEMINAR_CRITERIA_UPDATE',18),(403,'seminar_criteria','{\"id\":18,\"criteriaName\":\"Test\",\"criteriaBobot\":0.0,\"isDeleted\":0,\"isSelected\":1}','2023-05-24 21:30:54','SEMINAR_CRITERIA_UPDATE',18),(404,'seminar_criteria','{\"id\":18,\"criteriaName\":\"Test\",\"criteriaBobot\":1.0,\"isDeleted\":0,\"isSelected\":1}','2023-05-24 21:30:56','SEMINAR_CRITERIA_UPDATE',18),(405,'seminar_criteria','{\"id\":18,\"criteriaName\":\"Test\",\"criteriaBobot\":12.0,\"isDeleted\":0,\"isSelected\":1}','2023-05-24 21:30:57','SEMINAR_CRITERIA_UPDATE',18),(406,'seminar_criteria','{\"id\":18,\"criteriaName\":\"Test\",\"criteriaBobot\":0.0,\"isDeleted\":0,\"isSelected\":0}','2023-05-24 21:31:06','SEMINAR_CRITERIA_UPDATE',18),(407,'seminar_criteria','{\"id\":18,\"criteriaName\":\"Test\",\"criteriaBobot\":0.0,\"isDeleted\":0,\"isSelected\":1}','2023-05-24 21:31:09','SEMINAR_CRITERIA_UPDATE',18),(408,'seminar_criteria','{\"id\":18,\"criteriaName\":\"Test\",\"criteriaBobot\":0.0,\"isDeleted\":0,\"isSelected\":1}','2023-05-24 21:31:11','SEMINAR_CRITERIA_UPDATE',18),(409,'seminar_criteria','{\"id\":18,\"criteriaName\":\"Test\",\"criteriaBobot\":3.0,\"isDeleted\":0,\"isSelected\":1}','2023-05-24 21:31:12','SEMINAR_CRITERIA_UPDATE',18),(410,'seminar_criteria','{\"id\":18,\"criteriaName\":\"Test\",\"criteriaBobot\":34.0,\"isDeleted\":0,\"isSelected\":1}','2023-05-24 21:31:12','SEMINAR_CRITERIA_UPDATE',18),(411,'seminar_criteria','{\"id\":18,\"criteriaName\":\"Test\",\"criteriaBobot\":0.0,\"isDeleted\":0,\"isSelected\":0}','2023-05-24 21:31:35','SEMINAR_CRITERIA_UPDATE',18),(412,'seminar_criteria','{\"id\":18,\"criteriaName\":\"Test\",\"criteriaBobot\":0.0,\"isDeleted\":0,\"isSelected\":1}','2023-05-24 21:31:37','SEMINAR_CRITERIA_UPDATE',18),(413,'seminar_criteria','{\"id\":18,\"criteriaName\":\"Test\",\"criteriaBobot\":0.0,\"isDeleted\":0,\"isSelected\":1}','2023-05-24 21:31:39','SEMINAR_CRITERIA_UPDATE',18),(414,'seminar_criteria','{\"id\":18,\"criteriaName\":\"Test\",\"criteriaBobot\":4.0,\"isDeleted\":0,\"isSelected\":1}','2023-05-24 21:31:40','SEMINAR_CRITERIA_UPDATE',18),(415,'seminar_criteria','{\"id\":18,\"criteriaName\":\"Test\",\"criteriaBobot\":5.0,\"isDeleted\":0,\"isSelected\":1}','2023-05-24 21:31:40','SEMINAR_CRITERIA_UPDATE',18),(416,'seminar_criteria','{\"id\":18,\"criteriaName\":\"Test\",\"criteriaBobot\":5.0,\"isDeleted\":0,\"isSelected\":1}','2023-05-24 21:31:44','SEMINAR_CRITERIA_UPDATE',18),(417,'seminar_criteria','{\"id\":18,\"criteriaName\":\"Test\",\"criteriaBobot\":4.0,\"isDeleted\":0,\"isSelected\":1}','2023-05-24 21:31:44','SEMINAR_CRITERIA_UPDATE',18),(418,'seminar_criteria','{\"id\":18,\"criteriaName\":\"Test\",\"criteriaBobot\":45.0,\"isDeleted\":0,\"isSelected\":1}','2023-05-24 21:31:45','SEMINAR_CRITERIA_UPDATE',18),(419,'seminar_criteria','{\"id\":18,\"criteriaName\":\"Test\",\"criteriaBobot\":0.0,\"isDeleted\":0,\"isSelected\":0}','2023-05-24 21:37:03','SEMINAR_CRITERIA_UPDATE',18),(420,'seminar_criteria','{\"id\":18,\"criteriaName\":\"Test\",\"criteriaBobot\":0.0,\"isDeleted\":0,\"isSelected\":1}','2023-05-24 21:37:05','SEMINAR_CRITERIA_UPDATE',18),(421,'seminar_criteria','{\"id\":18,\"criteriaName\":\"Test\",\"criteriaBobot\":0.0,\"isDeleted\":0,\"isSelected\":1}','2023-05-24 21:37:08','SEMINAR_CRITERIA_UPDATE',18),(422,'seminar_criteria','{\"id\":18,\"criteriaName\":\"Test\",\"criteriaBobot\":0.0,\"isDeleted\":0,\"isSelected\":1}','2023-05-24 21:37:11','SEMINAR_CRITERIA_UPDATE',18),(423,'seminar_criteria','{\"id\":18,\"criteriaName\":\"Test\",\"criteriaBobot\":0.0,\"isDeleted\":0,\"isSelected\":1}','2023-05-24 21:37:11','SEMINAR_CRITERIA_UPDATE',18),(424,'seminar_criteria','{\"id\":18,\"criteriaName\":\"Test\",\"criteriaBobot\":0.0,\"isDeleted\":0,\"isSelected\":1}','2023-05-24 21:37:11','SEMINAR_CRITERIA_UPDATE',18),(425,'seminar_criteria','{\"id\":18,\"criteriaName\":\"Test\",\"criteriaBobot\":0.0,\"isDeleted\":0,\"isSelected\":1}','2023-05-24 21:37:12','SEMINAR_CRITERIA_UPDATE',18),(426,'seminar_criteria','{\"id\":18,\"criteriaName\":\"Test\",\"criteriaBobot\":0.0,\"isDeleted\":0,\"isSelected\":1}','2023-05-24 21:37:13','SEMINAR_CRITERIA_UPDATE',18),(427,'seminar_criteria','{\"id\":18,\"criteriaName\":\"Test\",\"criteriaBobot\":0.0,\"isDeleted\":0,\"isSelected\":1}','2023-05-24 21:37:13','SEMINAR_CRITERIA_UPDATE',18),(428,'seminar_criteria','{\"id\":18,\"criteriaName\":\"Test\",\"criteriaBobot\":0.0,\"isDeleted\":0,\"isSelected\":1}','2023-05-24 21:37:14','SEMINAR_CRITERIA_UPDATE',18),(429,'seminar_criteria','{\"id\":18,\"criteriaName\":\"Test\",\"criteriaBobot\":0.0,\"isDeleted\":0,\"isSelected\":1}','2023-05-24 21:37:14','SEMINAR_CRITERIA_UPDATE',18),(430,'seminar_criteria','{\"id\":18,\"criteriaName\":\"Test\",\"criteriaBobot\":0.0,\"isDeleted\":0,\"isSelected\":1}','2023-05-24 21:37:16','SEMINAR_CRITERIA_UPDATE',18),(431,'seminar_criteria','{\"id\":18,\"criteriaName\":\"Test\",\"criteriaBobot\":0.0,\"isDeleted\":0,\"isSelected\":1}','2023-05-24 21:38:26','SEMINAR_CRITERIA_UPDATE',18),(432,'seminar_criteria','{\"id\":18,\"criteriaName\":\"Test\",\"criteriaBobot\":0.0,\"isDeleted\":0,\"isSelected\":1}','2023-05-24 21:38:26','SEMINAR_CRITERIA_UPDATE',18),(433,'seminar_criteria','{\"id\":18,\"criteriaName\":\"Test\",\"criteriaBobot\":0.0,\"isDeleted\":0,\"isSelected\":1}','2023-05-24 21:38:27','SEMINAR_CRITERIA_UPDATE',18),(434,'seminar_criteria','{\"id\":18,\"criteriaName\":\"Test\",\"criteriaBobot\":0.0,\"isDeleted\":0,\"isSelected\":0}','2023-05-24 21:40:15','SEMINAR_CRITERIA_UPDATE',18),(435,'seminar_criteria','{\"id\":18,\"criteriaName\":\"Test\",\"criteriaBobot\":0.0,\"isDeleted\":0,\"isSelected\":1}','2023-05-24 21:40:16','SEMINAR_CRITERIA_UPDATE',18),(436,'seminar_criteria','{\"id\":18,\"criteriaName\":\"Test\",\"criteriaBobot\":0.0,\"isDeleted\":0,\"isSelected\":1}','2023-05-24 21:40:22','SEMINAR_CRITERIA_UPDATE',18),(437,'seminar_criteria','{\"id\":18,\"criteriaName\":\"Test\",\"criteriaBobot\":0.0,\"isDeleted\":0,\"isSelected\":1}','2023-05-24 21:40:22','SEMINAR_CRITERIA_UPDATE',18),(438,'seminar_criteria','{\"id\":18,\"criteriaName\":\"Test\",\"criteriaBobot\":0.0,\"isDeleted\":0,\"isSelected\":1}','2023-05-24 21:40:23','SEMINAR_CRITERIA_UPDATE',18),(439,'seminar_criteria','{\"id\":18,\"criteriaName\":\"Test\",\"criteriaBobot\":0.0,\"isDeleted\":0,\"isSelected\":0}','2023-05-24 21:57:56','SEMINAR_CRITERIA_UPDATE',18),(440,'seminar_criteria','{\"id\":18,\"criteriaName\":\"Test\",\"criteriaBobot\":0.0,\"isDeleted\":0,\"isSelected\":1}','2023-05-24 21:57:58','SEMINAR_CRITERIA_UPDATE',18),(441,'seminar_criteria','{\"id\":18,\"criteriaName\":\"Test\",\"criteriaBobot\":0.0,\"isDeleted\":0,\"isSelected\":0}','2023-05-24 21:59:10','SEMINAR_CRITERIA_UPDATE',18),(442,'seminar_criteria','{\"id\":18,\"criteriaName\":\"Test\",\"criteriaBobot\":0.0,\"isDeleted\":0,\"isSelected\":1}','2023-05-24 21:59:11','SEMINAR_CRITERIA_UPDATE',18),(443,'seminar_criteria','{\"id\":18,\"criteriaName\":\"Test\",\"criteriaBobot\":0.0,\"isDeleted\":0,\"isSelected\":0}','2023-05-24 22:10:14','SEMINAR_CRITERIA_UPDATE',18),(444,'seminar_criteria','{\"id\":18,\"criteriaName\":\"Test\",\"criteriaBobot\":0.0,\"isDeleted\":0,\"isSelected\":1}','2023-05-24 22:10:16','SEMINAR_CRITERIA_UPDATE',18),(445,'seminar_criteria','{\"id\":18,\"criteriaName\":\"Test\",\"criteriaBobot\":0.0,\"isDeleted\":0,\"isSelected\":0}','2023-05-24 22:10:56','SEMINAR_CRITERIA_UPDATE',18),(446,'seminar_criteria','{\"id\":18,\"criteriaName\":\"Test\",\"criteriaBobot\":0.0,\"isDeleted\":0,\"isSelected\":1}','2023-05-24 22:11:00','SEMINAR_CRITERIA_UPDATE',18),(447,'seminar_criteria','{\"id\":18,\"criteriaName\":\"Test\",\"criteriaBobot\":0.0,\"isDeleted\":0,\"isSelected\":1}','2023-05-24 22:11:02','SEMINAR_CRITERIA_UPDATE',18),(448,'seminar_criteria','{\"id\":18,\"criteriaName\":\"Test\",\"criteriaBobot\":4.0,\"isDeleted\":0,\"isSelected\":1}','2023-05-24 22:11:04','SEMINAR_CRITERIA_UPDATE',18),(449,'seminar_criteria','{\"id\":18,\"criteriaName\":\"Test\",\"criteriaBobot\":45.0,\"isDeleted\":0,\"isSelected\":1}','2023-05-24 22:11:04','SEMINAR_CRITERIA_UPDATE',18),(450,'seminar_criteria','{\"id\":18,\"criteriaName\":\"Test\",\"criteriaBobot\":4.0,\"isDeleted\":0,\"isSelected\":1}','2023-05-24 22:11:35','SEMINAR_CRITERIA_UPDATE',18),(451,'seminar_criteria','{\"id\":18,\"criteriaName\":\"Test\",\"criteriaBobot\":4.0,\"isDeleted\":0,\"isSelected\":1}','2023-05-24 22:11:36','SEMINAR_CRITERIA_UPDATE',18),(452,'seminar_criteria','{\"id\":18,\"criteriaName\":\"Test\",\"criteriaBobot\":1.0,\"isDeleted\":0,\"isSelected\":1}','2023-05-24 22:11:39','SEMINAR_CRITERIA_UPDATE',18),(453,'seminar_criteria','{\"id\":18,\"criteriaName\":\"Test\",\"criteriaBobot\":10.0,\"isDeleted\":0,\"isSelected\":1}','2023-05-24 22:11:40','SEMINAR_CRITERIA_UPDATE',18),(454,'seminar_criteria','{\"id\":18,\"criteriaName\":\"Test\",\"criteriaBobot\":0.0,\"isDeleted\":0,\"isSelected\":0}','2023-05-24 22:50:02','SEMINAR_CRITERIA_UPDATE',18),(455,'seminar_criteria','{\"id\":18,\"criteriaName\":\"Test\",\"criteriaBobot\":0.0,\"isDeleted\":0,\"isSelected\":1}','2023-05-24 22:50:04','SEMINAR_CRITERIA_UPDATE',18),(456,'seminar_criteria','{\"id\":18,\"criteriaName\":\"Test\",\"criteriaBobot\":0.0,\"isDeleted\":0,\"isSelected\":1}','2023-05-24 22:50:06','SEMINAR_CRITERIA_UPDATE',18),(457,'seminar_criteria','{\"id\":18,\"criteriaName\":\"Test\",\"criteriaBobot\":3.0,\"isDeleted\":0,\"isSelected\":1}','2023-05-24 22:50:08','SEMINAR_CRITERIA_UPDATE',18),(458,'seminar_criteria','{\"id\":18,\"criteriaName\":\"Test\",\"criteriaBobot\":34.0,\"isDeleted\":0,\"isSelected\":1}','2023-05-24 22:50:08','SEMINAR_CRITERIA_UPDATE',18),(459,'seminar_criteria','{\"id\":18,\"criteriaName\":\"Test\",\"criteriaBobot\":0.0,\"isDeleted\":0,\"isSelected\":0}','2023-05-24 22:52:35','SEMINAR_CRITERIA_UPDATE',18),(460,'seminar_criteria','{\"id\":18,\"criteriaName\":\"Test\",\"criteriaBobot\":0.0,\"isDeleted\":0,\"isSelected\":1}','2023-05-24 22:52:37','SEMINAR_CRITERIA_UPDATE',18),(461,'seminar_criteria','{\"id\":18,\"criteriaName\":\"Test\",\"criteriaBobot\":0.0,\"isDeleted\":0,\"isSelected\":1}','2023-05-24 22:52:39','SEMINAR_CRITERIA_UPDATE',18),(462,'seminar_criteria','{\"id\":18,\"criteriaName\":\"Test\",\"criteriaBobot\":0.0,\"isDeleted\":0,\"isSelected\":1}','2023-05-24 22:52:39','SEMINAR_CRITERIA_UPDATE',18),(463,'seminar_criteria','{\"id\":18,\"criteriaName\":\"Test\",\"criteriaBobot\":0.0,\"isDeleted\":0,\"isSelected\":1}','2023-05-24 22:52:40','SEMINAR_CRITERIA_UPDATE',18),(464,'seminar_criteria','{\"id\":18,\"criteriaName\":\"Test\",\"criteriaBobot\":0.0,\"isDeleted\":0,\"isSelected\":1}','2023-05-24 22:52:40','SEMINAR_CRITERIA_UPDATE',18),(465,'seminar_criteria','{\"id\":18,\"criteriaName\":\"Test\",\"criteriaBobot\":0.0,\"isDeleted\":0,\"isSelected\":1}','2023-05-24 22:52:42','SEMINAR_CRITERIA_UPDATE',18),(466,'seminar_criteria','{\"id\":18,\"criteriaName\":\"Test\",\"criteriaBobot\":0.0,\"isDeleted\":0,\"isSelected\":1}','2023-05-24 22:52:43','SEMINAR_CRITERIA_UPDATE',18),(467,'seminar_criteria','{\"id\":18,\"criteriaName\":\"Test\",\"criteriaBobot\":0.0,\"isDeleted\":0,\"isSelected\":1}','2023-05-24 22:52:43','SEMINAR_CRITERIA_UPDATE',18),(468,'seminar_criteria','{\"id\":18,\"criteriaName\":\"Test\",\"criteriaBobot\":0.0,\"isDeleted\":0,\"isSelected\":1}','2023-05-24 22:52:43','SEMINAR_CRITERIA_UPDATE',18),(469,'seminar_criteria','{\"id\":18,\"criteriaName\":\"Test\",\"criteriaBobot\":0.0,\"isDeleted\":0,\"isSelected\":1}','2023-05-24 22:52:43','SEMINAR_CRITERIA_UPDATE',18),(470,'seminar_criteria','{\"id\":18,\"criteriaName\":\"Test\",\"criteriaBobot\":0.0,\"isDeleted\":0,\"isSelected\":1}','2023-05-24 22:52:44','SEMINAR_CRITERIA_UPDATE',18),(471,'seminar_criteria','{\"id\":18,\"criteriaName\":\"Test\",\"criteriaBobot\":0.0,\"isDeleted\":0,\"isSelected\":1}','2023-05-24 22:52:53','SEMINAR_CRITERIA_UPDATE',18),(472,'seminar_criteria','{\"id\":18,\"criteriaName\":\"Test\",\"criteriaBobot\":0.0,\"isDeleted\":0,\"isSelected\":1}','2023-05-24 22:52:53','SEMINAR_CRITERIA_UPDATE',18),(473,'seminar_criteria','{\"id\":18,\"criteriaName\":\"Test\",\"criteriaBobot\":0.0,\"isDeleted\":0,\"isSelected\":1}','2023-05-24 22:52:53','SEMINAR_CRITERIA_UPDATE',18),(474,'seminar_criteria','{\"id\":18,\"criteriaName\":\"Test\",\"criteriaBobot\":0.0,\"isDeleted\":0,\"isSelected\":1}','2023-05-24 22:52:54','SEMINAR_CRITERIA_UPDATE',18),(475,'seminar_criteria','{\"id\":18,\"criteriaName\":\"Test\",\"criteriaBobot\":0.0,\"isDeleted\":0,\"isSelected\":1}','2023-05-24 22:52:54','SEMINAR_CRITERIA_UPDATE',18),(476,'seminar_criteria','{\"id\":18,\"criteriaName\":\"Test\",\"criteriaBobot\":0.0,\"isDeleted\":0,\"isSelected\":0}','2023-05-24 22:58:29','SEMINAR_CRITERIA_UPDATE',18),(477,'seminar_criteria','{\"id\":18,\"criteriaName\":\"Test\",\"criteriaBobot\":0.0,\"isDeleted\":0,\"isSelected\":1}','2023-05-24 22:58:39','SEMINAR_CRITERIA_UPDATE',18),(478,'seminar_criteria','{\"id\":18,\"criteriaName\":\"Test\",\"criteriaBobot\":0.0,\"isDeleted\":0,\"isSelected\":0}','2023-05-24 22:58:55','SEMINAR_CRITERIA_UPDATE',18),(479,'seminar_criteria','{\"id\":18,\"criteriaName\":\"Test\",\"criteriaBobot\":0.0,\"isDeleted\":0,\"isSelected\":1}','2023-05-24 22:58:57','SEMINAR_CRITERIA_UPDATE',18),(480,'seminar_criteria','{\"id\":18,\"criteriaName\":\"Test\",\"criteriaBobot\":0.0,\"isDeleted\":0,\"isSelected\":0}','2023-05-24 22:58:59','SEMINAR_CRITERIA_UPDATE',18),(481,'seminar_criteria','{\"id\":18,\"criteriaName\":\"Test\",\"criteriaBobot\":0.0,\"isDeleted\":0,\"isSelected\":1}','2023-05-24 22:59:00','SEMINAR_CRITERIA_UPDATE',18),(482,'seminar_criteria','{\"id\":18,\"criteriaName\":\"Test\",\"criteriaBobot\":0.0,\"isDeleted\":0,\"isSelected\":0}','2023-05-24 22:59:40','SEMINAR_CRITERIA_UPDATE',18),(483,'seminar_criteria','{\"id\":18,\"criteriaName\":\"Test\",\"criteriaBobot\":0.0,\"isDeleted\":0,\"isSelected\":1}','2023-05-24 22:59:42','SEMINAR_CRITERIA_UPDATE',18),(484,'seminar_criteria','{\"id\":18,\"criteriaName\":\"Test\",\"criteriaBobot\":0.0,\"isDeleted\":0,\"isSelected\":1}','2023-05-24 22:59:44','SEMINAR_CRITERIA_UPDATE',18),(485,'seminar_criteria','{\"id\":18,\"criteriaName\":\"Test\",\"criteriaBobot\":0.0,\"isDeleted\":0,\"isSelected\":1}','2023-05-24 22:59:45','SEMINAR_CRITERIA_UPDATE',18),(486,'seminar_criteria','{\"id\":18,\"criteriaName\":\"Test\",\"criteriaBobot\":0.0,\"isDeleted\":0,\"isSelected\":1}','2023-05-24 22:59:46','SEMINAR_CRITERIA_UPDATE',18),(487,'seminar_criteria','{\"id\":18,\"criteriaName\":\"Test\",\"criteriaBobot\":0.0,\"isDeleted\":0,\"isSelected\":1}','2023-05-24 23:00:00','SEMINAR_CRITERIA_UPDATE',18),(488,'seminar_criteria','{\"id\":18,\"criteriaName\":\"Test\",\"criteriaBobot\":0.0,\"isDeleted\":0,\"isSelected\":0}','2023-05-24 23:02:05','SEMINAR_CRITERIA_UPDATE',18),(489,'seminar_criteria','{\"id\":18,\"criteriaName\":\"Test\",\"criteriaBobot\":0.0,\"isDeleted\":0,\"isSelected\":1}','2023-05-24 23:02:10','SEMINAR_CRITERIA_UPDATE',18),(490,'seminar_criteria','{\"id\":19,\"criteriaName\":\"tes 2\",\"criteriaBobot\":0.0,\"isDeleted\":0,\"isSelected\":1}','2023-05-24 23:02:34','SEMINAR_CRITERIA_UPDATE',19),(491,'seminar_criteria','{\"id\":18,\"criteriaName\":\"Test\",\"criteriaBobot\":0.0,\"isDeleted\":0,\"isSelected\":0}','2023-05-24 23:02:53','SEMINAR_CRITERIA_UPDATE',18),(492,'seminar_criteria','{\"id\":19,\"criteriaName\":\"tes 2\",\"criteriaBobot\":0.0,\"isDeleted\":0,\"isSelected\":1}','2023-05-24 23:03:09','SEMINAR_CRITERIA_UPDATE',19),(493,'seminar_criteria','{\"id\":19,\"criteriaName\":\"tes 2\",\"criteriaBobot\":4.0,\"isDeleted\":0,\"isSelected\":1}','2023-05-24 23:03:13','SEMINAR_CRITERIA_UPDATE',19),(494,'seminar_criteria','{\"id\":19,\"criteriaName\":\"tes 2\",\"criteriaBobot\":45.0,\"isDeleted\":0,\"isSelected\":1}','2023-05-24 23:03:14','SEMINAR_CRITERIA_UPDATE',19),(495,'seminar_criteria','{\"id\":19,\"criteriaName\":\"tes 2\",\"criteriaBobot\":4.0,\"isDeleted\":0,\"isSelected\":1}','2023-05-24 23:03:20','SEMINAR_CRITERIA_UPDATE',19),(496,'seminar_criteria','{\"id\":19,\"criteriaName\":\"tes 2\",\"criteriaBobot\":4.0,\"isDeleted\":0,\"isSelected\":1}','2023-05-24 23:03:21','SEMINAR_CRITERIA_UPDATE',19),(497,'seminar_criteria','{\"id\":19,\"criteriaName\":\"tes 2\",\"criteriaBobot\":0.0,\"isDeleted\":0,\"isSelected\":0}','2023-05-24 23:03:28','SEMINAR_CRITERIA_UPDATE',19),(498,'seminar_criteria','{\"id\":18,\"criteriaName\":\"Test\",\"criteriaBobot\":0.0,\"isDeleted\":0,\"isSelected\":1}','2023-05-24 23:10:38','SEMINAR_CRITERIA_UPDATE',18),(499,'seminar_criteria','{\"id\":18,\"criteriaName\":\"Test\",\"criteriaBobot\":0.0,\"isDeleted\":0,\"isSelected\":1}','2023-05-24 23:10:40','SEMINAR_CRITERIA_UPDATE',18),(500,'seminar_criteria','{\"id\":18,\"criteriaName\":\"Test\",\"criteriaBobot\":2.0,\"isDeleted\":0,\"isSelected\":1}','2023-05-24 23:10:40','SEMINAR_CRITERIA_UPDATE',18),(501,'seminar_criteria','{\"id\":18,\"criteriaName\":\"Test\",\"criteriaBobot\":3.0,\"isDeleted\":0,\"isSelected\":1}','2023-05-24 23:10:41','SEMINAR_CRITERIA_UPDATE',18),(502,'seminar_criteria','{\"id\":18,\"criteriaName\":\"Test\",\"criteriaBobot\":3.0,\"isDeleted\":0,\"isSelected\":1}','2023-05-24 23:10:45','SEMINAR_CRITERIA_UPDATE',18),(503,'seminar_criteria','{\"id\":18,\"criteriaName\":\"Test\",\"criteriaBobot\":2.0,\"isDeleted\":0,\"isSelected\":1}','2023-05-24 23:10:45','SEMINAR_CRITERIA_UPDATE',18),(504,'seminar_criteria','{\"id\":18,\"criteriaName\":\"Test\",\"criteriaBobot\":23.0,\"isDeleted\":0,\"isSelected\":1}','2023-05-24 23:10:46','SEMINAR_CRITERIA_UPDATE',18),(505,'seminar_criteria','{\"id\":18,\"criteriaName\":\"Test\",\"criteriaBobot\":2.0,\"isDeleted\":0,\"isSelected\":1}','2023-05-24 23:11:19','SEMINAR_CRITERIA_UPDATE',18),(506,'seminar_criteria','{\"id\":18,\"criteriaName\":\"Test\",\"criteriaBobot\":2.0,\"isDeleted\":0,\"isSelected\":1}','2023-05-24 23:11:20','SEMINAR_CRITERIA_UPDATE',18),(507,'seminar_criteria','{\"id\":18,\"criteriaName\":\"Test\",\"criteriaBobot\":9.0,\"isDeleted\":0,\"isSelected\":1}','2023-05-24 23:11:22','SEMINAR_CRITERIA_UPDATE',18),(508,'seminar_criteria','{\"id\":18,\"criteriaName\":\"Test\",\"criteriaBobot\":98.0,\"isDeleted\":0,\"isSelected\":1}','2023-05-24 23:11:23','SEMINAR_CRITERIA_UPDATE',18),(509,'seminar_criteria','{\"id\":18,\"criteriaName\":\"Test\",\"criteriaBobot\":9.0,\"isDeleted\":0,\"isSelected\":1}','2023-05-24 23:11:26','SEMINAR_CRITERIA_UPDATE',18),(510,'seminar_criteria','{\"id\":18,\"criteriaName\":\"Test\",\"criteriaBobot\":9.0,\"isDeleted\":0,\"isSelected\":1}','2023-05-24 23:11:26','SEMINAR_CRITERIA_UPDATE',18),(511,'seminar_criteria','{\"id\":18,\"criteriaName\":\"Test\",\"criteriaBobot\":0.0,\"isDeleted\":0,\"isSelected\":0}','2023-05-24 23:11:46','SEMINAR_CRITERIA_UPDATE',18),(512,'seminar_criteria','{\"id\":18,\"criteriaName\":\"Test\",\"criteriaBobot\":0.0,\"isDeleted\":0,\"isSelected\":1}','2023-05-24 23:16:01','SEMINAR_CRITERIA_UPDATE',18),(513,'seminar_criteria','{\"id\":18,\"criteriaName\":\"Test\",\"criteriaBobot\":0.0,\"isDeleted\":0,\"isSelected\":0}','2023-05-25 15:39:08','SEMINAR_CRITERIA_UPDATE',18),(514,'seminar_criteria','{\"id\":18,\"criteriaName\":\"Test\",\"criteriaBobot\":0.0,\"isDeleted\":0,\"isSelected\":1}','2023-05-25 17:05:08','SEMINAR_CRITERIA_UPDATE',18),(515,'seminar_criteria','{\"id\":18,\"criteriaName\":\"Test\",\"criteriaBobot\":0.0,\"isDeleted\":0,\"isSelected\":0}','2023-05-25 17:05:13','SEMINAR_CRITERIA_UPDATE',18),(516,'seminar_criteria','{\"id\":18,\"criteriaName\":\"Test\",\"criteriaBobot\":0.0,\"isDeleted\":0,\"isSelected\":0}','2023-05-25 17:07:49','SEMINAR_CRITERIA_UPDATE',18),(517,'seminar_criteria','{\"id\":18,\"criteriaName\":\"Test\",\"criteriaBobot\":0.0,\"isDeleted\":0,\"isSelected\":1}','2023-05-25 17:07:49','SEMINAR_CRITERIA_UPDATE',18),(518,'seminar_criteria','{\"id\":18,\"criteriaName\":\"Test\",\"criteriaBobot\":0.0,\"isDeleted\":0,\"isSelected\":1}','2023-05-25 17:07:49','SEMINAR_CRITERIA_UPDATE',18),(519,'seminar_criteria','{\"id\":18,\"criteriaName\":\"Test\",\"criteriaBobot\":0.0,\"isDeleted\":0,\"isSelected\":0}','2023-05-25 17:07:49','SEMINAR_CRITERIA_UPDATE',18),(520,'seminar_criteria','{\"id\":18,\"criteriaName\":\"Test\",\"criteriaBobot\":0.0,\"isDeleted\":0,\"isSelected\":1}','2023-05-25 17:07:50','SEMINAR_CRITERIA_UPDATE',18),(521,'seminar_criteria','{\"id\":18,\"criteriaName\":\"Test\",\"criteriaBobot\":0.0,\"isDeleted\":0,\"isSelected\":0}','2023-05-25 17:07:50','SEMINAR_CRITERIA_UPDATE',18),(522,'seminar_criteria','{\"id\":18,\"criteriaName\":\"Test\",\"criteriaBobot\":0.0,\"isDeleted\":0,\"isSelected\":0}','2023-05-25 17:07:52','SEMINAR_CRITERIA_UPDATE',18),(523,'seminar_criteria','{\"id\":18,\"criteriaName\":\"Test\",\"criteriaBobot\":0.0,\"isDeleted\":0,\"isSelected\":1}','2023-05-25 17:07:52','SEMINAR_CRITERIA_UPDATE',18),(524,'seminar_criteria','{\"id\":18,\"criteriaName\":\"Test\",\"criteriaBobot\":0.0,\"isDeleted\":0,\"isSelected\":1}','2023-05-25 17:07:52','SEMINAR_CRITERIA_UPDATE',18),(525,'seminar_criteria','{\"id\":18,\"criteriaName\":\"Test\",\"criteriaBobot\":0.0,\"isDeleted\":0,\"isSelected\":0}','2023-05-25 17:07:53','SEMINAR_CRITERIA_UPDATE',18),(526,'seminar_criteria','{\"id\":18,\"criteriaName\":\"Test\",\"criteriaBobot\":0.0,\"isDeleted\":0,\"isSelected\":1}','2023-05-25 19:22:20','SEMINAR_CRITERIA_UPDATE',18),(527,'seminar_criteria','{\"id\":18,\"criteriaName\":\"Test\",\"criteriaBobot\":0.0,\"isDeleted\":0,\"isSelected\":0}','2023-05-25 19:22:53','SEMINAR_CRITERIA_UPDATE',18),(528,'seminar_criteria','{\"id\":18,\"criteriaName\":\"Test\",\"criteriaBobot\":0.0,\"isDeleted\":0,\"isSelected\":1}','2023-05-25 19:23:02','SEMINAR_CRITERIA_UPDATE',18),(529,'seminar_criteria','{\"id\":18,\"criteriaName\":\"Test\",\"criteriaBobot\":0.0,\"isDeleted\":0,\"isSelected\":0}','2023-05-25 19:25:00','SEMINAR_CRITERIA_UPDATE',18),(530,'seminar_criteria','{\"id\":18,\"criteriaName\":\"Test\",\"criteriaBobot\":0.0,\"isDeleted\":0,\"isSelected\":1}','2023-05-25 19:25:09','SEMINAR_CRITERIA_UPDATE',18),(531,'seminar_criteria','{\"id\":18,\"criteriaName\":\"Test\",\"criteriaBobot\":0.0,\"isDeleted\":0,\"isSelected\":0}','2023-05-25 19:26:40','SEMINAR_CRITERIA_UPDATE',18),(532,'seminar_criteria','{\"id\":18,\"criteriaName\":\"Test\",\"criteriaBobot\":0.0,\"isDeleted\":0,\"isSelected\":1}','2023-05-25 19:29:26','SEMINAR_CRITERIA_UPDATE',18),(533,'seminar_criteria','{\"id\":13,\"criteriaName\":\"Hasil Pelaksanaan PKL atau KP\",\"criteriaBobot\":65.0,\"isDeleted\":0,\"isSelected\":1}','2023-05-25 19:29:31','SEMINAR_CRITERIA_UPDATE',13),(534,'seminar_criteria','{\"id\":12,\"criteriaName\":\"Presentasi\",\"criteriaBobot\":20.0,\"isDeleted\":0,\"isSelected\":1}','2023-05-25 19:29:31','SEMINAR_CRITERIA_UPDATE',12),(535,'seminar_criteria','{\"id\":14,\"criteriaName\":\"Penguasaan Materi dalam Tanya Jawab\",\"criteriaBobot\":15.0,\"isDeleted\":0,\"isSelected\":1}','2023-05-25 19:29:31','SEMINAR_CRITERIA_UPDATE',14),(536,'seminar_criteria','{\"id\":18,\"criteriaName\":\"Test\",\"criteriaBobot\":12.0,\"isDeleted\":0,\"isSelected\":1}','2023-05-25 19:29:31','SEMINAR_CRITERIA_UPDATE',18),(537,'seminar_criteria','{\"id\":20,\"criteriaName\":\"tes 3\",\"criteriaBobot\":0.0,\"isDeleted\":0,\"isSelected\":0}','2023-05-25 19:29:31','SEMINAR_CRITERIA_UPDATE',20),(538,'seminar_criteria','{\"id\":22,\"criteriaName\":\"tes 5\",\"criteriaBobot\":0.0,\"isDeleted\":0,\"isSelected\":0}','2023-05-25 19:29:31','SEMINAR_CRITERIA_UPDATE',22),(539,'seminar_criteria','{\"id\":21,\"criteriaName\":\"tes4\",\"criteriaBobot\":5.0,\"isDeleted\":0,\"isSelected\":0}','2023-05-25 19:29:31','SEMINAR_CRITERIA_UPDATE',21),(540,'seminar_criteria','{\"id\":19,\"criteriaName\":\"tes 2\",\"criteriaBobot\":0.0,\"isDeleted\":0,\"isSelected\":0}','2023-05-25 19:29:31','SEMINAR_CRITERIA_UPDATE',19),(541,'seminar_criteria','{\"id\":19,\"criteriaName\":\"tes 2\",\"criteriaBobot\":0.0,\"isDeleted\":0,\"isSelected\":1}','2023-05-25 19:30:24','SEMINAR_CRITERIA_UPDATE',19),(542,'seminar_criteria','{\"id\":12,\"criteriaName\":\"Presentasi\",\"criteriaBobot\":20.0,\"isDeleted\":0,\"isSelected\":1}','2023-05-25 19:30:30','SEMINAR_CRITERIA_UPDATE',12),(543,'seminar_criteria','{\"id\":18,\"criteriaName\":\"Test\",\"criteriaBobot\":12.0,\"isDeleted\":0,\"isSelected\":1}','2023-05-25 19:30:30','SEMINAR_CRITERIA_UPDATE',18),(544,'seminar_criteria','{\"id\":21,\"criteriaName\":\"tes4\",\"criteriaBobot\":5.0,\"isDeleted\":0,\"isSelected\":0}','2023-05-25 19:30:30','SEMINAR_CRITERIA_UPDATE',21),(545,'seminar_criteria','{\"id\":14,\"criteriaName\":\"Penguasaan Materi dalam Tanya Jawab\",\"criteriaBobot\":15.0,\"isDeleted\":0,\"isSelected\":1}','2023-05-25 19:30:30','SEMINAR_CRITERIA_UPDATE',14),(546,'seminar_criteria','{\"id\":20,\"criteriaName\":\"tes 3\",\"criteriaBobot\":0.0,\"isDeleted\":0,\"isSelected\":0}','2023-05-25 19:30:30','SEMINAR_CRITERIA_UPDATE',20),(547,'seminar_criteria','{\"id\":19,\"criteriaName\":\"tes 2\",\"criteriaBobot\":30.0,\"isDeleted\":0,\"isSelected\":1}','2023-05-25 19:30:30','SEMINAR_CRITERIA_UPDATE',19),(548,'seminar_criteria','{\"id\":22,\"criteriaName\":\"tes 5\",\"criteriaBobot\":0.0,\"isDeleted\":0,\"isSelected\":0}','2023-05-25 19:30:30','SEMINAR_CRITERIA_UPDATE',22),(549,'seminar_criteria','{\"id\":13,\"criteriaName\":\"Hasil Pelaksanaan PKL atau KP\",\"criteriaBobot\":65.0,\"isDeleted\":0,\"isSelected\":1}','2023-05-25 19:30:30','SEMINAR_CRITERIA_UPDATE',13),(550,'seminar_criteria','{\"id\":20,\"criteriaName\":\"tes 3\",\"criteriaBobot\":0.0,\"isDeleted\":0,\"isSelected\":1}','2023-05-25 19:30:58','SEMINAR_CRITERIA_UPDATE',20),(551,'seminar_criteria','{\"id\":13,\"criteriaName\":\"Hasil Pelaksanaan PKL atau KP\",\"criteriaBobot\":65.0,\"isDeleted\":0,\"isSelected\":1}','2023-05-25 19:31:02','SEMINAR_CRITERIA_UPDATE',13),(552,'seminar_criteria','{\"id\":22,\"criteriaName\":\"tes 5\",\"criteriaBobot\":0.0,\"isDeleted\":0,\"isSelected\":0}','2023-05-25 19:31:02','SEMINAR_CRITERIA_UPDATE',22),(553,'seminar_criteria','{\"id\":20,\"criteriaName\":\"tes 3\",\"criteriaBobot\":5.0,\"isDeleted\":0,\"isSelected\":1}','2023-05-25 19:31:02','SEMINAR_CRITERIA_UPDATE',20),(554,'seminar_criteria','{\"id\":18,\"criteriaName\":\"Test\",\"criteriaBobot\":10.0,\"isDeleted\":0,\"isSelected\":1}','2023-05-25 19:31:02','SEMINAR_CRITERIA_UPDATE',18),(555,'seminar_criteria','{\"id\":19,\"criteriaName\":\"tes 2\",\"criteriaBobot\":10.0,\"isDeleted\":0,\"isSelected\":1}','2023-05-25 19:31:02','SEMINAR_CRITERIA_UPDATE',19),(556,'seminar_criteria','{\"id\":14,\"criteriaName\":\"Penguasaan Materi dalam Tanya Jawab\",\"criteriaBobot\":15.0,\"isDeleted\":0,\"isSelected\":1}','2023-05-25 19:31:02','SEMINAR_CRITERIA_UPDATE',14),(557,'seminar_criteria','{\"id\":21,\"criteriaName\":\"tes4\",\"criteriaBobot\":5.0,\"isDeleted\":0,\"isSelected\":0}','2023-05-25 19:31:02','SEMINAR_CRITERIA_UPDATE',21),(558,'seminar_criteria','{\"id\":12,\"criteriaName\":\"Presentasi\",\"criteriaBobot\":20.0,\"isDeleted\":0,\"isSelected\":1}','2023-05-25 19:31:02','SEMINAR_CRITERIA_UPDATE',12),(559,'seminar_criteria','{\"id\":20,\"criteriaName\":\"tes 3\",\"criteriaBobot\":0.0,\"isDeleted\":0,\"isSelected\":0}','2023-05-25 19:37:32','SEMINAR_CRITERIA_UPDATE',20),(560,'seminar_criteria','{\"id\":19,\"criteriaName\":\"tes 2\",\"criteriaBobot\":0.0,\"isDeleted\":0,\"isSelected\":0}','2023-05-25 19:37:34','SEMINAR_CRITERIA_UPDATE',19),(561,'seminar_criteria','{\"id\":18,\"criteriaName\":\"Test\",\"criteriaBobot\":0.0,\"isDeleted\":0,\"isSelected\":0}','2023-05-25 19:37:38','SEMINAR_CRITERIA_UPDATE',18),(562,'seminar_criteria','{\"id\":21,\"criteriaName\":\"tes4\",\"criteriaBobot\":5.0,\"isDeleted\":0,\"isSelected\":1}','2023-05-25 19:37:39','SEMINAR_CRITERIA_UPDATE',21),(563,'seminar_criteria','{\"id\":12,\"criteriaName\":\"Presentasi\",\"criteriaBobot\":20.0,\"isDeleted\":0,\"isSelected\":1}','2023-05-25 19:37:46','SEMINAR_CRITERIA_UPDATE',12),(564,'seminar_criteria','{\"id\":13,\"criteriaName\":\"Hasil Pelaksanaan PKL atau KP\",\"criteriaBobot\":65.0,\"isDeleted\":0,\"isSelected\":1}','2023-05-25 19:37:46','SEMINAR_CRITERIA_UPDATE',13),(565,'seminar_criteria','{\"id\":14,\"criteriaName\":\"Penguasaan Materi dalam Tanya Jawab\",\"criteriaBobot\":15.0,\"isDeleted\":0,\"isSelected\":1}','2023-05-25 19:37:46','SEMINAR_CRITERIA_UPDATE',14),(566,'seminar_criteria','{\"id\":18,\"criteriaName\":\"Test\",\"criteriaBobot\":0.0,\"isDeleted\":0,\"isSelected\":0}','2023-05-25 19:37:46','SEMINAR_CRITERIA_UPDATE',18),(567,'seminar_criteria','{\"id\":19,\"criteriaName\":\"tes 2\",\"criteriaBobot\":0.0,\"isDeleted\":0,\"isSelected\":0}','2023-05-25 19:37:46','SEMINAR_CRITERIA_UPDATE',19),(568,'seminar_criteria','{\"id\":21,\"criteriaName\":\"tes4\",\"criteriaBobot\":15.0,\"isDeleted\":0,\"isSelected\":1}','2023-05-25 19:37:46','SEMINAR_CRITERIA_UPDATE',21),(569,'seminar_criteria','{\"id\":20,\"criteriaName\":\"tes 3\",\"criteriaBobot\":0.0,\"isDeleted\":0,\"isSelected\":0}','2023-05-25 19:37:46','SEMINAR_CRITERIA_UPDATE',20),(570,'seminar_criteria','{\"id\":22,\"criteriaName\":\"tes 5\",\"criteriaBobot\":0.0,\"isDeleted\":0,\"isSelected\":0}','2023-05-25 19:37:46','SEMINAR_CRITERIA_UPDATE',22),(571,'seminar_criteria','{\"id\":21,\"criteriaName\":\"tes4\",\"criteriaBobot\":0.0,\"isDeleted\":0,\"isSelected\":0}','2023-05-25 19:38:06','SEMINAR_CRITERIA_UPDATE',21),(572,'seminar_criteria','{\"id\":19,\"criteriaName\":\"tes 2\",\"criteriaBobot\":0.0,\"isDeleted\":0,\"isSelected\":1}','2023-05-25 19:38:11','SEMINAR_CRITERIA_UPDATE',19),(573,'seminar_criteria','{\"id\":21,\"criteriaName\":\"tes4\",\"criteriaBobot\":0.0,\"isDeleted\":0,\"isSelected\":1}','2023-05-25 19:38:15','SEMINAR_CRITERIA_UPDATE',21),(574,'seminar_criteria','{\"id\":22,\"criteriaName\":\"tes 5\",\"criteriaBobot\":0.0,\"isDeleted\":0,\"isSelected\":1}','2023-05-25 19:38:18','SEMINAR_CRITERIA_UPDATE',22),(575,'seminar_criteria','{\"id\":12,\"criteriaName\":\"Presentasi\",\"criteriaBobot\":20.0,\"isDeleted\":0,\"isSelected\":1}','2023-05-25 19:38:21','SEMINAR_CRITERIA_UPDATE',12),(576,'seminar_criteria','{\"id\":14,\"criteriaName\":\"Penguasaan Materi dalam Tanya Jawab\",\"criteriaBobot\":15.0,\"isDeleted\":0,\"isSelected\":1}','2023-05-25 19:38:21','SEMINAR_CRITERIA_UPDATE',14),(577,'seminar_criteria','{\"id\":18,\"criteriaName\":\"Test\",\"criteriaBobot\":0.0,\"isDeleted\":0,\"isSelected\":0}','2023-05-25 19:38:21','SEMINAR_CRITERIA_UPDATE',18),(578,'seminar_criteria','{\"id\":13,\"criteriaName\":\"Hasil Pelaksanaan PKL atau KP\",\"criteriaBobot\":65.0,\"isDeleted\":0,\"isSelected\":1}','2023-05-25 19:38:21','SEMINAR_CRITERIA_UPDATE',13),(579,'seminar_criteria','{\"id\":19,\"criteriaName\":\"tes 2\",\"criteriaBobot\":34.0,\"isDeleted\":0,\"isSelected\":1}','2023-05-25 19:38:21','SEMINAR_CRITERIA_UPDATE',19),(580,'seminar_criteria','{\"id\":22,\"criteriaName\":\"tes 5\",\"criteriaBobot\":8.0,\"isDeleted\":0,\"isSelected\":1}','2023-05-25 19:38:21','SEMINAR_CRITERIA_UPDATE',22),(581,'seminar_criteria','{\"id\":21,\"criteriaName\":\"tes4\",\"criteriaBobot\":9.0,\"isDeleted\":0,\"isSelected\":1}','2023-05-25 19:38:21','SEMINAR_CRITERIA_UPDATE',21),(582,'seminar_criteria','{\"id\":20,\"criteriaName\":\"tes 3\",\"criteriaBobot\":0.0,\"isDeleted\":0,\"isSelected\":0}','2023-05-25 19:38:21','SEMINAR_CRITERIA_UPDATE',20),(583,'seminar_criteria','{\"id\":22,\"criteriaName\":\"tes 5\",\"criteriaBobot\":0.0,\"isDeleted\":0,\"isSelected\":0}','2023-05-25 19:39:37','SEMINAR_CRITERIA_UPDATE',22),(584,'seminar_criteria','{\"id\":21,\"criteriaName\":\"tes4\",\"criteriaBobot\":0.0,\"isDeleted\":0,\"isSelected\":0}','2023-05-25 19:39:37','SEMINAR_CRITERIA_UPDATE',21),(585,'seminar_criteria','{\"id\":19,\"criteriaName\":\"tes 2\",\"criteriaBobot\":0.0,\"isDeleted\":0,\"isSelected\":0}','2023-05-25 19:39:41','SEMINAR_CRITERIA_UPDATE',19),(586,'seminar_criteria','{\"id\":14,\"criteriaName\":\"Penguasaan Materi dalam Tanya Jawab\",\"criteriaBobot\":15.0,\"isDeleted\":0,\"isSelected\":1}','2023-05-25 19:39:43','SEMINAR_CRITERIA_UPDATE',14),(587,'seminar_criteria','{\"id\":12,\"criteriaName\":\"Presentasi\",\"criteriaBobot\":20.0,\"isDeleted\":0,\"isSelected\":1}','2023-05-25 19:39:43','SEMINAR_CRITERIA_UPDATE',12),(588,'seminar_criteria','{\"id\":13,\"criteriaName\":\"Hasil Pelaksanaan PKL atau KP\",\"criteriaBobot\":65.0,\"isDeleted\":0,\"isSelected\":1}','2023-05-25 19:39:43','SEMINAR_CRITERIA_UPDATE',13),(589,'seminar_criteria','{\"id\":19,\"criteriaName\":\"tes 2\",\"criteriaBobot\":0.0,\"isDeleted\":0,\"isSelected\":0}','2023-05-25 19:39:43','SEMINAR_CRITERIA_UPDATE',19),(590,'seminar_criteria','{\"id\":20,\"criteriaName\":\"tes 3\",\"criteriaBobot\":0.0,\"isDeleted\":0,\"isSelected\":0}','2023-05-25 19:39:43','SEMINAR_CRITERIA_UPDATE',20),(591,'seminar_criteria','{\"id\":22,\"criteriaName\":\"tes 5\",\"criteriaBobot\":0.0,\"isDeleted\":0,\"isSelected\":0}','2023-05-25 19:39:43','SEMINAR_CRITERIA_UPDATE',22),(592,'seminar_criteria','{\"id\":18,\"criteriaName\":\"Test\",\"criteriaBobot\":0.0,\"isDeleted\":0,\"isSelected\":0}','2023-05-25 19:39:43','SEMINAR_CRITERIA_UPDATE',18),(593,'seminar_criteria','{\"id\":21,\"criteriaName\":\"tes4\",\"criteriaBobot\":0.0,\"isDeleted\":0,\"isSelected\":0}','2023-05-25 19:39:43','SEMINAR_CRITERIA_UPDATE',21),(594,'seminar_criteria','{\"id\":22,\"criteriaName\":\"tes 5\",\"criteriaBobot\":0.0,\"isDeleted\":1,\"isSelected\":0}','2023-05-25 19:39:55','SEMINAR_CRITERIA_UPDATE',22),(595,'seminar_criteria','{\"id\":21,\"criteriaName\":\"tes 4\",\"criteriaBobot\":0.0,\"isDeleted\":0,\"isSelected\":0}','2023-05-25 19:40:17','SEMINAR_CRITERIA_UPDATE',21),(596,'seminar_criteria','{\"id\":18,\"criteriaName\":\"Test\",\"criteriaBobot\":0.0,\"isDeleted\":0,\"isSelected\":1}','2023-05-25 19:40:29','SEMINAR_CRITERIA_UPDATE',18),(597,'seminar_criteria','{\"id\":12,\"criteriaName\":\"Presentasi\",\"criteriaBobot\":20.0,\"isDeleted\":0,\"isSelected\":1}','2023-05-25 19:40:33','SEMINAR_CRITERIA_UPDATE',12),(598,'seminar_criteria','{\"id\":21,\"criteriaName\":\"tes 4\",\"criteriaBobot\":0.0,\"isDeleted\":0,\"isSelected\":0}','2023-05-25 19:40:33','SEMINAR_CRITERIA_UPDATE',21),(599,'seminar_criteria','{\"id\":13,\"criteriaName\":\"Hasil Pelaksanaan PKL atau KP\",\"criteriaBobot\":65.0,\"isDeleted\":0,\"isSelected\":1}','2023-05-25 19:40:33','SEMINAR_CRITERIA_UPDATE',13),(600,'seminar_criteria','{\"id\":19,\"criteriaName\":\"tes 2\",\"criteriaBobot\":0.0,\"isDeleted\":0,\"isSelected\":0}','2023-05-25 19:40:33','SEMINAR_CRITERIA_UPDATE',19),(601,'seminar_criteria','{\"id\":20,\"criteriaName\":\"tes 3\",\"criteriaBobot\":0.0,\"isDeleted\":0,\"isSelected\":0}','2023-05-25 19:40:33','SEMINAR_CRITERIA_UPDATE',20),(602,'seminar_criteria','{\"id\":18,\"criteriaName\":\"Test\",\"criteriaBobot\":9.0,\"isDeleted\":0,\"isSelected\":1}','2023-05-25 19:40:33','SEMINAR_CRITERIA_UPDATE',18),(603,'seminar_criteria','{\"id\":14,\"criteriaName\":\"Penguasaan Materi dalam Tanya Jawab\",\"criteriaBobot\":15.0,\"isDeleted\":0,\"isSelected\":1}','2023-05-25 19:40:33','SEMINAR_CRITERIA_UPDATE',14),(604,'seminar_criteria','{\"id\":19,\"criteriaName\":\"tes21\",\"criteriaBobot\":0.0,\"isDeleted\":0,\"isSelected\":0}','2023-05-25 19:41:40','SEMINAR_CRITERIA_UPDATE',19),(605,'seminar_criteria','{\"id\":19,\"criteriaName\":\"tes 5\",\"criteriaBobot\":0.0,\"isDeleted\":0,\"isSelected\":0}','2023-05-25 19:42:39','SEMINAR_CRITERIA_UPDATE',19),(606,'seminar_criteria','{\"id\":21,\"criteriaName\":\"tes 4\",\"criteriaBobot\":0.0,\"isDeleted\":1,\"isSelected\":0}','2023-05-25 19:44:53','SEMINAR_CRITERIA_UPDATE',21),(607,'seminar_criteria','{\"id\":19,\"criteriaName\":\"tes5\",\"criteriaBobot\":0.0,\"isDeleted\":0,\"isSelected\":0}','2023-05-25 19:46:36','SEMINAR_CRITERIA_UPDATE',19),(608,'seminar_criteria','{\"id\":19,\"criteriaName\":\"tes5\",\"criteriaBobot\":0.0,\"isDeleted\":0,\"isSelected\":1}','2023-05-25 19:46:42','SEMINAR_CRITERIA_UPDATE',19),(609,'seminar_criteria','{\"id\":18,\"criteriaName\":\"Test\",\"criteriaBobot\":9.0,\"isDeleted\":0,\"isSelected\":1}','2023-05-25 19:46:47','SEMINAR_CRITERIA_UPDATE',18),(610,'seminar_criteria','{\"id\":14,\"criteriaName\":\"Penguasaan Materi dalam Tanya Jawab\",\"criteriaBobot\":15.0,\"isDeleted\":0,\"isSelected\":1}','2023-05-25 19:46:47','SEMINAR_CRITERIA_UPDATE',14),(611,'seminar_criteria','{\"id\":13,\"criteriaName\":\"Hasil Pelaksanaan PKL atau KP\",\"criteriaBobot\":65.0,\"isDeleted\":0,\"isSelected\":1}','2023-05-25 19:46:47','SEMINAR_CRITERIA_UPDATE',13),(612,'seminar_criteria','{\"id\":20,\"criteriaName\":\"tes 3\",\"criteriaBobot\":0.0,\"isDeleted\":0,\"isSelected\":0}','2023-05-25 19:46:47','SEMINAR_CRITERIA_UPDATE',20),(613,'seminar_criteria','{\"id\":12,\"criteriaName\":\"Presentasi\",\"criteriaBobot\":20.0,\"isDeleted\":0,\"isSelected\":1}','2023-05-25 19:46:47','SEMINAR_CRITERIA_UPDATE',12),(614,'seminar_criteria','{\"id\":19,\"criteriaName\":\"tes5\",\"criteriaBobot\":89.0,\"isDeleted\":0,\"isSelected\":1}','2023-05-25 19:46:47','SEMINAR_CRITERIA_UPDATE',19),(615,'seminar_criteria','{\"id\":19,\"criteriaName\":\"tes5\",\"criteriaBobot\":89.0,\"isDeleted\":1,\"isSelected\":1}','2023-05-25 19:46:52','SEMINAR_CRITERIA_UPDATE',19),(616,'seminar_criteria','{\"id\":26,\"criteriaName\":\"tes 78\",\"criteriaBobot\":0.0,\"isDeleted\":0,\"isSelected\":0}','2023-05-25 19:47:06','SEMINAR_CRITERIA_ADDED',26),(617,'seminar_criteria','{\"id\":18,\"criteriaName\":\"Test\",\"criteriaBobot\":0.0,\"isDeleted\":0,\"isSelected\":0}','2023-05-25 20:17:05','SEMINAR_CRITERIA_UPDATE',18),(618,'seminar_criteria','{\"id\":18,\"criteriaName\":\"Test\",\"criteriaBobot\":0.0,\"isDeleted\":0,\"isSelected\":1}','2023-05-25 20:17:06','SEMINAR_CRITERIA_UPDATE',18),(619,'seminar_criteria','{\"id\":18,\"criteriaName\":\"Test\",\"criteriaBobot\":0.0,\"isDeleted\":0,\"isSelected\":0}','2023-05-25 20:17:38','SEMINAR_CRITERIA_UPDATE',18),(620,'seminar_criteria','{\"id\":18,\"criteriaName\":\"Test\",\"criteriaBobot\":0.0,\"isDeleted\":0,\"isSelected\":1}','2023-05-25 20:17:39','SEMINAR_CRITERIA_UPDATE',18),(621,'seminar_criteria','{\"id\":18,\"criteriaName\":\"Test\",\"criteriaBobot\":0.0,\"isDeleted\":0,\"isSelected\":0}','2023-05-25 20:28:05','SEMINAR_CRITERIA_UPDATE',18),(622,'seminar_criteria','{\"id\":18,\"criteriaName\":\"Test\",\"criteriaBobot\":0.0,\"isDeleted\":0,\"isSelected\":1}','2023-05-25 20:28:06','SEMINAR_CRITERIA_UPDATE',18),(623,'seminar_criteria','{\"id\":18,\"criteriaName\":\"Test\",\"criteriaBobot\":0.0,\"isDeleted\":0,\"isSelected\":0}','2023-05-25 20:30:34','SEMINAR_CRITERIA_UPDATE',18),(624,'seminar_criteria','{\"id\":14,\"criteriaName\":\"Penguasaan Materi dalam Tanya Jawab\",\"criteriaBobot\":0.0,\"isDeleted\":0,\"isSelected\":0}','2023-05-25 20:42:29','SEMINAR_CRITERIA_UPDATE',14),(625,'seminar_criteria','{\"id\":14,\"criteriaName\":\"Penguasaan Materi dalam Tanya Jawab\",\"criteriaBobot\":0.0,\"isDeleted\":0,\"isSelected\":1}','2023-05-25 20:42:31','SEMINAR_CRITERIA_UPDATE',14),(626,'seminar_criteria','{\"id\":14,\"criteriaName\":\"Penguasaan Materi dalam Tanya Jawab\",\"criteriaBobot\":0.0,\"isDeleted\":0,\"isSelected\":0}','2023-05-25 20:45:14','SEMINAR_CRITERIA_UPDATE',14),(627,'seminar_criteria','{\"id\":14,\"criteriaName\":\"Penguasaan Materi dalam Tanya Jawab\",\"criteriaBobot\":0.0,\"isDeleted\":0,\"isSelected\":1}','2023-05-25 20:45:15','SEMINAR_CRITERIA_UPDATE',14),(628,'seminar_criteria','{\"id\":14,\"criteriaName\":\"Penguasaan Materi dalam Tanya Jawab\",\"criteriaBobot\":0.0,\"isDeleted\":0,\"isSelected\":0}','2023-05-25 20:45:26','SEMINAR_CRITERIA_UPDATE',14),(629,'seminar_criteria','{\"id\":14,\"criteriaName\":\"Penguasaan Materi dalam Tanya Jawab\",\"criteriaBobot\":0.0,\"isDeleted\":0,\"isSelected\":1}','2023-05-25 20:45:26','SEMINAR_CRITERIA_UPDATE',14),(630,'seminar_criteria','{\"id\":12,\"criteriaName\":\"Presentasi\",\"criteriaBobot\":20.0,\"isDeleted\":0,\"isSelected\":1}','2023-05-25 20:45:35','SEMINAR_CRITERIA_UPDATE',12),(631,'seminar_criteria','{\"id\":18,\"criteriaName\":\"Test\",\"criteriaBobot\":0.0,\"isDeleted\":0,\"isSelected\":0}','2023-05-25 20:45:35','SEMINAR_CRITERIA_UPDATE',18),(632,'seminar_criteria','{\"id\":13,\"criteriaName\":\"Hasil Pelaksanaan PKL atau KP\",\"criteriaBobot\":65.0,\"isDeleted\":0,\"isSelected\":1}','2023-05-25 20:45:35','SEMINAR_CRITERIA_UPDATE',13),(633,'seminar_criteria','{\"id\":20,\"criteriaName\":\"tes 3\",\"criteriaBobot\":0.0,\"isDeleted\":0,\"isSelected\":0}','2023-05-25 20:45:35','SEMINAR_CRITERIA_UPDATE',20),(634,'seminar_criteria','{\"id\":14,\"criteriaName\":\"Penguasaan Materi dalam Tanya Jawab\",\"criteriaBobot\":90.0,\"isDeleted\":0,\"isSelected\":1}','2023-05-25 20:45:35','SEMINAR_CRITERIA_UPDATE',14),(635,'seminar_criteria','{\"id\":26,\"criteriaName\":\"tes 78\",\"criteriaBobot\":0.0,\"isDeleted\":0,\"isSelected\":0}','2023-05-25 20:45:35','SEMINAR_CRITERIA_UPDATE',26),(636,'seminar_criteria','{\"id\":14,\"criteriaName\":\"Penguasaan Materi dalam Tanya Jawab\",\"criteriaBobot\":0.0,\"isDeleted\":0,\"isSelected\":0}','2023-05-25 21:07:38','SEMINAR_CRITERIA_UPDATE',14),(637,'seminar_criteria','{\"id\":14,\"criteriaName\":\"Penguasaan Materi dalam Tanya Jawab\",\"criteriaBobot\":0.0,\"isDeleted\":0,\"isSelected\":1}','2023-05-25 21:07:38','SEMINAR_CRITERIA_UPDATE',14),(638,'seminar_criteria','{\"id\":14,\"criteriaName\":\"Penguasaan Materi dalam Tanya Jawab\",\"criteriaBobot\":0.0,\"isDeleted\":0,\"isSelected\":0}','2023-05-25 21:08:31','SEMINAR_CRITERIA_UPDATE',14),(639,'seminar_criteria','{\"id\":14,\"criteriaName\":\"Penguasaan Materi dalam Tanya Jawab\",\"criteriaBobot\":0.0,\"isDeleted\":0,\"isSelected\":1}','2023-05-25 21:08:33','SEMINAR_CRITERIA_UPDATE',14),(640,'seminar_criteria','{\"id\":14,\"criteriaName\":\"Penguasaan Materi dalam Tanya Jawab\",\"criteriaBobot\":0.0,\"isDeleted\":0,\"isSelected\":0}','2023-05-25 21:15:08','SEMINAR_CRITERIA_UPDATE',14),(641,'seminar_criteria','{\"id\":14,\"criteriaName\":\"Penguasaan Materi dalam Tanya Jawab\",\"criteriaBobot\":0.0,\"isDeleted\":0,\"isSelected\":1}','2023-05-25 21:15:15','SEMINAR_CRITERIA_UPDATE',14),(642,'seminar_criteria','{\"id\":14,\"criteriaName\":\"Penguasaan Materi dalam Tanya Jawab\",\"criteriaBobot\":0.0,\"isDeleted\":0,\"isSelected\":0}','2023-05-25 21:15:34','SEMINAR_CRITERIA_UPDATE',14),(643,'seminar_criteria','{\"id\":14,\"criteriaName\":\"Penguasaan Materi dalam Tanya Jawab\",\"criteriaBobot\":0.0,\"isDeleted\":0,\"isSelected\":1}','2023-05-25 21:16:39','SEMINAR_CRITERIA_UPDATE',14),(644,'seminar_criteria','{\"id\":12,\"criteriaName\":\"Presentasi\",\"criteriaBobot\":20.0,\"isDeleted\":0,\"isSelected\":1}','2023-05-25 21:16:43','SEMINAR_CRITERIA_UPDATE',12),(645,'seminar_criteria','{\"id\":13,\"criteriaName\":\"Hasil Pelaksanaan PKL atau KP\",\"criteriaBobot\":65.0,\"isDeleted\":0,\"isSelected\":1}','2023-05-25 21:16:43','SEMINAR_CRITERIA_UPDATE',13),(646,'seminar_criteria','{\"id\":26,\"criteriaName\":\"tes 78\",\"criteriaBobot\":0.0,\"isDeleted\":0,\"isSelected\":0}','2023-05-25 21:16:43','SEMINAR_CRITERIA_UPDATE',26),(647,'seminar_criteria','{\"id\":14,\"criteriaName\":\"Penguasaan Materi dalam Tanya Jawab\",\"criteriaBobot\":34.0,\"isDeleted\":0,\"isSelected\":1}','2023-05-25 21:16:43','SEMINAR_CRITERIA_UPDATE',14),(648,'seminar_criteria','{\"id\":20,\"criteriaName\":\"tes 3\",\"criteriaBobot\":0.0,\"isDeleted\":0,\"isSelected\":0}','2023-05-25 21:16:43','SEMINAR_CRITERIA_UPDATE',20),(649,'seminar_criteria','{\"id\":18,\"criteriaName\":\"Test\",\"criteriaBobot\":0.0,\"isDeleted\":0,\"isSelected\":0}','2023-05-25 21:16:43','SEMINAR_CRITERIA_UPDATE',18),(650,'seminar_criteria','{\"id\":18,\"criteriaName\":\"Test\",\"criteriaBobot\":0.0,\"isDeleted\":0,\"isSelected\":1}','2023-05-25 21:20:04','SEMINAR_CRITERIA_UPDATE',18),(651,'seminar_criteria','{\"id\":12,\"criteriaName\":\"Presentasi\",\"criteriaBobot\":20.0,\"isDeleted\":0,\"isSelected\":1}','2023-05-25 21:20:09','SEMINAR_CRITERIA_UPDATE',12),(652,'seminar_criteria','{\"id\":13,\"criteriaName\":\"Hasil Pelaksanaan PKL atau KP\",\"criteriaBobot\":65.0,\"isDeleted\":0,\"isSelected\":1}','2023-05-25 21:20:10','SEMINAR_CRITERIA_UPDATE',13),(653,'seminar_criteria','{\"id\":18,\"criteriaName\":\"Test\",\"criteriaBobot\":20.0,\"isDeleted\":0,\"isSelected\":1}','2023-05-25 21:20:10','SEMINAR_CRITERIA_UPDATE',18),(654,'seminar_criteria','{\"id\":20,\"criteriaName\":\"tes 3\",\"criteriaBobot\":0.0,\"isDeleted\":0,\"isSelected\":0}','2023-05-25 21:20:10','SEMINAR_CRITERIA_UPDATE',20),(655,'seminar_criteria','{\"id\":14,\"criteriaName\":\"Penguasaan Materi dalam Tanya Jawab\",\"criteriaBobot\":34.0,\"isDeleted\":0,\"isSelected\":1}','2023-05-25 21:20:10','SEMINAR_CRITERIA_UPDATE',14),(656,'seminar_criteria','{\"id\":26,\"criteriaName\":\"tes 78\",\"criteriaBobot\":0.0,\"isDeleted\":0,\"isSelected\":0}','2023-05-25 21:20:10','SEMINAR_CRITERIA_UPDATE',26),(657,'seminar_criteria','{\"id\":18,\"criteriaName\":\"Test\",\"criteriaBobot\":0.0,\"isDeleted\":0,\"isSelected\":0}','2023-05-25 21:23:10','SEMINAR_CRITERIA_UPDATE',18),(658,'seminar_criteria','{\"id\":18,\"criteriaName\":\"Test\",\"criteriaBobot\":0.0,\"isDeleted\":0,\"isSelected\":1}','2023-05-25 21:29:53','SEMINAR_CRITERIA_UPDATE',18),(659,'seminar_criteria','{\"id\":13,\"criteriaName\":\"Hasil Pelaksanaan PKL atau KP\",\"criteriaBobot\":65.0,\"isDeleted\":0,\"isSelected\":1}','2023-05-25 21:30:16','SEMINAR_CRITERIA_UPDATE',13),(660,'seminar_criteria','{\"id\":20,\"criteriaName\":\"tes 3\",\"criteriaBobot\":0.0,\"isDeleted\":0,\"isSelected\":0}','2023-05-25 21:30:16','SEMINAR_CRITERIA_UPDATE',20),(661,'seminar_criteria','{\"id\":12,\"criteriaName\":\"Presentasi\",\"criteriaBobot\":20.0,\"isDeleted\":0,\"isSelected\":1}','2023-05-25 21:30:16','SEMINAR_CRITERIA_UPDATE',12),(662,'seminar_criteria','{\"id\":18,\"criteriaName\":\"Test\",\"criteriaBobot\":0.0,\"isDeleted\":0,\"isSelected\":1}','2023-05-25 21:30:16','SEMINAR_CRITERIA_UPDATE',18),(663,'seminar_criteria','{\"id\":14,\"criteriaName\":\"Penguasaan Materi dalam Tanya Jawab\",\"criteriaBobot\":23.0,\"isDeleted\":0,\"isSelected\":1}','2023-05-25 21:30:16','SEMINAR_CRITERIA_UPDATE',14),(664,'seminar_criteria','{\"id\":26,\"criteriaName\":\"tes 78\",\"criteriaBobot\":0.0,\"isDeleted\":0,\"isSelected\":0}','2023-05-25 21:30:16','SEMINAR_CRITERIA_UPDATE',26),(665,'seminar_criteria','{\"id\":18,\"criteriaName\":\"Test\",\"criteriaBobot\":0.0,\"isDeleted\":0,\"isSelected\":0}','2023-05-25 21:33:57','SEMINAR_CRITERIA_UPDATE',18),(666,'seminar_criteria','{\"id\":20,\"criteriaName\":\"tes 3\",\"criteriaBobot\":0.0,\"isDeleted\":0,\"isSelected\":0}','2023-05-25 21:34:32','SEMINAR_CRITERIA_UPDATE',20),(667,'seminar_criteria','{\"id\":12,\"criteriaName\":\"Presentasi\",\"criteriaBobot\":20.0,\"isDeleted\":0,\"isSelected\":1}','2023-05-25 21:34:32','SEMINAR_CRITERIA_UPDATE',12),(668,'seminar_criteria','{\"id\":14,\"criteriaName\":\"Penguasaan Materi dalam Tanya Jawab\",\"criteriaBobot\":15.0,\"isDeleted\":0,\"isSelected\":1}','2023-05-25 21:34:32','SEMINAR_CRITERIA_UPDATE',14),(669,'seminar_criteria','{\"id\":13,\"criteriaName\":\"Hasil Pelaksanaan PKL atau KP\",\"criteriaBobot\":65.0,\"isDeleted\":0,\"isSelected\":1}','2023-05-25 21:34:32','SEMINAR_CRITERIA_UPDATE',13),(670,'seminar_criteria','{\"id\":18,\"criteriaName\":\"Test\",\"criteriaBobot\":0.0,\"isDeleted\":0,\"isSelected\":0}','2023-05-25 21:34:32','SEMINAR_CRITERIA_UPDATE',18),(671,'seminar_criteria','{\"id\":26,\"criteriaName\":\"tes 78\",\"criteriaBobot\":0.0,\"isDeleted\":0,\"isSelected\":0}','2023-05-25 21:34:32','SEMINAR_CRITERIA_UPDATE',26),(672,'seminar_criteria','{\"id\":14,\"criteriaName\":\"Penguasaan Materi dalam Tanya Jawab\",\"criteriaBobot\":0.0,\"isDeleted\":0,\"isSelected\":0}','2023-05-25 21:34:40','SEMINAR_CRITERIA_UPDATE',14),(673,'seminar_criteria','{\"id\":13,\"criteriaName\":\"Hasil Pelaksanaan PKL atau KP\",\"criteriaBobot\":65.0,\"isDeleted\":0,\"isSelected\":1}','2023-05-25 21:34:43','SEMINAR_CRITERIA_UPDATE',13),(674,'seminar_criteria','{\"id\":12,\"criteriaName\":\"Presentasi\",\"criteriaBobot\":20.0,\"isDeleted\":0,\"isSelected\":1}','2023-05-25 21:34:43','SEMINAR_CRITERIA_UPDATE',12),(675,'seminar_criteria','{\"id\":20,\"criteriaName\":\"tes 3\",\"criteriaBobot\":0.0,\"isDeleted\":0,\"isSelected\":0}','2023-05-25 21:34:43','SEMINAR_CRITERIA_UPDATE',20),(676,'seminar_criteria','{\"id\":14,\"criteriaName\":\"Penguasaan Materi dalam Tanya Jawab\",\"criteriaBobot\":0.0,\"isDeleted\":0,\"isSelected\":0}','2023-05-25 21:34:43','SEMINAR_CRITERIA_UPDATE',14),(677,'seminar_criteria','{\"id\":26,\"criteriaName\":\"tes 78\",\"criteriaBobot\":0.0,\"isDeleted\":0,\"isSelected\":0}','2023-05-25 21:34:43','SEMINAR_CRITERIA_UPDATE',26),(678,'seminar_criteria','{\"id\":18,\"criteriaName\":\"Test\",\"criteriaBobot\":0.0,\"isDeleted\":0,\"isSelected\":0}','2023-05-25 21:34:43','SEMINAR_CRITERIA_UPDATE',18),(679,'seminar_criteria','{\"id\":14,\"criteriaName\":\"Penguasaan Materi dalam Tanya Jawab\",\"criteriaBobot\":0.0,\"isDeleted\":0,\"isSelected\":1}','2023-05-25 21:40:24','SEMINAR_CRITERIA_UPDATE',14),(680,'seminar_criteria','{\"id\":13,\"criteriaName\":\"Hasil Pelaksanaan PKL atau KP\",\"criteriaBobot\":65.0,\"isDeleted\":0,\"isSelected\":1}','2023-05-25 21:46:58','SEMINAR_CRITERIA_UPDATE',13),(681,'seminar_criteria','{\"id\":20,\"criteriaName\":\"tes 3\",\"criteriaBobot\":0.0,\"isDeleted\":0,\"isSelected\":0}','2023-05-25 21:46:58','SEMINAR_CRITERIA_UPDATE',20),(682,'seminar_criteria','{\"id\":12,\"criteriaName\":\"Presentasi\",\"criteriaBobot\":20.0,\"isDeleted\":0,\"isSelected\":1}','2023-05-25 21:46:58','SEMINAR_CRITERIA_UPDATE',12),(683,'seminar_criteria','{\"id\":14,\"criteriaName\":\"Penguasaan Materi dalam Tanya Jawab\",\"criteriaBobot\":15.0,\"isDeleted\":0,\"isSelected\":1}','2023-05-25 21:46:58','SEMINAR_CRITERIA_UPDATE',14),(684,'seminar_criteria','{\"id\":26,\"criteriaName\":\"tes 78\",\"criteriaBobot\":0.0,\"isDeleted\":0,\"isSelected\":0}','2023-05-25 21:46:58','SEMINAR_CRITERIA_UPDATE',26),(685,'seminar_criteria','{\"id\":18,\"criteriaName\":\"Test\",\"criteriaBobot\":0.0,\"isDeleted\":0,\"isSelected\":0}','2023-05-25 21:46:58','SEMINAR_CRITERIA_UPDATE',18),(686,'seminar_criteria','{\"id\":18,\"criteriaName\":\"Test\",\"criteriaBobot\":0.0,\"isDeleted\":0,\"isSelected\":0}','2023-05-25 21:56:43','SEMINAR_CRITERIA_UPDATE',18),(687,'seminar_criteria','{\"id\":14,\"criteriaName\":\"Penguasaan Materi dalam Tanya Jawab\",\"criteriaBobot\":15.0,\"isDeleted\":0,\"isSelected\":1}','2023-05-25 21:56:43','SEMINAR_CRITERIA_UPDATE',14),(688,'seminar_criteria','{\"id\":12,\"criteriaName\":\"Presentasi\",\"criteriaBobot\":20.0,\"isDeleted\":0,\"isSelected\":1}','2023-05-25 21:56:43','SEMINAR_CRITERIA_UPDATE',12),(689,'seminar_criteria','{\"id\":20,\"criteriaName\":\"tes 3\",\"criteriaBobot\":0.0,\"isDeleted\":0,\"isSelected\":0}','2023-05-25 21:56:43','SEMINAR_CRITERIA_UPDATE',20),(690,'seminar_criteria','{\"id\":26,\"criteriaName\":\"tes 78\",\"criteriaBobot\":0.0,\"isDeleted\":0,\"isSelected\":0}','2023-05-25 21:56:43','SEMINAR_CRITERIA_UPDATE',26),(691,'seminar_criteria','{\"id\":13,\"criteriaName\":\"Hasil Pelaksanaan PKL atau KP\",\"criteriaBobot\":65.0,\"isDeleted\":0,\"isSelected\":1}','2023-05-25 21:56:43','SEMINAR_CRITERIA_UPDATE',13),(692,'seminar_criteria','{\"id\":27,\"criteriaName\":\"tes y\",\"criteriaBobot\":0.0,\"isDeleted\":0,\"isSelected\":0}','2023-05-25 21:57:59','SEMINAR_CRITERIA_ADDED',27),(693,'seminar_criteria','{\"id\":27,\"criteriaName\":\"tes ya\",\"criteriaBobot\":0.0,\"isDeleted\":0,\"isSelected\":0}','2023-05-25 21:58:06','SEMINAR_CRITERIA_UPDATE',27),(694,'seminar_criteria','{\"id\":27,\"criteriaName\":\"tes ya\",\"criteriaBobot\":0.0,\"isDeleted\":0,\"isSelected\":1}','2023-05-25 21:58:11','SEMINAR_CRITERIA_UPDATE',27),(695,'seminar_criteria','{\"id\":27,\"criteriaName\":\"tes ya\",\"criteriaBobot\":0.0,\"isDeleted\":0,\"isSelected\":0}','2023-05-25 21:58:16','SEMINAR_CRITERIA_UPDATE',27),(696,'seminar_criteria','{\"id\":27,\"criteriaName\":\"tes ya\",\"criteriaBobot\":0.0,\"isDeleted\":1,\"isSelected\":0}','2023-05-25 21:58:18','SEMINAR_CRITERIA_UPDATE',27),(697,'seminar_criteria','{\"id\":18,\"criteriaName\":\"Test\",\"criteriaBobot\":0.0,\"isDeleted\":0,\"isSelected\":1}','2023-05-25 23:57:47','SEMINAR_CRITERIA_UPDATE',18),(698,'seminar_criteria','{\"id\":26,\"criteriaName\":\"tes 78\",\"criteriaBobot\":0.0,\"isDeleted\":0,\"isSelected\":0}','2023-05-25 23:57:54','SEMINAR_CRITERIA_UPDATE',26),(699,'seminar_criteria','{\"id\":13,\"criteriaName\":\"Hasil Pelaksanaan PKL atau KP\",\"criteriaBobot\":65.0,\"isDeleted\":0,\"isSelected\":1}','2023-05-25 23:57:54','SEMINAR_CRITERIA_UPDATE',13),(700,'seminar_criteria','{\"id\":12,\"criteriaName\":\"Presentasi\",\"criteriaBobot\":20.0,\"isDeleted\":0,\"isSelected\":1}','2023-05-25 23:57:54','SEMINAR_CRITERIA_UPDATE',12),(701,'seminar_criteria','{\"id\":20,\"criteriaName\":\"tes 3\",\"criteriaBobot\":0.0,\"isDeleted\":0,\"isSelected\":0}','2023-05-25 23:57:54','SEMINAR_CRITERIA_UPDATE',20),(702,'seminar_criteria','{\"id\":18,\"criteriaName\":\"Test\",\"criteriaBobot\":5.0,\"isDeleted\":0,\"isSelected\":1}','2023-05-25 23:57:54','SEMINAR_CRITERIA_UPDATE',18),(703,'seminar_criteria','{\"id\":14,\"criteriaName\":\"Penguasaan Materi dalam Tanya Jawab\",\"criteriaBobot\":10.0,\"isDeleted\":0,\"isSelected\":1}','2023-05-25 23:57:54','SEMINAR_CRITERIA_UPDATE',14),(704,'seminar_criteria','{\"id\":28,\"criteriaName\":\"tes 3\",\"criteriaBobot\":0.0,\"isDeleted\":0,\"isSelected\":0}','2023-05-26 13:27:07','SEMINAR_CRITERIA_ADDED',28),(705,'seminar_criteria','{\"id\":18,\"criteriaName\":\"Test\",\"criteriaBobot\":0.0,\"isDeleted\":0,\"isSelected\":0}','2023-05-26 13:27:44','SEMINAR_CRITERIA_UPDATE',18),(706,'seminar_criteria','{\"id\":18,\"criteriaName\":\"Test\",\"criteriaBobot\":0.0,\"isDeleted\":0,\"isSelected\":1}','2023-05-26 13:27:47','SEMINAR_CRITERIA_UPDATE',18),(707,'seminar_criteria','{\"id\":18,\"criteriaName\":\"Test\",\"criteriaBobot\":0.0,\"isDeleted\":0,\"isSelected\":0}','2023-05-26 13:28:17','SEMINAR_CRITERIA_UPDATE',18),(708,'seminar_criteria','{\"id\":18,\"criteriaName\":\"Test\",\"criteriaBobot\":0.0,\"isDeleted\":0,\"isSelected\":1}','2023-05-26 13:28:18','SEMINAR_CRITERIA_UPDATE',18),(709,'seminar_criteria','{\"id\":12,\"criteriaName\":\"Presentasi\",\"criteriaBobot\":20.0,\"isDeleted\":0,\"isSelected\":1}','2023-05-26 13:29:17','SEMINAR_CRITERIA_UPDATE',12),(710,'seminar_criteria','{\"id\":13,\"criteriaName\":\"Hasil Pelaksanaan PKL atau KP\",\"criteriaBobot\":65.0,\"isDeleted\":0,\"isSelected\":1}','2023-05-26 13:29:17','SEMINAR_CRITERIA_UPDATE',13),(711,'seminar_criteria','{\"id\":18,\"criteriaName\":\"Test\",\"criteriaBobot\":5.0,\"isDeleted\":0,\"isSelected\":1}','2023-05-26 13:29:17','SEMINAR_CRITERIA_UPDATE',18),(712,'seminar_criteria','{\"id\":20,\"criteriaName\":\"tes 3\",\"criteriaBobot\":0.0,\"isDeleted\":0,\"isSelected\":0}','2023-05-26 13:29:17','SEMINAR_CRITERIA_UPDATE',20),(713,'seminar_criteria','{\"id\":14,\"criteriaName\":\"Penguasaan Materi dalam Tanya Jawab\",\"criteriaBobot\":10.0,\"isDeleted\":0,\"isSelected\":1}','2023-05-26 13:29:17','SEMINAR_CRITERIA_UPDATE',14),(714,'seminar_criteria','{\"id\":26,\"criteriaName\":\"tes 78\",\"criteriaBobot\":0.0,\"isDeleted\":0,\"isSelected\":0}','2023-05-26 13:29:17','SEMINAR_CRITERIA_UPDATE',26),(715,'seminar_criteria','{\"id\":28,\"criteriaName\":\"tes 3\",\"criteriaBobot\":0.0,\"isDeleted\":0,\"isSelected\":0}','2023-05-26 13:29:17','SEMINAR_CRITERIA_UPDATE',28),(716,'seminar_criteria','{\"id\":26,\"criteriaName\":\"tes 3\",\"criteriaBobot\":0.0,\"isDeleted\":0,\"isSelected\":0}','2023-05-26 13:30:19','SEMINAR_CRITERIA_UPDATE',26),(717,'seminar_criteria','{\"id\":20,\"criteriaName\":\"tes x\",\"criteriaBobot\":0.0,\"isDeleted\":0,\"isSelected\":0}','2023-05-26 13:30:44','SEMINAR_CRITERIA_UPDATE',20),(718,'seminar_criteria','{\"id\":28,\"criteriaName\":\"tes 3\",\"criteriaBobot\":0.0,\"isDeleted\":1,\"isSelected\":0}','2023-05-26 13:31:09','SEMINAR_CRITERIA_UPDATE',28),(719,'seminar_criteria','{\"id\":29,\"criteriaName\":\"tes 3\",\"criteriaBobot\":0.0,\"isDeleted\":0,\"isSelected\":0}','2023-05-26 13:31:18','SEMINAR_CRITERIA_ADDED',29),(720,'seminar_criteria','{\"id\":29,\"criteriaName\":\"tes 4\",\"criteriaBobot\":0.0,\"isDeleted\":0,\"isSelected\":0}','2023-05-26 13:31:26','SEMINAR_CRITERIA_UPDATE',29),(721,'seminar_criteria','{\"id\":12,\"criteriaName\":\"Presentasi\",\"criteriaBobot\":20.0,\"isDeleted\":0,\"isSelected\":1}','2023-05-26 13:52:43','SEMINAR_CRITERIA_UPDATE',12),(722,'seminar_criteria','{\"id\":13,\"criteriaName\":\"Hasil Pelaksanaan PKL atau KP\",\"criteriaBobot\":65.0,\"isDeleted\":0,\"isSelected\":1}','2023-05-26 13:52:43','SEMINAR_CRITERIA_UPDATE',13),(723,'seminar_criteria','{\"id\":26,\"criteriaName\":\"tes 3\",\"criteriaBobot\":0.0,\"isDeleted\":0,\"isSelected\":0}','2023-05-26 13:52:43','SEMINAR_CRITERIA_UPDATE',26),(724,'seminar_criteria','{\"id\":14,\"criteriaName\":\"Penguasaan Materi dalam Tanya Jawab\",\"criteriaBobot\":10.0,\"isDeleted\":0,\"isSelected\":1}','2023-05-26 13:52:43','SEMINAR_CRITERIA_UPDATE',14),(725,'seminar_criteria','{\"id\":29,\"criteriaName\":\"tes 4\",\"criteriaBobot\":0.0,\"isDeleted\":0,\"isSelected\":0}','2023-05-26 13:52:43','SEMINAR_CRITERIA_UPDATE',29),(726,'seminar_criteria','{\"id\":18,\"criteriaName\":\"Test\",\"criteriaBobot\":5.0,\"isDeleted\":0,\"isSelected\":1}','2023-05-26 13:52:43','SEMINAR_CRITERIA_UPDATE',18),(727,'seminar_criteria','{\"id\":20,\"criteriaName\":\"tes x\",\"criteriaBobot\":0.0,\"isDeleted\":0,\"isSelected\":0}','2023-05-26 13:52:43','SEMINAR_CRITERIA_UPDATE',20),(728,'seminar_criteria','{\"id\":13,\"criteriaName\":\"Hasil Pelaksanaan PKL atau KP\",\"criteriaBobot\":65.0,\"isDeleted\":0,\"isSelected\":1}','2023-05-26 13:52:48','SEMINAR_CRITERIA_UPDATE',13),(729,'seminar_criteria','{\"id\":18,\"criteriaName\":\"Test\",\"criteriaBobot\":5.0,\"isDeleted\":0,\"isSelected\":1}','2023-05-26 13:52:48','SEMINAR_CRITERIA_UPDATE',18),(730,'seminar_criteria','{\"id\":12,\"criteriaName\":\"Presentasi\",\"criteriaBobot\":20.0,\"isDeleted\":0,\"isSelected\":1}','2023-05-26 13:52:48','SEMINAR_CRITERIA_UPDATE',12),(731,'seminar_criteria','{\"id\":29,\"criteriaName\":\"tes 4\",\"criteriaBobot\":0.0,\"isDeleted\":0,\"isSelected\":0}','2023-05-26 13:52:48','SEMINAR_CRITERIA_UPDATE',29),(732,'seminar_criteria','{\"id\":20,\"criteriaName\":\"tes x\",\"criteriaBobot\":0.0,\"isDeleted\":0,\"isSelected\":0}','2023-05-26 13:52:48','SEMINAR_CRITERIA_UPDATE',20),(733,'seminar_criteria','{\"id\":14,\"criteriaName\":\"Penguasaan Materi dalam Tanya Jawab\",\"criteriaBobot\":10.0,\"isDeleted\":0,\"isSelected\":1}','2023-05-26 13:52:48','SEMINAR_CRITERIA_UPDATE',14),(734,'seminar_criteria','{\"id\":26,\"criteriaName\":\"tes 3\",\"criteriaBobot\":0.0,\"isDeleted\":0,\"isSelected\":0}','2023-05-26 13:52:48','SEMINAR_CRITERIA_UPDATE',26),(735,'seminar_criteria','{\"id\":12,\"criteriaName\":\"Presentasi\",\"criteriaBobot\":20.0,\"isDeleted\":0,\"isSelected\":1}','2023-05-26 13:52:49','SEMINAR_CRITERIA_UPDATE',12),(736,'seminar_criteria','{\"id\":14,\"criteriaName\":\"Penguasaan Materi dalam Tanya Jawab\",\"criteriaBobot\":10.0,\"isDeleted\":0,\"isSelected\":1}','2023-05-26 13:52:49','SEMINAR_CRITERIA_UPDATE',14),(737,'seminar_criteria','{\"id\":20,\"criteriaName\":\"tes x\",\"criteriaBobot\":0.0,\"isDeleted\":0,\"isSelected\":0}','2023-05-26 13:52:49','SEMINAR_CRITERIA_UPDATE',20),(738,'seminar_criteria','{\"id\":18,\"criteriaName\":\"Test\",\"criteriaBobot\":5.0,\"isDeleted\":0,\"isSelected\":1}','2023-05-26 13:52:49','SEMINAR_CRITERIA_UPDATE',18),(739,'seminar_criteria','{\"id\":29,\"criteriaName\":\"tes 4\",\"criteriaBobot\":0.0,\"isDeleted\":0,\"isSelected\":0}','2023-05-26 13:52:49','SEMINAR_CRITERIA_UPDATE',29),(740,'seminar_criteria','{\"id\":13,\"criteriaName\":\"Hasil Pelaksanaan PKL atau KP\",\"criteriaBobot\":65.0,\"isDeleted\":0,\"isSelected\":1}','2023-05-26 13:52:49','SEMINAR_CRITERIA_UPDATE',13),(741,'seminar_criteria','{\"id\":26,\"criteriaName\":\"tes 3\",\"criteriaBobot\":0.0,\"isDeleted\":0,\"isSelected\":0}','2023-05-26 13:52:49','SEMINAR_CRITERIA_UPDATE',26),(742,'seminar_criteria','{\"id\":18,\"criteriaName\":\"Test\",\"criteriaBobot\":0.0,\"isDeleted\":0,\"isSelected\":0}','2023-05-26 13:55:59','SEMINAR_CRITERIA_UPDATE',18),(743,'seminar_criteria','{\"id\":18,\"criteriaName\":\"Test\",\"criteriaBobot\":0.0,\"isDeleted\":0,\"isSelected\":1}','2023-05-26 13:56:01','SEMINAR_CRITERIA_UPDATE',18),(744,'seminar_criteria','{\"id\":12,\"criteriaName\":\"Presentasi\",\"criteriaBobot\":20.0,\"isDeleted\":0,\"isSelected\":1}','2023-05-26 13:56:12','SEMINAR_CRITERIA_UPDATE',12),(745,'seminar_criteria','{\"id\":13,\"criteriaName\":\"Hasil Pelaksanaan PKL atau KP\",\"criteriaBobot\":65.0,\"isDeleted\":0,\"isSelected\":1}','2023-05-26 13:56:12','SEMINAR_CRITERIA_UPDATE',13),(746,'seminar_criteria','{\"id\":14,\"criteriaName\":\"Penguasaan Materi dalam Tanya Jawab\",\"criteriaBobot\":10.0,\"isDeleted\":0,\"isSelected\":1}','2023-05-26 13:56:12','SEMINAR_CRITERIA_UPDATE',14),(747,'seminar_criteria','{\"id\":26,\"criteriaName\":\"tes 3\",\"criteriaBobot\":0.0,\"isDeleted\":0,\"isSelected\":0}','2023-05-26 13:56:12','SEMINAR_CRITERIA_UPDATE',26),(748,'seminar_criteria','{\"id\":29,\"criteriaName\":\"tes 4\",\"criteriaBobot\":0.0,\"isDeleted\":0,\"isSelected\":0}','2023-05-26 13:56:12','SEMINAR_CRITERIA_UPDATE',29),(749,'seminar_criteria','{\"id\":20,\"criteriaName\":\"tes x\",\"criteriaBobot\":0.0,\"isDeleted\":0,\"isSelected\":0}','2023-05-26 13:56:12','SEMINAR_CRITERIA_UPDATE',20),(750,'seminar_criteria','{\"id\":18,\"criteriaName\":\"Test\",\"criteriaBobot\":5.0,\"isDeleted\":0,\"isSelected\":1}','2023-05-26 13:56:12','SEMINAR_CRITERIA_UPDATE',18),(751,'seminar_criteria','{\"id\":20,\"criteriaName\":\"tes x\",\"criteriaBobot\":0.0,\"isDeleted\":0,\"isSelected\":1}','2023-05-26 14:08:14','SEMINAR_CRITERIA_UPDATE',20),(752,'seminar_criteria','{\"id\":12,\"criteriaName\":\"Presentasi\",\"criteriaBobot\":20.0,\"isDeleted\":0,\"isSelected\":1}','2023-05-26 14:08:18','SEMINAR_CRITERIA_UPDATE',12),(753,'seminar_criteria','{\"id\":14,\"criteriaName\":\"Penguasaan Materi dalam Tanya Jawab\",\"criteriaBobot\":10.0,\"isDeleted\":0,\"isSelected\":1}','2023-05-26 14:08:18','SEMINAR_CRITERIA_UPDATE',14),(754,'seminar_criteria','{\"id\":13,\"criteriaName\":\"Hasil Pelaksanaan PKL atau KP\",\"criteriaBobot\":65.0,\"isDeleted\":0,\"isSelected\":1}','2023-05-26 14:08:18','SEMINAR_CRITERIA_UPDATE',13),(755,'seminar_criteria','{\"id\":18,\"criteriaName\":\"Test\",\"criteriaBobot\":5.0,\"isDeleted\":0,\"isSelected\":1}','2023-05-26 14:08:18','SEMINAR_CRITERIA_UPDATE',18),(756,'seminar_criteria','{\"id\":29,\"criteriaName\":\"tes 4\",\"criteriaBobot\":0.0,\"isDeleted\":0,\"isSelected\":0}','2023-05-26 14:08:18','SEMINAR_CRITERIA_UPDATE',29),(757,'seminar_criteria','{\"id\":20,\"criteriaName\":\"tes x\",\"criteriaBobot\":5.0,\"isDeleted\":0,\"isSelected\":1}','2023-05-26 14:08:18','SEMINAR_CRITERIA_UPDATE',20),(758,'seminar_criteria','{\"id\":26,\"criteriaName\":\"tes 3\",\"criteriaBobot\":0.0,\"isDeleted\":0,\"isSelected\":0}','2023-05-26 14:08:18','SEMINAR_CRITERIA_UPDATE',26),(759,'seminar_criteria','{\"id\":20,\"criteriaName\":\"tes x\",\"criteriaBobot\":0.0,\"isDeleted\":0,\"isSelected\":0}','2023-05-26 14:08:30','SEMINAR_CRITERIA_UPDATE',20),(760,'seminar_criteria','{\"id\":12,\"criteriaName\":\"Presentasi\",\"criteriaBobot\":20.0,\"isDeleted\":0,\"isSelected\":1}','2023-05-26 14:08:34','SEMINAR_CRITERIA_UPDATE',12),(761,'seminar_criteria','{\"id\":14,\"criteriaName\":\"Penguasaan Materi dalam Tanya Jawab\",\"criteriaBobot\":10.0,\"isDeleted\":0,\"isSelected\":1}','2023-05-26 14:08:34','SEMINAR_CRITERIA_UPDATE',14),(762,'seminar_criteria','{\"id\":26,\"criteriaName\":\"tes 3\",\"criteriaBobot\":0.0,\"isDeleted\":0,\"isSelected\":0}','2023-05-26 14:08:34','SEMINAR_CRITERIA_UPDATE',26),(763,'seminar_criteria','{\"id\":20,\"criteriaName\":\"tes x\",\"criteriaBobot\":0.0,\"isDeleted\":0,\"isSelected\":0}','2023-05-26 14:08:34','SEMINAR_CRITERIA_UPDATE',20),(764,'seminar_criteria','{\"id\":18,\"criteriaName\":\"Test\",\"criteriaBobot\":5.0,\"isDeleted\":0,\"isSelected\":1}','2023-05-26 14:08:34','SEMINAR_CRITERIA_UPDATE',18),(765,'seminar_criteria','{\"id\":13,\"criteriaName\":\"Hasil Pelaksanaan PKL atau KP\",\"criteriaBobot\":65.0,\"isDeleted\":0,\"isSelected\":1}','2023-05-26 14:08:34','SEMINAR_CRITERIA_UPDATE',13),(766,'seminar_criteria','{\"id\":29,\"criteriaName\":\"tes 4\",\"criteriaBobot\":0.0,\"isDeleted\":0,\"isSelected\":0}','2023-05-26 14:08:34','SEMINAR_CRITERIA_UPDATE',29),(767,'seminar_criteria','{\"id\":12,\"criteriaName\":\"Presentasi\",\"criteriaBobot\":20.0,\"isDeleted\":0,\"isSelected\":1}','2023-05-26 14:13:24','SEMINAR_CRITERIA_UPDATE',12),(768,'seminar_criteria','{\"id\":13,\"criteriaName\":\"Hasil Pelaksanaan PKL atau KP\",\"criteriaBobot\":65.0,\"isDeleted\":0,\"isSelected\":1}','2023-05-26 14:13:24','SEMINAR_CRITERIA_UPDATE',13),(769,'seminar_criteria','{\"id\":14,\"criteriaName\":\"Penguasaan Materi dalam Tanya Jawab\",\"criteriaBobot\":10.0,\"isDeleted\":0,\"isSelected\":1}','2023-05-26 14:13:24','SEMINAR_CRITERIA_UPDATE',14),(770,'seminar_criteria','{\"id\":18,\"criteriaName\":\"Test\",\"criteriaBobot\":5.0,\"isDeleted\":0,\"isSelected\":1}','2023-05-26 14:13:24','SEMINAR_CRITERIA_UPDATE',18),(771,'seminar_criteria','{\"id\":20,\"criteriaName\":\"tes x\",\"criteriaBobot\":0.0,\"isDeleted\":0,\"isSelected\":0}','2023-05-26 14:13:24','SEMINAR_CRITERIA_UPDATE',20),(772,'seminar_criteria','{\"id\":26,\"criteriaName\":\"tes 3\",\"criteriaBobot\":0.0,\"isDeleted\":0,\"isSelected\":0}','2023-05-26 14:13:24','SEMINAR_CRITERIA_UPDATE',26),(773,'seminar_criteria','{\"id\":29,\"criteriaName\":\"tes 4\",\"criteriaBobot\":0.0,\"isDeleted\":0,\"isSelected\":0}','2023-05-26 14:13:24','SEMINAR_CRITERIA_UPDATE',29),(774,'seminar_criteria','{\"id\":20,\"criteriaName\":\"tes x\",\"criteriaBobot\":0.0,\"isDeleted\":0,\"isSelected\":1}','2023-05-26 16:18:18','SEMINAR_CRITERIA_UPDATE',20),(775,'seminar_criteria','{\"id\":12,\"criteriaName\":\"Presentasi\",\"criteriaBobot\":20.0,\"isDeleted\":0,\"isSelected\":1}','2023-05-26 16:18:27','SEMINAR_CRITERIA_UPDATE',12),(776,'seminar_criteria','{\"id\":26,\"criteriaName\":\"tes 3\",\"criteriaBobot\":0.0,\"isDeleted\":0,\"isSelected\":0}','2023-05-26 16:18:27','SEMINAR_CRITERIA_UPDATE',26),(777,'seminar_criteria','{\"id\":14,\"criteriaName\":\"Penguasaan Materi dalam Tanya Jawab\",\"criteriaBobot\":8.0,\"isDeleted\":0,\"isSelected\":1}','2023-05-26 16:18:27','SEMINAR_CRITERIA_UPDATE',14),(778,'seminar_criteria','{\"id\":13,\"criteriaName\":\"Hasil Pelaksanaan PKL atau KP\",\"criteriaBobot\":65.0,\"isDeleted\":0,\"isSelected\":1}','2023-05-26 16:18:27','SEMINAR_CRITERIA_UPDATE',13),(779,'seminar_criteria','{\"id\":18,\"criteriaName\":\"Test\",\"criteriaBobot\":5.0,\"isDeleted\":0,\"isSelected\":1}','2023-05-26 16:18:27','SEMINAR_CRITERIA_UPDATE',18),(780,'seminar_criteria','{\"id\":29,\"criteriaName\":\"tes 4\",\"criteriaBobot\":0.0,\"isDeleted\":0,\"isSelected\":0}','2023-05-26 16:18:27','SEMINAR_CRITERIA_UPDATE',29),(781,'seminar_criteria','{\"id\":20,\"criteriaName\":\"tes x\",\"criteriaBobot\":2.0,\"isDeleted\":0,\"isSelected\":1}','2023-05-26 16:18:27','SEMINAR_CRITERIA_UPDATE',20),(782,'component_course','{\"id\":73,\"name\":\"EAS Praktek\",\"bobotComponent\":0,\"courseId\":28,\"isAverage\":1}','2023-05-29 01:01:51','COMPONENT_COURSE_ADDED',73),(783,'component_course','{\"id\":74,\"name\":\"EAS Teori\",\"bobotComponent\":0,\"courseId\":28,\"isAverage\":1}','2023-05-29 01:01:52','COMPONENT_COURSE_ADDED',74),(784,'component_course','{\"id\":75,\"name\":\"ETS Praktek\",\"bobotComponent\":0,\"courseId\":28,\"isAverage\":1}','2023-05-29 01:01:52','COMPONENT_COURSE_ADDED',75),(785,'component_course','{\"id\":76,\"name\":\"ETS Teori\",\"bobotComponent\":0,\"courseId\":28,\"isAverage\":1}','2023-05-29 01:01:53','COMPONENT_COURSE_ADDED',76),(786,'component_course','{\"id\":77,\"name\":\"Lain-lain Praktek\",\"bobotComponent\":0,\"courseId\":28,\"isAverage\":1}','2023-05-29 01:01:54','COMPONENT_COURSE_ADDED',77),(787,'component_course','{\"id\":78,\"name\":\"Lain-lain Teori\",\"bobotComponent\":0,\"courseId\":28,\"isAverage\":1}','2023-05-29 01:01:55','COMPONENT_COURSE_ADDED',78),(788,'course_form','{\"id\":28,\"isDeleted\":0,\"prodiId\":0,\"kode\":\"MK-X\",\"name\":\"tes\",\"tahunAjaranStart\":2023,\"tahunAjaranEnd\":2023,\"sks\":2}','2023-05-29 01:01:55','COURSE_FORM_ADDED',28),(789,'component_course','{\"id\":79,\"name\":\"EAS Praktek\",\"bobotComponent\":0,\"courseId\":29,\"isAverage\":1}','2023-05-29 01:03:02','COMPONENT_COURSE_ADDED',79),(790,'component_course','{\"id\":80,\"name\":\"EAS Teori\",\"bobotComponent\":0,\"courseId\":29,\"isAverage\":1}','2023-05-29 01:03:02','COMPONENT_COURSE_ADDED',80),(791,'component_course','{\"id\":81,\"name\":\"ETS Praktek\",\"bobotComponent\":0,\"courseId\":29,\"isAverage\":1}','2023-05-29 01:03:02','COMPONENT_COURSE_ADDED',81),(792,'component_course','{\"id\":82,\"name\":\"ETS Teori\",\"bobotComponent\":0,\"courseId\":29,\"isAverage\":1}','2023-05-29 01:03:02','COMPONENT_COURSE_ADDED',82),(793,'component_course','{\"id\":83,\"name\":\"Lain-lain Praktek\",\"bobotComponent\":0,\"courseId\":29,\"isAverage\":1}','2023-05-29 01:03:02','COMPONENT_COURSE_ADDED',83),(794,'component_course','{\"id\":84,\"name\":\"Lain-lain Teori\",\"bobotComponent\":0,\"courseId\":29,\"isAverage\":1}','2023-05-29 01:03:02','COMPONENT_COURSE_ADDED',84),(795,'course_form','{\"id\":29,\"isDeleted\":0,\"prodiId\":1,\"kode\":\"MK-X1\",\"name\":\"tes 2\",\"tahunAjaranStart\":2023,\"tahunAjaranEnd\":2023,\"sks\":null}','2023-05-29 01:03:02','COURSE_FORM_ADDED',29),(796,'seminar_criteria','{\"id\":20,\"criteriaName\":\"tes y\",\"criteriaBobot\":2.0,\"isDeleted\":0,\"isSelected\":1}','2023-05-30 11:17:03','SEMINAR_CRITERIA_UPDATE',20),(797,'course_form','{\"id\":28,\"isDeleted\":1,\"prodiId\":0,\"kode\":\"MK-X\",\"name\":\"tes\",\"tahunAjaranStart\":2023,\"tahunAjaranEnd\":2023,\"sks\":2}','2023-05-30 11:43:23','COURSE_FORM_UPDATE',28),(798,'component_course','{\"id\":85,\"name\":\"EAS Praktek\",\"bobotComponent\":0,\"courseId\":30,\"isAverage\":1}','2023-05-30 11:52:57','COMPONENT_COURSE_ADDED',85),(799,'component_course','{\"id\":86,\"name\":\"EAS Teori\",\"bobotComponent\":0,\"courseId\":30,\"isAverage\":1}','2023-05-30 11:52:57','COMPONENT_COURSE_ADDED',86),(800,'component_course','{\"id\":87,\"name\":\"ETS Praktek\",\"bobotComponent\":0,\"courseId\":30,\"isAverage\":1}','2023-05-30 11:52:57','COMPONENT_COURSE_ADDED',87),(801,'component_course','{\"id\":88,\"name\":\"ETS Teori\",\"bobotComponent\":0,\"courseId\":30,\"isAverage\":1}','2023-05-30 11:52:57','COMPONENT_COURSE_ADDED',88),(802,'component_course','{\"id\":89,\"name\":\"Lain-lain Praktek\",\"bobotComponent\":0,\"courseId\":30,\"isAverage\":1}','2023-05-30 11:52:57','COMPONENT_COURSE_ADDED',89),(803,'component_course','{\"id\":90,\"name\":\"Lain-lain Teori\",\"bobotComponent\":0,\"courseId\":30,\"isAverage\":1}','2023-05-30 11:52:57','COMPONENT_COURSE_ADDED',90),(804,'course_form','{\"id\":30,\"isDeleted\":0,\"prodiId\":0,\"kode\":\"xxxxxx\",\"name\":\"tes a\",\"tahunAjaranStart\":2023,\"tahunAjaranEnd\":2023,\"sks\":0}','2023-05-30 11:52:57','COURSE_FORM_ADDED',30),(805,'component_course','{\"id\":91,\"name\":\"EAS Praktek\",\"bobotComponent\":0,\"courseId\":31,\"isAverage\":1}','2023-05-30 11:53:18','COMPONENT_COURSE_ADDED',91),(806,'component_course','{\"id\":92,\"name\":\"EAS Teori\",\"bobotComponent\":0,\"courseId\":31,\"isAverage\":1}','2023-05-30 11:53:18','COMPONENT_COURSE_ADDED',92),(807,'component_course','{\"id\":93,\"name\":\"ETS Praktek\",\"bobotComponent\":0,\"courseId\":31,\"isAverage\":1}','2023-05-30 11:53:18','COMPONENT_COURSE_ADDED',93),(808,'component_course','{\"id\":94,\"name\":\"ETS Teori\",\"bobotComponent\":0,\"courseId\":31,\"isAverage\":1}','2023-05-30 11:53:18','COMPONENT_COURSE_ADDED',94),(809,'component_course','{\"id\":95,\"name\":\"Lain-lain Praktek\",\"bobotComponent\":0,\"courseId\":31,\"isAverage\":1}','2023-05-30 11:53:18','COMPONENT_COURSE_ADDED',95),(810,'component_course','{\"id\":96,\"name\":\"Lain-lain Teori\",\"bobotComponent\":0,\"courseId\":31,\"isAverage\":1}','2023-05-30 11:53:18','COMPONENT_COURSE_ADDED',96),(811,'course_form','{\"id\":31,\"isDeleted\":0,\"prodiId\":1,\"kode\":\"xxxxx\",\"name\":\"tes y\",\"tahunAjaranStart\":2023,\"tahunAjaranEnd\":2023,\"sks\":3}','2023-05-30 11:53:18','COURSE_FORM_ADDED',31),(812,'component_course','{\"id\":97,\"name\":\"EAS Praktek\",\"bobotComponent\":0,\"courseId\":32,\"isAverage\":1}','2023-05-30 11:53:43','COMPONENT_COURSE_ADDED',97),(813,'component_course','{\"id\":98,\"name\":\"EAS Teori\",\"bobotComponent\":0,\"courseId\":32,\"isAverage\":1}','2023-05-30 11:53:43','COMPONENT_COURSE_ADDED',98),(814,'component_course','{\"id\":99,\"name\":\"ETS Praktek\",\"bobotComponent\":0,\"courseId\":32,\"isAverage\":1}','2023-05-30 11:53:43','COMPONENT_COURSE_ADDED',99),(815,'component_course','{\"id\":100,\"name\":\"ETS Teori\",\"bobotComponent\":0,\"courseId\":32,\"isAverage\":1}','2023-05-30 11:53:43','COMPONENT_COURSE_ADDED',100),(816,'component_course','{\"id\":101,\"name\":\"Lain-lain Praktek\",\"bobotComponent\":0,\"courseId\":32,\"isAverage\":1}','2023-05-30 11:53:43','COMPONENT_COURSE_ADDED',101),(817,'component_course','{\"id\":102,\"name\":\"Lain-lain Teori\",\"bobotComponent\":0,\"courseId\":32,\"isAverage\":1}','2023-05-30 11:53:43','COMPONENT_COURSE_ADDED',102),(818,'course_form','{\"id\":32,\"isDeleted\":0,\"prodiId\":0,\"kode\":\"xxxx\",\"name\":\"tes\",\"tahunAjaranStart\":2023,\"tahunAjaranEnd\":2023,\"sks\":6}','2023-05-30 11:53:43','COURSE_FORM_ADDED',32),(819,'course_form','{\"id\":30,\"isDeleted\":1,\"prodiId\":0,\"kode\":\"xxxxxx\",\"name\":\"tes a\",\"tahunAjaranStart\":2023,\"tahunAjaranEnd\":2023,\"sks\":0}','2023-05-30 11:54:04','COURSE_FORM_UPDATE',30),(820,'course_form','{\"id\":29,\"isDeleted\":1,\"prodiId\":1,\"kode\":\"MK-X1\",\"name\":\"tes 2\",\"tahunAjaranStart\":2023,\"tahunAjaranEnd\":2023,\"sks\":null}','2023-05-30 11:54:13','COURSE_FORM_UPDATE',29),(821,'course_form','{\"id\":31,\"isDeleted\":1,\"prodiId\":1,\"kode\":\"xxxxx\",\"name\":\"tes y\",\"tahunAjaranStart\":2023,\"tahunAjaranEnd\":2023,\"sks\":3}','2023-05-30 11:55:39','COURSE_FORM_UPDATE',31),(822,'course_form','{\"id\":32,\"isDeleted\":1,\"prodiId\":0,\"kode\":\"xxxx\",\"name\":\"tes\",\"tahunAjaranStart\":2023,\"tahunAjaranEnd\":2023,\"sks\":6}','2023-05-30 11:57:21','COURSE_FORM_UPDATE',32),(823,'component_course','{\"id\":103,\"name\":\"EAS Praktek\",\"bobotComponent\":0,\"courseId\":33,\"isAverage\":1}','2023-05-30 11:58:15','COMPONENT_COURSE_ADDED',103),(824,'component_course','{\"id\":104,\"name\":\"EAS Teori\",\"bobotComponent\":0,\"courseId\":33,\"isAverage\":1}','2023-05-30 11:58:15','COMPONENT_COURSE_ADDED',104),(825,'component_course','{\"id\":105,\"name\":\"ETS Praktek\",\"bobotComponent\":0,\"courseId\":33,\"isAverage\":1}','2023-05-30 11:58:15','COMPONENT_COURSE_ADDED',105),(826,'component_course','{\"id\":106,\"name\":\"ETS Teori\",\"bobotComponent\":0,\"courseId\":33,\"isAverage\":1}','2023-05-30 11:58:15','COMPONENT_COURSE_ADDED',106),(827,'component_course','{\"id\":107,\"name\":\"Lain-lain Praktek\",\"bobotComponent\":0,\"courseId\":33,\"isAverage\":1}','2023-05-30 11:58:15','COMPONENT_COURSE_ADDED',107),(828,'component_course','{\"id\":108,\"name\":\"Lain-lain Teori\",\"bobotComponent\":0,\"courseId\":33,\"isAverage\":1}','2023-05-30 11:58:15','COMPONENT_COURSE_ADDED',108),(829,'course_form','{\"id\":33,\"isDeleted\":0,\"prodiId\":0,\"kode\":\"xxxxx\",\"name\":\"tes\",\"tahunAjaranStart\":2023,\"tahunAjaranEnd\":2023,\"sks\":4}','2023-05-30 11:58:15','COURSE_FORM_ADDED',33),(830,'component_course','{\"id\":109,\"name\":\"EAS Praktek\",\"bobotComponent\":0,\"courseId\":34,\"isAverage\":1}','2023-05-30 11:58:35','COMPONENT_COURSE_ADDED',109),(831,'component_course','{\"id\":110,\"name\":\"EAS Teori\",\"bobotComponent\":0,\"courseId\":34,\"isAverage\":1}','2023-05-30 11:58:35','COMPONENT_COURSE_ADDED',110),(832,'component_course','{\"id\":111,\"name\":\"ETS Praktek\",\"bobotComponent\":0,\"courseId\":34,\"isAverage\":1}','2023-05-30 11:58:35','COMPONENT_COURSE_ADDED',111),(833,'component_course','{\"id\":112,\"name\":\"ETS Teori\",\"bobotComponent\":0,\"courseId\":34,\"isAverage\":1}','2023-05-30 11:58:35','COMPONENT_COURSE_ADDED',112),(834,'component_course','{\"id\":113,\"name\":\"Lain-lain Praktek\",\"bobotComponent\":0,\"courseId\":34,\"isAverage\":1}','2023-05-30 11:58:35','COMPONENT_COURSE_ADDED',113),(835,'component_course','{\"id\":114,\"name\":\"Lain-lain Teori\",\"bobotComponent\":0,\"courseId\":34,\"isAverage\":1}','2023-05-30 11:58:35','COMPONENT_COURSE_ADDED',114),(836,'course_form','{\"id\":34,\"isDeleted\":0,\"prodiId\":1,\"kode\":\"xxx\",\"name\":\"tes 2\",\"tahunAjaranStart\":2023,\"tahunAjaranEnd\":2023,\"sks\":4}','2023-05-30 11:58:35','COURSE_FORM_ADDED',34),(837,'course_form','{\"id\":34,\"isDeleted\":1,\"prodiId\":1,\"kode\":\"xxx\",\"name\":\"tes 2\",\"tahunAjaranStart\":2023,\"tahunAjaranEnd\":2023,\"sks\":4}','2023-05-30 11:59:18','COURSE_FORM_UPDATE',34),(838,'course_form','{\"id\":33,\"isDeleted\":1,\"prodiId\":0,\"kode\":\"xxxxx\",\"name\":\"tes\",\"tahunAjaranStart\":2023,\"tahunAjaranEnd\":2023,\"sks\":4}','2023-05-30 12:01:49','COURSE_FORM_UPDATE',33),(839,'component_course','{\"id\":115,\"name\":\"EAS Praktek\",\"bobotComponent\":0,\"courseId\":35,\"isAverage\":1}','2023-05-30 12:03:40','COMPONENT_COURSE_ADDED',115),(840,'component_course','{\"id\":116,\"name\":\"EAS Teori\",\"bobotComponent\":0,\"courseId\":35,\"isAverage\":1}','2023-05-30 12:03:40','COMPONENT_COURSE_ADDED',116),(841,'component_course','{\"id\":117,\"name\":\"ETS Praktek\",\"bobotComponent\":0,\"courseId\":35,\"isAverage\":1}','2023-05-30 12:03:40','COMPONENT_COURSE_ADDED',117),(842,'component_course','{\"id\":118,\"name\":\"ETS Teori\",\"bobotComponent\":0,\"courseId\":35,\"isAverage\":1}','2023-05-30 12:03:40','COMPONENT_COURSE_ADDED',118),(843,'component_course','{\"id\":119,\"name\":\"Lain-lain Praktek\",\"bobotComponent\":0,\"courseId\":35,\"isAverage\":1}','2023-05-30 12:03:40','COMPONENT_COURSE_ADDED',119),(844,'component_course','{\"id\":120,\"name\":\"Lain-lain Teori\",\"bobotComponent\":0,\"courseId\":35,\"isAverage\":1}','2023-05-30 12:03:40','COMPONENT_COURSE_ADDED',120),(845,'course_form','{\"id\":35,\"isDeleted\":0,\"prodiId\":0,\"kode\":\"yy\",\"name\":\"tes\",\"tahunAjaranStart\":2023,\"tahunAjaranEnd\":2023,\"sks\":3}','2023-05-30 12:03:40','COURSE_FORM_ADDED',35),(846,'component_course','{\"id\":121,\"name\":\"EAS Praktek\",\"bobotComponent\":0,\"courseId\":36,\"isAverage\":1}','2023-05-30 12:04:04','COMPONENT_COURSE_ADDED',121),(847,'component_course','{\"id\":122,\"name\":\"EAS Teori\",\"bobotComponent\":0,\"courseId\":36,\"isAverage\":1}','2023-05-30 12:04:04','COMPONENT_COURSE_ADDED',122),(848,'component_course','{\"id\":123,\"name\":\"ETS Praktek\",\"bobotComponent\":0,\"courseId\":36,\"isAverage\":1}','2023-05-30 12:04:04','COMPONENT_COURSE_ADDED',123),(849,'component_course','{\"id\":124,\"name\":\"ETS Teori\",\"bobotComponent\":0,\"courseId\":36,\"isAverage\":1}','2023-05-30 12:04:04','COMPONENT_COURSE_ADDED',124),(850,'component_course','{\"id\":125,\"name\":\"Lain-lain Praktek\",\"bobotComponent\":0,\"courseId\":36,\"isAverage\":1}','2023-05-30 12:04:04','COMPONENT_COURSE_ADDED',125),(851,'component_course','{\"id\":126,\"name\":\"Lain-lain Teori\",\"bobotComponent\":0,\"courseId\":36,\"isAverage\":1}','2023-05-30 12:04:04','COMPONENT_COURSE_ADDED',126),(852,'course_form','{\"id\":36,\"isDeleted\":0,\"prodiId\":1,\"kode\":\"yy\",\"name\":\"tes 1\",\"tahunAjaranStart\":2023,\"tahunAjaranEnd\":2023,\"sks\":2}','2023-05-30 12:04:04','COURSE_FORM_ADDED',36),(853,'course_form','{\"id\":36,\"isDeleted\":1,\"prodiId\":1,\"kode\":\"yy\",\"name\":\"tes 1\",\"tahunAjaranStart\":2023,\"tahunAjaranEnd\":2023,\"sks\":2}','2023-05-30 13:25:56','COURSE_FORM_UPDATE',36),(854,'component_course','{\"id\":127,\"name\":\"EAS Praktek\",\"bobotComponent\":0,\"courseId\":37,\"isAverage\":1}','2023-05-30 16:57:38','COMPONENT_COURSE_ADDED',127),(855,'component_course','{\"id\":128,\"name\":\"EAS Teori\",\"bobotComponent\":0,\"courseId\":37,\"isAverage\":1}','2023-05-30 16:57:38','COMPONENT_COURSE_ADDED',128),(856,'component_course','{\"id\":129,\"name\":\"ETS Praktek\",\"bobotComponent\":0,\"courseId\":37,\"isAverage\":1}','2023-05-30 16:57:38','COMPONENT_COURSE_ADDED',129),(857,'component_course','{\"id\":130,\"name\":\"ETS Teori\",\"bobotComponent\":0,\"courseId\":37,\"isAverage\":1}','2023-05-30 16:57:38','COMPONENT_COURSE_ADDED',130),(858,'component_course','{\"id\":131,\"name\":\"Lain-lain Praktek\",\"bobotComponent\":0,\"courseId\":37,\"isAverage\":1}','2023-05-30 16:57:38','COMPONENT_COURSE_ADDED',131),(859,'component_course','{\"id\":132,\"name\":\"Lain-lain Teori\",\"bobotComponent\":0,\"courseId\":37,\"isAverage\":1}','2023-05-30 16:57:38','COMPONENT_COURSE_ADDED',132),(860,'course_form','{\"id\":37,\"isDeleted\":0,\"prodiId\":0,\"kode\":\"xxxxx\",\"name\":\"tes 99+\",\"tahunAjaranStart\":2023,\"tahunAjaranEnd\":2023,\"sks\":48}','2023-05-30 16:57:38','COURSE_FORM_ADDED',37),(861,'component_course','{\"id\":133,\"name\":\"EAS Praktek\",\"bobotComponent\":0,\"courseId\":38,\"isAverage\":1}','2023-05-30 17:00:08','COMPONENT_COURSE_ADDED',133),(862,'component_course','{\"id\":134,\"name\":\"EAS Teori\",\"bobotComponent\":0,\"courseId\":38,\"isAverage\":1}','2023-05-30 17:00:08','COMPONENT_COURSE_ADDED',134),(863,'component_course','{\"id\":135,\"name\":\"ETS Praktek\",\"bobotComponent\":0,\"courseId\":38,\"isAverage\":1}','2023-05-30 17:00:08','COMPONENT_COURSE_ADDED',135),(864,'component_course','{\"id\":136,\"name\":\"ETS Teori\",\"bobotComponent\":0,\"courseId\":38,\"isAverage\":1}','2023-05-30 17:00:08','COMPONENT_COURSE_ADDED',136),(865,'component_course','{\"id\":137,\"name\":\"Lain-lain Praktek\",\"bobotComponent\":0,\"courseId\":38,\"isAverage\":1}','2023-05-30 17:00:08','COMPONENT_COURSE_ADDED',137),(866,'component_course','{\"id\":138,\"name\":\"Lain-lain Teori\",\"bobotComponent\":0,\"courseId\":38,\"isAverage\":1}','2023-05-30 17:00:08','COMPONENT_COURSE_ADDED',138),(867,'course_form','{\"id\":38,\"isDeleted\":0,\"prodiId\":1,\"kode\":\"xxxx\",\"name\":\"tes 1000\",\"tahunAjaranStart\":2023,\"tahunAjaranEnd\":2023,\"sks\":4}','2023-05-30 17:00:08','COURSE_FORM_ADDED',38),(868,'course_form','{\"id\":38,\"isDeleted\":1,\"prodiId\":1,\"kode\":\"xxxx\",\"name\":\"tes 1000\",\"tahunAjaranStart\":2023,\"tahunAjaranEnd\":2023,\"sks\":4}','2023-05-30 17:07:57','COURSE_FORM_UPDATE',38),(869,'course_form','{\"id\":37,\"isDeleted\":1,\"prodiId\":0,\"kode\":\"xxxxx\",\"name\":\"tes 99+\",\"tahunAjaranStart\":2023,\"tahunAjaranEnd\":2023,\"sks\":48}','2023-05-30 17:08:38','COURSE_FORM_UPDATE',37),(870,'course_form','{\"id\":35,\"isDeleted\":0,\"prodiId\":1,\"kode\":\"yyeu\",\"name\":\"tes ea\",\"tahunAjaranStart\":2023,\"tahunAjaranEnd\":2023,\"sks\":10}','2023-05-31 13:40:34','COURSE_FORM_UPDATE',35),(871,'course_form','{\"id\":25,\"isDeleted\":0,\"prodiId\":0,\"kode\":\"KP-05\",\"name\":\"Mata Kuliah KP 5\",\"tahunAjaranStart\":2023,\"tahunAjaranEnd\":2024,\"sks\":3}','2023-05-31 14:03:05','COURSE_FORM_UPDATE',25),(872,'criteria_component_course','{\"id\":33,\"nameForm\":\"Industri\",\"typeForm\":\"Industri 1\",\"bobotCriteria\":100,\"componentId\":1,\"industryCriteriaId\":10,\"seminarCriteriaId\":null,\"selfAssessmentCriteriaId\":null,\"supervisorCriteriaId\":null,\"isDeleted\":0,\"description\":null}','2023-05-31 19:27:24','CRITERIA_COMPONENT_COURSE_UPDATE',33),(873,'criteria_component_course','{\"id\":34,\"nameForm\":\"Industri\",\"typeForm\":\"Industri 1\",\"bobotCriteria\":100,\"componentId\":1,\"industryCriteriaId\":11,\"seminarCriteriaId\":null,\"selfAssessmentCriteriaId\":null,\"supervisorCriteriaId\":null,\"isDeleted\":0,\"description\":null}','2023-05-31 19:27:24','CRITERIA_COMPONENT_COURSE_UPDATE',34),(874,'criteria_component_course','{\"id\":35,\"nameForm\":\"Pembimbing\",\"typeForm\":\"Pembimbing\",\"bobotCriteria\":100,\"componentId\":1,\"industryCriteriaId\":null,\"seminarCriteriaId\":null,\"selfAssessmentCriteriaId\":null,\"supervisorCriteriaId\":1,\"isDeleted\":0,\"description\":\"Phase 1\"}','2023-05-31 19:27:24','CRITERIA_COMPONENT_COURSE_UPDATE',35),(875,'component_course','{\"id\":1,\"name\":\"EAS Praktek\",\"bobotComponent\":70,\"courseId\":16,\"isAverage\":1}','2023-05-31 19:27:24','COMPONENT_COURSE_UPDATE',1),(876,'criteria_component_course','{\"id\":38,\"nameForm\":\"Self Assessment\",\"typeForm\":\"Self Assessment\",\"bobotCriteria\":100,\"componentId\":5,\"industryCriteriaId\":null,\"seminarCriteriaId\":null,\"selfAssessmentCriteriaId\":1,\"supervisorCriteriaId\":null,\"isDeleted\":0,\"description\":\"Minggu 1\"}','2023-05-31 19:32:16','CRITERIA_COMPONENT_COURSE_UPDATE',38),(877,'criteria_component_course','{\"id\":39,\"nameForm\":\"Self Assessment\",\"typeForm\":\"Self Assessment\",\"bobotCriteria\":100,\"componentId\":5,\"industryCriteriaId\":null,\"seminarCriteriaId\":null,\"selfAssessmentCriteriaId\":2,\"supervisorCriteriaId\":null,\"isDeleted\":0,\"description\":\"Minggu 1\"}','2023-05-31 19:32:16','CRITERIA_COMPONENT_COURSE_UPDATE',39),(878,'component_course','{\"id\":5,\"name\":\"Lain-lain Praktek\",\"bobotComponent\":10,\"courseId\":16,\"isAverage\":1}','2023-05-31 19:32:16','COMPONENT_COURSE_UPDATE',5),(879,'criteria_component_course','{\"id\":43,\"nameForm\":\"Self Assessment\",\"typeForm\":\"Self Assessment\",\"bobotCriteria\":100,\"componentId\":11,\"industryCriteriaId\":null,\"seminarCriteriaId\":null,\"selfAssessmentCriteriaId\":17,\"supervisorCriteriaId\":null,\"isDeleted\":0,\"description\":\"Minggu 2\"}','2023-05-31 19:33:48','CRITERIA_COMPONENT_COURSE_UPDATE',43),(880,'component_course','{\"id\":11,\"name\":\"Lain-lain Praktek\",\"bobotComponent\":15,\"courseId\":17,\"isAverage\":1}','2023-05-31 19:33:48','COMPONENT_COURSE_UPDATE',11),(881,'component_course','{\"id\":7,\"name\":\"EAS Praktek\",\"bobotComponent\":50,\"courseId\":35,\"isAverage\":1}','2023-05-31 23:23:49','COMPONENT_COURSE_UPDATE',7),(882,'component_course','{\"id\":8,\"name\":\"EAS Teori\",\"bobotComponent\":50,\"courseId\":35,\"isAverage\":1}','2023-05-31 23:23:49','COMPONENT_COURSE_UPDATE',8),(883,'component_course','{\"id\":9,\"name\":\"ETS Praktek\",\"bobotComponent\":0,\"courseId\":35,\"isAverage\":1}','2023-05-31 23:23:49','COMPONENT_COURSE_UPDATE',9),(884,'component_course','{\"id\":10,\"name\":\"ETS Teori\",\"bobotComponent\":0,\"courseId\":35,\"isAverage\":1}','2023-05-31 23:23:49','COMPONENT_COURSE_UPDATE',10),(885,'component_course','{\"id\":11,\"name\":\"Lain-lain Praktek\",\"bobotComponent\":0,\"courseId\":35,\"isAverage\":1}','2023-05-31 23:23:49','COMPONENT_COURSE_UPDATE',11),(886,'component_course','{\"id\":12,\"name\":\"Lain-lain Teori\",\"bobotComponent\":0,\"courseId\":35,\"isAverage\":1}','2023-05-31 23:23:49','COMPONENT_COURSE_UPDATE',12),(895,'component_course','{\"id\":7,\"name\":\"EAS Praktek\",\"bobotComponent\":50,\"courseId\":35,\"isAverage\":1}','2023-06-02 09:06:32','COMPONENT_COURSE_UPDATE',7),(896,'component_course','{\"id\":8,\"name\":\"EAS Teori\",\"bobotComponent\":30,\"courseId\":35,\"isAverage\":1}','2023-06-02 09:06:32','COMPONENT_COURSE_UPDATE',8),(897,'component_course','{\"id\":9,\"name\":\"ETS Praktek\",\"bobotComponent\":10,\"courseId\":35,\"isAverage\":1}','2023-06-02 09:06:32','COMPONENT_COURSE_UPDATE',9),(898,'component_course','{\"id\":10,\"name\":\"ETS Teori\",\"bobotComponent\":10,\"courseId\":35,\"isAverage\":1}','2023-06-02 09:06:32','COMPONENT_COURSE_UPDATE',10),(899,'component_course','{\"id\":11,\"name\":\"Lain-lain Praktek\",\"bobotComponent\":0,\"courseId\":35,\"isAverage\":1}','2023-06-02 09:06:32','COMPONENT_COURSE_UPDATE',11),(900,'component_course','{\"id\":12,\"name\":\"Lain-lain Teori\",\"bobotComponent\":0,\"courseId\":35,\"isAverage\":1}','2023-06-02 09:06:32','COMPONENT_COURSE_UPDATE',12),(901,'course_form','{\"id\":35,\"isDeleted\":0,\"prodiId\":1,\"kode\":\"yyeu\",\"name\":\"tes ea\",\"tahunAjaranStart\":2023,\"tahunAjaranEnd\":2023,\"sks\":10}','2023-06-02 09:07:53','COURSE_FORM_UPDATE',35),(902,'course_form','{\"id\":35,\"isDeleted\":0,\"prodiId\":0,\"kode\":\"yyeu\",\"name\":\"tes ea\",\"tahunAjaranStart\":2023,\"tahunAjaranEnd\":2023,\"sks\":10}','2023-06-02 14:11:12','COURSE_FORM_UPDATE',35),(909,'company','{\"id\":41,\"companyName\":\"testCompany1\",\"companyEmail\":\"testCompany1@gmail.com\",\"sinceYear\":2020,\"status\":1,\"account_id\":121}','2023-06-03 13:08:53','COMPANY_ADDED',41),(910,'company','{\"id\":41,\"companyName\":\"testCompany2\",\"companyEmail\":\"testCompany2@gmail.com\",\"sinceYear\":2020,\"status\":1,\"account_id\":121}','2023-06-03 13:08:53','COMPANY_UPDATE',41),(911,'evaluation','{\"id\":39,\"comment\":null,\"year\":2023,\"numEvaluation\":1,\"status\":0,\"position\":\"BE\",\"prodiId\":1,\"companyId\":41,\"participantId\":181524012}','2023-06-03 13:11:59','EVALUATION_ADDED',39),(912,'evaluation','{\"id\":40,\"comment\":null,\"year\":2023,\"numEvaluation\":2,\"status\":0,\"position\":null,\"prodiId\":1,\"companyId\":41,\"participantId\":181524012}','2023-06-03 13:11:59','EVALUATION_ADDED',40),(913,'evaluation','{\"id\":41,\"comment\":null,\"year\":2023,\"numEvaluation\":3,\"status\":0,\"position\":null,\"prodiId\":1,\"companyId\":41,\"participantId\":181524012}','2023-06-03 13:11:59','EVALUATION_ADDED',41),(914,'evaluation','{\"id\":1,\"comment\":\"bagus bagus\",\"year\":2023,\"numEvaluation\":1,\"status\":1,\"position\":\"BE\",\"prodiId\":1,\"companyId\":41,\"participantId\":181524012}','2023-06-03 13:11:59','EVALUATION_UPDATE',1),(915,'account','{\"id\":162,\"username\":\"testPerson_1\",\"role_id\":1,\"is_delete\":0}','2023-06-03 13:12:02','ACCOUNT_ADDED',162),(916,'account','{\"id\":163,\"username\":\"testPerson_2\",\"role_id\":0,\"is_delete\":0}','2023-06-03 13:12:02','ACCOUNT_ADDED',163),(917,'account','{\"id\":164,\"username\":\"testPerson_1\",\"role_id\":0,\"is_delete\":0}','2023-06-03 13:12:02','ACCOUNT_ADDED',164),(918,'company','{\"id\":41,\"companyName\":\"testCompany1\",\"companyEmail\":\"testCompany1@gmail.com\",\"sinceYear\":2020,\"status\":1,\"account_id\":121}','2023-06-03 13:12:07','COMPANY_ADDED',41),(919,'company','{\"id\":41,\"companyName\":\"testCompany2\",\"companyEmail\":\"testCompany2@gmail.com\",\"sinceYear\":2020,\"status\":1,\"account_id\":121}','2023-06-03 13:12:07','COMPANY_UPDATE',41),(920,'account','{\"id\":162,\"username\":\"testPerson_1\",\"role_id\":1,\"is_delete\":0}','2023-06-03 13:13:55','ACCOUNT_ADDED',162),(921,'account','{\"id\":163,\"username\":\"testPerson_2\",\"role_id\":0,\"is_delete\":0}','2023-06-03 13:13:55','ACCOUNT_ADDED',163),(922,'account','{\"id\":164,\"username\":\"testPerson_1\",\"role_id\":0,\"is_delete\":0}','2023-06-03 13:13:55','ACCOUNT_ADDED',164),(923,'company','{\"id\":40,\"companyName\":\"testCompany1\",\"companyEmail\":\"testCompany1@gmail.com\",\"sinceYear\":2020,\"status\":1,\"account_id\":1}','2023-06-03 13:13:58','COMPANY_ADDED',40),(924,'evaluation','{\"id\":42,\"comment\":null,\"year\":2023,\"numEvaluation\":1,\"status\":0,\"position\":\"BE\",\"prodiId\":1,\"companyId\":41,\"participantId\":181524012}','2023-06-03 13:13:58','EVALUATION_ADDED',42),(925,'evaluation','{\"id\":43,\"comment\":null,\"year\":2023,\"numEvaluation\":2,\"status\":0,\"position\":null,\"prodiId\":1,\"companyId\":41,\"participantId\":181524012}','2023-06-03 13:13:58','EVALUATION_ADDED',43),(926,'company','{\"id\":41,\"companyName\":\"testCompany1\",\"companyEmail\":\"testCompany1@gmail.com\",\"sinceYear\":2020,\"status\":1,\"account_id\":1}','2023-06-03 13:13:58','COMPANY_ADDED',41),(927,'company','{\"id\":41,\"companyName\":\"testCompany2\",\"companyEmail\":\"testCompany2@gmail.com\",\"sinceYear\":2020,\"status\":1,\"account_id\":1}','2023-06-03 13:13:58','COMPANY_UPDATE',41),(928,'evaluation','{\"id\":44,\"comment\":null,\"year\":2023,\"numEvaluation\":3,\"status\":0,\"position\":null,\"prodiId\":1,\"companyId\":41,\"participantId\":181524012}','2023-06-03 13:13:58','EVALUATION_ADDED',44),(929,'evaluation','{\"id\":1,\"comment\":\"bagus bagus\",\"year\":2023,\"numEvaluation\":1,\"status\":1,\"position\":\"BE\",\"prodiId\":1,\"companyId\":41,\"participantId\":181524012}','2023-06-03 13:13:58','EVALUATION_UPDATE',1),(930,'evaluation','{\"id\":45,\"comment\":null,\"year\":2023,\"numEvaluation\":1,\"status\":0,\"position\":\"BE\",\"prodiId\":1,\"companyId\":41,\"participantId\":181524012}','2023-06-03 13:15:46','EVALUATION_ADDED',45),(931,'evaluation','{\"id\":46,\"comment\":null,\"year\":2023,\"numEvaluation\":2,\"status\":0,\"position\":null,\"prodiId\":1,\"companyId\":41,\"participantId\":181524012}','2023-06-03 13:15:46','EVALUATION_ADDED',46),(932,'evaluation','{\"id\":47,\"comment\":null,\"year\":2023,\"numEvaluation\":3,\"status\":0,\"position\":null,\"prodiId\":1,\"companyId\":41,\"participantId\":181524012}','2023-06-03 13:15:46','EVALUATION_ADDED',47),(933,'evaluation','{\"id\":1,\"comment\":\"bagus bagus\",\"year\":2023,\"numEvaluation\":1,\"status\":1,\"position\":\"BE\",\"prodiId\":1,\"companyId\":41,\"participantId\":181524012}','2023-06-03 13:15:46','EVALUATION_UPDATE',1),(934,'account','{\"id\":162,\"username\":\"testPerson_1\",\"role_id\":1,\"is_delete\":0}','2023-06-03 13:15:49','ACCOUNT_ADDED',162),(935,'company','{\"id\":40,\"companyName\":\"testCompany1\",\"companyEmail\":\"testCompany1@gmail.com\",\"sinceYear\":2020,\"status\":1,\"account_id\":1}','2023-06-03 13:15:49','COMPANY_ADDED',40),(936,'company','{\"id\":41,\"companyName\":\"testCompany1\",\"companyEmail\":\"testCompany1@gmail.com\",\"sinceYear\":2020,\"status\":1,\"account_id\":1}','2023-06-03 13:15:49','COMPANY_ADDED',41),(937,'account','{\"id\":163,\"username\":\"testPerson_2\",\"role_id\":0,\"is_delete\":0}','2023-06-03 13:15:49','ACCOUNT_ADDED',163),(938,'account','{\"id\":164,\"username\":\"testPerson_1\",\"role_id\":0,\"is_delete\":0}','2023-06-03 13:15:49','ACCOUNT_ADDED',164),(939,'company','{\"id\":41,\"companyName\":\"testCompany2\",\"companyEmail\":\"testCompany2@gmail.com\",\"sinceYear\":2020,\"status\":1,\"account_id\":1}','2023-06-03 13:15:49','COMPANY_UPDATE',41),(940,'company','{\"id\":42,\"companyName\":\"testCompany1\",\"companyEmail\":\"testCompany1@gmail.com\",\"sinceYear\":2020,\"status\":1,\"account_id\":1}','2023-06-03 13:22:20','COMPANY_ADDED',42),(941,'company','{\"id\":44,\"companyName\":\"testCompany1\",\"companyEmail\":\"testCompany1@gmail.com\",\"sinceYear\":2020,\"status\":1,\"account_id\":1}','2023-06-03 13:25:09','COMPANY_ADDED',44),(942,'company','{\"id\":44,\"companyName\":\"testCompany2\",\"companyEmail\":\"testCompany2@gmail.com\",\"sinceYear\":2020,\"status\":1,\"account_id\":1}','2023-06-03 13:26:03','COMPANY_UPDATE',44),(943,'evaluation','{\"id\":48,\"comment\":null,\"year\":2023,\"numEvaluation\":1,\"status\":0,\"position\":\"BE\",\"prodiId\":0,\"companyId\":44,\"participantId\":181524012}','2023-06-03 13:26:33','EVALUATION_ADDED',48),(944,'evaluation','{\"id\":48,\"comment\":\"bagus bagus\",\"year\":2023,\"numEvaluation\":1,\"status\":1,\"position\":\"BE\",\"prodiId\":0,\"companyId\":44,\"participantId\":181524012}','2023-06-03 13:32:23','EVALUATION_UPDATE',48),(945,'evaluation','{\"id\":48,\"comment\":\"bagus bagus\",\"year\":2023,\"numEvaluation\":1,\"status\":1,\"position\":\"BE\",\"prodiId\":0,\"companyId\":44,\"participantId\":181524012}','2023-06-03 13:34:47','EVALUATION_UPDATE',48),(946,'evaluation','{\"id\":48,\"comment\":\"bagus bagus\",\"year\":2023,\"numEvaluation\":1,\"status\":1,\"position\":\"BE\",\"prodiId\":0,\"companyId\":44,\"participantId\":181524012}','2023-06-03 13:36:22','EVALUATION_UPDATE',48),(947,'evaluation','{\"id\":48,\"comment\":\"bagus bagus\",\"year\":2023,\"numEvaluation\":1,\"status\":1,\"position\":\"BE\",\"prodiId\":0,\"companyId\":44,\"participantId\":181524012}','2023-06-03 13:37:31','EVALUATION_UPDATE',48),(948,'evaluation','{\"id\":48,\"comment\":\"bagus bagus\",\"year\":2023,\"numEvaluation\":1,\"status\":1,\"position\":\"BE\",\"prodiId\":0,\"companyId\":44,\"participantId\":181524012}','2023-06-03 13:38:02','EVALUATION_UPDATE',48),(949,'evaluation','{\"id\":48,\"comment\":\"bagus bagus\",\"year\":2023,\"numEvaluation\":1,\"status\":1,\"position\":\"BE\",\"prodiId\":0,\"companyId\":44,\"participantId\":181524012}','2023-06-03 13:40:38','EVALUATION_UPDATE',48),(950,'evaluation','{\"id\":48,\"comment\":\"bagus bagus\",\"year\":2023,\"numEvaluation\":1,\"status\":1,\"position\":\"BE\",\"prodiId\":0,\"companyId\":44,\"participantId\":181524012}','2023-06-03 13:40:58','EVALUATION_UPDATE',48),(951,'evaluation','{\"id\":48,\"comment\":\"bagus bagus\",\"year\":2023,\"numEvaluation\":1,\"status\":1,\"position\":\"BE\",\"prodiId\":0,\"companyId\":44,\"participantId\":181524012}','2023-06-03 13:43:41','EVALUATION_UPDATE',48),(952,'evaluation','{\"id\":48,\"comment\":\"bagus bagus\",\"year\":2023,\"numEvaluation\":1,\"status\":1,\"position\":\"BE\",\"prodiId\":0,\"companyId\":44,\"participantId\":181524012}','2023-06-03 13:47:38','EVALUATION_UPDATE',48),(953,'evaluation','{\"id\":48,\"comment\":\"bagus bagus\",\"year\":2023,\"numEvaluation\":1,\"status\":1,\"position\":\"BE\",\"prodiId\":0,\"companyId\":44,\"participantId\":181524012}','2023-06-03 13:48:03','EVALUATION_UPDATE',48),(954,'valuation','{\"id\":181,\"aspectName\":\"aspek 4\",\"value\":80,\"evaluationId\":48,\"isCore\":1}','2023-06-03 13:48:03','VALUATION_ADDED',181),(955,'valuation','{\"id\":182,\"aspectName\":\"aspek 2\",\"value\":70,\"evaluationId\":48,\"isCore\":1}','2023-06-03 13:48:03','VALUATION_ADDED',182),(956,'valuation','{\"id\":183,\"aspectName\":\"aspek 3\",\"value\":50,\"evaluationId\":48,\"isCore\":0}','2023-06-03 13:48:03','VALUATION_ADDED',183),(957,'evaluation','{\"id\":48,\"comment\":\"bagus bagus\",\"year\":2023,\"numEvaluation\":1,\"status\":1,\"position\":\"BE\",\"prodiId\":0,\"companyId\":44,\"participantId\":181524012}','2023-06-03 13:50:54','EVALUATION_UPDATE',48),(958,'valuation','{\"id\":184,\"aspectName\":\"aspek 4\",\"value\":80,\"evaluationId\":48,\"isCore\":1}','2023-06-03 13:50:54','VALUATION_ADDED',184),(959,'valuation','{\"id\":185,\"aspectName\":\"aspek 2\",\"value\":70,\"evaluationId\":48,\"isCore\":1}','2023-06-03 13:50:54','VALUATION_ADDED',185),(960,'valuation','{\"id\":186,\"aspectName\":\"aspek 3\",\"value\":50,\"evaluationId\":48,\"isCore\":0}','2023-06-03 13:50:54','VALUATION_ADDED',186),(961,'valuation','{\"id\":187,\"aspectName\":\"aspek 4\",\"value\":80,\"evaluationId\":48,\"isCore\":1}','2023-06-03 13:57:23','VALUATION_ADDED',187),(962,'valuation','{\"id\":188,\"aspectName\":\"aspek 2\",\"value\":70,\"evaluationId\":48,\"isCore\":1}','2023-06-03 13:57:24','VALUATION_ADDED',188),(963,'valuation','{\"id\":189,\"aspectName\":\"aspek 3\",\"value\":50,\"evaluationId\":48,\"isCore\":0}','2023-06-03 13:57:24','VALUATION_ADDED',189),(964,'valuation','{\"id\":190,\"aspectName\":\"aspek 4\",\"value\":80,\"evaluationId\":48,\"isCore\":1}','2023-06-03 13:57:24','VALUATION_ADDED',190),(965,'valuation','{\"id\":191,\"aspectName\":\"aspek 2\",\"value\":70,\"evaluationId\":48,\"isCore\":1}','2023-06-03 13:57:25','VALUATION_ADDED',191),(966,'valuation','{\"id\":192,\"aspectName\":\"aspek 3\",\"value\":50,\"evaluationId\":48,\"isCore\":0}','2023-06-03 13:57:25','VALUATION_ADDED',192),(967,'assessment_aspect','{\"id\":47,\"aspectName\":\"testAspect\",\"evaluationFormId\":1}','2023-06-03 14:08:32','ASSESSMENT_ASPECT_ADDED',47),(968,'assessment_aspect','{\"id\":37,\"aspectName\":\"testAspect\",\"evaluationFormId\":1}','2023-06-03 14:11:46','ASSESSMENT_ASPECT_ADDED',37),(969,'assessment_aspect','{\"id\":40,\"aspectName\":\"testAspect\",\"evaluationFormId\":1,\"isDelete\":null}','2023-06-03 15:08:51','ASSESSMENT_ASPECT_ADDED',40),(970,'assessment_aspect','{\"id\":40,\"aspectName\":\"testAspect changed\",\"evaluationFormId\":1,\"isDelete\":null}','2023-06-03 15:09:14','ASSESSMENT_ASPECT_UPDATE',40),(971,'criteria_component_course','{\"id\":56,\"nameForm\":\"test\",\"typeForm\":\"tweedsds\",\"bobotCriteria\":100,\"componentId\":12,\"industryCriteriaId\":40,\"seminarCriteriaId\":null,\"selfAssessmentCriteriaId\":null,\"supervisorCriteriaId\":null,\"isDeleted\":1}','2023-06-03 15:22:35','CRITERIA_COMPONEN_COURSE_UPDATE',56),(972,'assessment_aspect','{\"id\":40,\"aspectName\":\"testAspect changed\",\"evaluationFormId\":1,\"isDelete\":1}','2023-06-03 15:22:35','ASSESSMENT_ASPECT_DELETE',40),(973,'timeline_setting','{\"id\":37,\"name\":\"test timeline\",\"startDate\":\"2021-03-31T17:00:00.000+00:00\",\"endDate\":\"2021-03-31T17:00:00.000+00:00\",\"prodiId\":1,\"description\":\"no description\"}','2023-06-03 15:37:59','TIMELINE_SETTING_ADDED',37),(974,'company','{\"id\":191511084,\"name\":\"Agus\",\"year\":2022,\"statusCv\":1,\"prodiId\":1,\"account_id\":164}','2023-06-03 20:54:38','COMPANY_ADDED',191511084),(975,'final_mapping','{\"id\":1,\"year\":2023,\"prodiId\":1,\"participantId\":191511090,\"companyId\":44}','2023-06-03 21:17:16','FINAL_MAPPING_ADDED',1),(976,'final_mapping','{\"id\":2,\"year\":2023,\"prodiId\":1,\"participantId\":191511090,\"companyId\":44}','2023-06-03 21:17:16','FINAL_MAPPING_ADDED',2),(977,'final_mapping','{\"id\":16,\"year\":2023,\"prodiId\":1,\"participantId\":191511090,\"companyId\":44}','2023-06-03 21:19:12','FINAL_MAPPING_ADDED',16),(978,'final_mapping','{\"id\":16,\"year\":2023,\"prodiId\":1,\"participantId\":191511090,\"companyId\":44}','2023-06-03 21:19:21','FINAL_MAPPING_DELETE',16),(979,'self_assessment','{\"id\":41,\"start_date\":\"2023-06-14T00:00:00.000+00:00\",\"finish_date\":null,\"participantId\":191511090}','2023-06-03 22:47:55','SELF_ASSESSMENT_ADDED',41),(980,'self_assessment','{\"id\":42,\"start_date\":\"2023-06-14T00:00:00.000+00:00\",\"finish_date\":\"2023-06-14T00:00:00.000+00:00\",\"participantId\":191511090}','2023-06-03 22:47:55','SELF_ASSESSMENT_ADDED',42),(981,'self_assessment_grade','{\"id\":721,\"valueSelfAssessment\":80,\"selfAssessmentId\":42,\"criteriaSelfAssessmentId\":12,\"participantId\":191511090}','2023-06-04 00:07:55','SELF_ASSESSMENT_GRADE_ADDED',721),(982,'self_assessment_grade','{\"id\":721,\"valueSelfAssessment\":80,\"selfAssessmentId\":42,\"criteriaSelfAssessmentId\":12,\"participantId\":191511090}','2023-06-04 00:07:55','SELF_ASSESSMENT_GRADE_UPDATE',721),(983,'self_assessment_grade','{\"id\":721,\"valueSelfAssessment\":70,\"selfAssessmentId\":42,\"criteriaSelfAssessmentId\":12,\"participantId\":191511090}','2023-06-04 00:07:55','SELF_ASSESSMENT_GRADE_UPDATE',721),(984,'self_assessment_aspect','{\"id\":19,\"name\":\"test aspect\",\"description\":\"description test\"}','2023-06-04 00:15:05','SELF_ASSESSMENT_ASPECT_ADDED',19),(985,'self_assessment_aspect','{\"id\":19,\"name\":\"test aspect changed\",\"description\":\"description test\"}','2023-06-04 00:15:05','SELF_ASSESSMENT_ASPECT_UPDATE',19),(986,'supervisor_grade','{\"id\":31,\"phase\":1,\"participantId\":191511090,\"date\":\"2023-06-14T00:00:00.000+00:00\",\"supervisorGradeId\":1}','2023-06-04 00:28:53','SUPERVISOR_GRADE_ADDED',31),(987,'supervisor_grade','{\"id\":31,\"phase\":1,\"participantId\":191511090,\"date\":\"2023-06-15T00:00:00.000+00:00\",\"supervisorGradeId\":1}','2023-06-04 00:28:53','SUPERVISOR_GRADE_UPDATE',31),(988,'supervisor_grade_result','{\"id\":91,\"value\":70,\"supervisorGradeId\":31,\"aspectId\":1}','2023-06-04 00:33:51','SUPERVISOR_GRADE_RESULT_ADDED',91),(989,'supervisor_grade_result','{\"id\":91,\"value\":80,\"supervisorGradeId\":31,\"aspectId\":1}','2023-06-04 00:33:51','SUPERVISOR_GRADE_RESULT_UPDATE',91),(990,'supervisor_grade_aspect','{\"id\":4,\"description\":\"test aspect\",\"gradeWeight\":100.0}','2023-06-04 00:38:45','SUPERVISOR_GRADE_ASPECT_ADDED',4),(991,'supervisor_grade_aspect','{\"id\":4,\"description\":\"test aspect\",\"gradeWeight\":100.0}','2023-06-04 00:38:45','SUPERVISOR_GRADE_ASPECT_UPDATE',4),(992,'supervisor_grade_aspect','{\"id\":4,\"description\":\"test aspect\",\"gradeWeight\":10.0}','2023-06-04 00:38:45','SUPERVISOR_GRADE_ASPECT_UPDATE',4),(993,'supervisor_mapping','{\"id\":7,\"companyMappingId\":44,\"participantMappingId\":191511090,\"supervisorMappingId\":1,\"prodiId\":1,\"mappingDate\":\"2023-06-14T00:00:00.000+00:00\"}','2023-06-04 00:46:08','SUPERVISOR_MAPPING_ADDED',7),(994,'supervisor_mapping','{\"id\":7,\"companyMappingId\":44,\"participantMappingId\":191511090,\"supervisorMappingId\":1,\"prodiId\":1,\"mappingDate\":\"2023-06-15T00:00:00.000+00:00\"}','2023-06-04 00:46:08','SUPERVISOR_MAPPING_UPDATE',7),(995,'seminar_criteria','{\"id\":20,\"criteriaName\":\"tes y\",\"criteriaBobot\":0.0,\"isDeleted\":0,\"isSelected\":0}','2023-06-04 20:29:48','SEMINAR_CRITERIA_UPDATE',20),(996,'seminar_criteria','{\"id\":20,\"criteriaName\":\"tes y\",\"criteriaBobot\":0.0,\"isDeleted\":0,\"isSelected\":1}','2023-06-04 20:29:51','SEMINAR_CRITERIA_UPDATE',20),(997,'seminar_criteria','{\"id\":20,\"criteriaName\":\"tes y\",\"criteriaBobot\":0.0,\"isDeleted\":0,\"isSelected\":0}','2023-06-04 20:50:53','SEMINAR_CRITERIA_UPDATE',20),(998,'seminar_criteria','{\"id\":20,\"criteriaName\":\"tes y\",\"criteriaBobot\":0.0,\"isDeleted\":0,\"isSelected\":1}','2023-06-04 20:50:55','SEMINAR_CRITERIA_UPDATE',20),(999,'seminar_criteria','{\"id\":18,\"criteriaName\":\"Test\",\"criteriaBobot\":5.0,\"isDeleted\":0,\"isSelected\":1}','2023-06-04 21:21:45','SEMINAR_CRITERIA_UPDATE',18),(1000,'seminar_criteria','{\"id\":26,\"criteriaName\":\"tes 3\",\"criteriaBobot\":0.0,\"isDeleted\":0,\"isSelected\":0}','2023-06-04 21:21:45','SEMINAR_CRITERIA_UPDATE',26),(1001,'seminar_criteria','{\"id\":13,\"criteriaName\":\"Hasil Pelaksanaan PKL atau KP\",\"criteriaBobot\":65.0,\"isDeleted\":0,\"isSelected\":1}','2023-06-04 21:21:45','SEMINAR_CRITERIA_UPDATE',13),(1002,'seminar_criteria','{\"id\":14,\"criteriaName\":\"Penguasaan Materi dalam Tanya Jawab\",\"criteriaBobot\":8.0,\"isDeleted\":0,\"isSelected\":1}','2023-06-04 21:21:45','SEMINAR_CRITERIA_UPDATE',14),(1003,'seminar_criteria','{\"id\":29,\"criteriaName\":\"tes 4\",\"criteriaBobot\":0.0,\"isDeleted\":0,\"isSelected\":0}','2023-06-04 21:21:45','SEMINAR_CRITERIA_UPDATE',29),(1004,'seminar_criteria','{\"id\":20,\"criteriaName\":\"tes y\",\"criteriaBobot\":2.0,\"isDeleted\":0,\"isSelected\":1}','2023-06-04 21:21:45','SEMINAR_CRITERIA_UPDATE',20),(1005,'seminar_criteria','{\"id\":12,\"criteriaName\":\"Presentasi\",\"criteriaBobot\":20.0,\"isDeleted\":0,\"isSelected\":1}','2023-06-04 21:21:45','SEMINAR_CRITERIA_UPDATE',12),(1006,'seminar_criteria','{\"id\":18,\"criteriaName\":\"Test\",\"criteriaBobot\":7.0,\"isDeleted\":0,\"isSelected\":1}','2023-06-04 21:22:51','SEMINAR_CRITERIA_UPDATE',18),(1007,'seminar_criteria','{\"id\":13,\"criteriaName\":\"Hasil Pelaksanaan PKL atau KP\",\"criteriaBobot\":65.0,\"isDeleted\":0,\"isSelected\":1}','2023-06-04 21:22:51','SEMINAR_CRITERIA_UPDATE',13),(1008,'seminar_criteria','{\"id\":29,\"criteriaName\":\"tes 4\",\"criteriaBobot\":0.0,\"isDeleted\":0,\"isSelected\":0}','2023-06-04 21:22:51','SEMINAR_CRITERIA_UPDATE',29),(1009,'seminar_criteria','{\"id\":26,\"criteriaName\":\"tes 3\",\"criteriaBobot\":0.0,\"isDeleted\":0,\"isSelected\":0}','2023-06-04 21:22:51','SEMINAR_CRITERIA_UPDATE',26),(1010,'seminar_criteria','{\"id\":20,\"criteriaName\":\"tes y\",\"criteriaBobot\":0.0,\"isDeleted\":0,\"isSelected\":0}','2023-06-04 21:22:51','SEMINAR_CRITERIA_UPDATE',20),(1011,'course_form','{\"id\":35,\"isDeleted\":0,\"prodiId\":0,\"kode\":\"yyeu\",\"name\":\"tes ea\",\"tahunAjaranStart\":2023,\"tahunAjaranEnd\":2023,\"sks\":10}','2023-06-04 21:47:43','COURSE_FORM_UPDATE',35),(1012,'seminar_criteria','{\"id\":30,\"criteriaName\":\"tes \",\"criteriaBobot\":0.0,\"isDeleted\":0,\"isSelected\":0}','2023-06-06 16:29:41','SEMINAR_CRITERIA_ADDED',30),(1013,'seminar_criteria','{\"id\":13,\"criteriaName\":\"Hasil Pelaksanaan PKL atau KP\",\"criteriaBobot\":65.0,\"isDeleted\":0,\"isSelected\":1}','2023-06-06 16:30:37','SEMINAR_CRITERIA_UPDATE',13),(1014,'seminar_criteria','{\"id\":20,\"criteriaName\":\"tes y\",\"criteriaBobot\":0.0,\"isDeleted\":0,\"isSelected\":0}','2023-06-06 16:30:37','SEMINAR_CRITERIA_UPDATE',20),(1015,'seminar_criteria','{\"id\":12,\"criteriaName\":\"Presentasi\",\"criteriaBobot\":20.0,\"isDeleted\":0,\"isSelected\":1}','2023-06-06 16:30:37','SEMINAR_CRITERIA_UPDATE',12),(1016,'seminar_criteria','{\"id\":14,\"criteriaName\":\"Penguasaan Materi dalam Tanya Jawab\",\"criteriaBobot\":8.0,\"isDeleted\":0,\"isSelected\":1}','2023-06-06 16:30:37','SEMINAR_CRITERIA_UPDATE',14),(1017,'seminar_criteria','{\"id\":18,\"criteriaName\":\"Test\",\"criteriaBobot\":0.0,\"isDeleted\":0,\"isSelected\":0}','2023-06-06 16:30:37','SEMINAR_CRITERIA_UPDATE',18),(1018,'seminar_criteria','{\"id\":29,\"criteriaName\":\"tes 4\",\"criteriaBobot\":0.0,\"isDeleted\":0,\"isSelected\":0}','2023-06-06 16:30:37','SEMINAR_CRITERIA_UPDATE',29),(1019,'seminar_criteria','{\"id\":26,\"criteriaName\":\"tes 3\",\"criteriaBobot\":0.0,\"isDeleted\":0,\"isSelected\":0}','2023-06-06 16:30:37','SEMINAR_CRITERIA_UPDATE',26),(1020,'seminar_criteria','{\"id\":30,\"criteriaName\":\"tes \",\"criteriaBobot\":7.0,\"isDeleted\":0,\"isSelected\":1}','2023-06-06 16:30:38','SEMINAR_CRITERIA_UPDATE',30),(1021,'seminar_criteria','{\"id\":30,\"criteriaName\":\"tes change\",\"criteriaBobot\":7.0,\"isDeleted\":0,\"isSelected\":1}','2023-06-06 16:30:52','SEMINAR_CRITERIA_UPDATE',30),(1022,'seminar_criteria','{\"id\":29,\"criteriaName\":\"tes 4\",\"criteriaBobot\":0.0,\"isDeleted\":1,\"isSelected\":0}','2023-06-06 16:30:58','SEMINAR_CRITERIA_UPDATE',29),(1023,'seminar_criteria','{\"id\":31,\"criteriaName\":\"Mengenali Perusahaan\",\"criteriaBobot\":0.0,\"isDeleted\":0,\"isSelected\":0}','2023-06-07 12:55:54','SEMINAR_CRITERIA_ADDED',31),(1024,'seminar_criteria','{\"id\":32,\"criteriaName\":\"Budaya Perusahaan\",\"criteriaBobot\":0.0,\"isDeleted\":0,\"isSelected\":0}','2023-06-07 12:56:12','SEMINAR_CRITERIA_ADDED',32),(1025,'seminar_criteria','{\"id\":33,\"criteriaName\":\"Suasana Kerja\",\"criteriaBobot\":0.0,\"isDeleted\":0,\"isSelected\":0}','2023-06-07 12:57:29','SEMINAR_CRITERIA_ADDED',33),(1026,'seminar_criteria','{\"id\":34,\"criteriaName\":\"Interaksi dengan SDM termasuk dengan Pembimbing Industri\",\"criteriaBobot\":0.0,\"isDeleted\":0,\"isSelected\":0}','2023-06-07 12:58:04','SEMINAR_CRITERIA_ADDED',34),(1027,'seminar_criteria','{\"id\":14,\"criteriaName\":\"Penguasaan Materi dalam Tanya Jawab\",\"criteriaBobot\":8.0,\"isDeleted\":0,\"isSelected\":1}','2023-06-07 12:58:26','SEMINAR_CRITERIA_UPDATE',14),(1028,'seminar_criteria','{\"id\":13,\"criteriaName\":\"Hasil Pelaksanaan PKL atau KP\",\"criteriaBobot\":65.0,\"isDeleted\":0,\"isSelected\":1}','2023-06-07 12:58:26','SEMINAR_CRITERIA_UPDATE',13),(1029,'seminar_criteria','{\"id\":20,\"criteriaName\":\"tes y\",\"criteriaBobot\":0.0,\"isDeleted\":0,\"isSelected\":0}','2023-06-07 12:58:26','SEMINAR_CRITERIA_UPDATE',20),(1030,'seminar_criteria','{\"id\":26,\"criteriaName\":\"tes 3\",\"criteriaBobot\":0.0,\"isDeleted\":0,\"isSelected\":0}','2023-06-07 12:58:26','SEMINAR_CRITERIA_UPDATE',26),(1031,'seminar_criteria','{\"id\":18,\"criteriaName\":\"Test\",\"criteriaBobot\":0.0,\"isDeleted\":0,\"isSelected\":0}','2023-06-07 12:58:26','SEMINAR_CRITERIA_UPDATE',18),(1032,'seminar_criteria','{\"id\":12,\"criteriaName\":\"Presentasi\",\"criteriaBobot\":20.0,\"isDeleted\":0,\"isSelected\":1}','2023-06-07 12:58:26','SEMINAR_CRITERIA_UPDATE',12),(1033,'seminar_criteria','{\"id\":31,\"criteriaName\":\"Mengenali Perusahaan\",\"criteriaBobot\":0.0,\"isDeleted\":0,\"isSelected\":0}','2023-06-07 12:58:26','SEMINAR_CRITERIA_UPDATE',31),(1034,'seminar_criteria','{\"id\":30,\"criteriaName\":\"tes change\",\"criteriaBobot\":0.0,\"isDeleted\":0,\"isSelected\":0}','2023-06-07 12:58:26','SEMINAR_CRITERIA_UPDATE',30),(1035,'seminar_criteria','{\"id\":32,\"criteriaName\":\"Budaya Perusahaan\",\"criteriaBobot\":0.0,\"isDeleted\":0,\"isSelected\":0}','2023-06-07 12:58:26','SEMINAR_CRITERIA_UPDATE',32),(1036,'seminar_criteria','{\"id\":33,\"criteriaName\":\"Suasana Kerja\",\"criteriaBobot\":0.0,\"isDeleted\":0,\"isSelected\":0}','2023-06-07 12:58:26','SEMINAR_CRITERIA_UPDATE',33),(1037,'seminar_criteria','{\"id\":34,\"criteriaName\":\"Interaksi dengan SDM termasuk dengan Pembimbing Industri\",\"criteriaBobot\":7.0,\"isDeleted\":0,\"isSelected\":1}','2023-06-07 12:58:26','SEMINAR_CRITERIA_UPDATE',34),(1038,'seminar_criteria','{\"id\":35,\"criteriaName\":\"Mengenali Pekerjaan\",\"criteriaBobot\":0.0,\"isDeleted\":0,\"isSelected\":0}','2023-06-07 12:59:14','SEMINAR_CRITERIA_ADDED',35),(1039,'seminar_criteria','{\"id\":36,\"criteriaName\":\"Pendekatan\",\"criteriaBobot\":0.0,\"isDeleted\":0,\"isSelected\":0}','2023-06-07 12:59:29','SEMINAR_CRITERIA_ADDED',36),(1040,'seminar_criteria','{\"id\":37,\"criteriaName\":\"Metode\",\"criteriaBobot\":0.0,\"isDeleted\":0,\"isSelected\":0}','2023-06-07 12:59:38','SEMINAR_CRITERIA_ADDED',37),(1041,'seminar_criteria','{\"id\":38,\"criteriaName\":\"Tools\",\"criteriaBobot\":0.0,\"isDeleted\":0,\"isSelected\":0}','2023-06-07 13:01:02','SEMINAR_CRITERIA_ADDED',38),(1042,'seminar_criteria','{\"id\":39,\"criteriaName\":\"Lesson Learned\",\"criteriaBobot\":0.0,\"isDeleted\":0,\"isSelected\":0}','2023-06-07 13:01:11','SEMINAR_CRITERIA_ADDED',39),(1043,'seminar_criteria','{\"id\":40,\"criteriaName\":\"Apresiasi Perusahaan\",\"criteriaBobot\":0.0,\"isDeleted\":0,\"isSelected\":0}','2023-06-07 13:05:02','SEMINAR_CRITERIA_ADDED',40),(1044,'seminar_criteria','{\"id\":40,\"criteriaName\":\"Apresiasi Perusahaan (fast leaner)\",\"criteriaBobot\":0.0,\"isDeleted\":0,\"isSelected\":0}','2023-06-07 13:05:57','SEMINAR_CRITERIA_UPDATE',40),(1045,'seminar_criteria','{\"id\":40,\"criteriaName\":\"Apresiasi Perusahaan (fast leaner, tekun, tanggung jawab)\",\"criteriaBobot\":0.0,\"isDeleted\":0,\"isSelected\":0}','2023-06-07 13:06:18','SEMINAR_CRITERIA_UPDATE',40),(1046,'seminar_criteria','{\"id\":41,\"criteriaName\":\"Masukkan untuk JTK\",\"criteriaBobot\":0.0,\"isDeleted\":0,\"isSelected\":0}','2023-06-07 13:06:31','SEMINAR_CRITERIA_ADDED',41),(1047,'seminar_criteria','{\"id\":42,\"criteriaName\":\"Problem Solving\",\"criteriaBobot\":0.0,\"isDeleted\":0,\"isSelected\":0}','2023-06-07 13:07:00','SEMINAR_CRITERIA_ADDED',42),(1048,'seminar_criteria','{\"id\":43,\"criteriaName\":\"Karir\",\"criteriaBobot\":0.0,\"isDeleted\":0,\"isSelected\":0}','2023-06-07 13:07:14','SEMINAR_CRITERIA_ADDED',43),(1049,'seminar_criteria','{\"id\":44,\"criteriaName\":\"Persepsi Diri Pada Awal KP (Kemampuan Beradaptasi)\",\"criteriaBobot\":0.0,\"isDeleted\":0,\"isSelected\":0}','2023-06-07 13:08:00','SEMINAR_CRITERIA_ADDED',44),(1050,'seminar_criteria','{\"id\":45,\"criteriaName\":\"Persepsi Diri Antara Tengah KP (Menjalankan Tugas)\",\"criteriaBobot\":0.0,\"isDeleted\":0,\"isSelected\":0}','2023-06-07 13:09:05','SEMINAR_CRITERIA_ADDED',45),(1051,'seminar_criteria','{\"id\":30,\"criteriaName\":\"tes change\",\"criteriaBobot\":0.0,\"isDeleted\":1,\"isSelected\":0}','2023-06-07 20:36:43','SEMINAR_CRITERIA_UPDATE',30),(1052,'component_course','{\"id\":139,\"name\":\"EAS Praktek\",\"bobotComponent\":0,\"courseId\":39,\"isAverage\":1}','2023-06-08 21:58:47','COMPONENT_COURSE_ADDED',139),(1053,'component_course','{\"id\":140,\"name\":\"EAS Teori\",\"bobotComponent\":0,\"courseId\":39,\"isAverage\":1}','2023-06-08 21:58:47','COMPONENT_COURSE_ADDED',140),(1054,'component_course','{\"id\":141,\"name\":\"ETS Praktek\",\"bobotComponent\":0,\"courseId\":39,\"isAverage\":1}','2023-06-08 21:58:47','COMPONENT_COURSE_ADDED',141),(1055,'component_course','{\"id\":142,\"name\":\"ETS Teori\",\"bobotComponent\":0,\"courseId\":39,\"isAverage\":1}','2023-06-08 21:58:47','COMPONENT_COURSE_ADDED',142),(1056,'component_course','{\"id\":143,\"name\":\"Lain-lain Praktek\",\"bobotComponent\":0,\"courseId\":39,\"isAverage\":1}','2023-06-08 21:58:47','COMPONENT_COURSE_ADDED',143),(1057,'component_course','{\"id\":144,\"name\":\"Lain-lain Teori\",\"bobotComponent\":0,\"courseId\":39,\"isAverage\":1}','2023-06-08 21:58:47','COMPONENT_COURSE_ADDED',144),(1058,'course_form','{\"id\":39,\"isDeleted\":0,\"prodiId\":0,\"kode\":\"XXXXXX\",\"name\":\"Kerja Praktek Nich\",\"tahunAjaranStart\":2023,\"tahunAjaranEnd\":2023,\"sks\":99,\"isFinalization\":null}','2023-06-08 21:58:47','COURSE_FORM_ADDED',39),(1059,'component_course','{\"id\":145,\"name\":\"EAS Praktek\",\"bobotComponent\":0,\"courseId\":40,\"isAverage\":1}','2023-06-08 22:00:00','COMPONENT_COURSE_ADDED',145),(1060,'component_course','{\"id\":146,\"name\":\"EAS Teori\",\"bobotComponent\":0,\"courseId\":40,\"isAverage\":1}','2023-06-08 22:00:00','COMPONENT_COURSE_ADDED',146),(1061,'component_course','{\"id\":147,\"name\":\"ETS Praktek\",\"bobotComponent\":0,\"courseId\":40,\"isAverage\":1}','2023-06-08 22:00:00','COMPONENT_COURSE_ADDED',147),(1062,'component_course','{\"id\":148,\"name\":\"ETS Teori\",\"bobotComponent\":0,\"courseId\":40,\"isAverage\":1}','2023-06-08 22:00:00','COMPONENT_COURSE_ADDED',148),(1063,'component_course','{\"id\":149,\"name\":\"Lain-lain Praktek\",\"bobotComponent\":0,\"courseId\":40,\"isAverage\":1}','2023-06-08 22:00:00','COMPONENT_COURSE_ADDED',149),(1064,'component_course','{\"id\":150,\"name\":\"Lain-lain Teori\",\"bobotComponent\":0,\"courseId\":40,\"isAverage\":1}','2023-06-08 22:00:00','COMPONENT_COURSE_ADDED',150),(1065,'course_form','{\"id\":40,\"isDeleted\":0,\"prodiId\":0,\"kode\":\"XXXX\",\"name\":\"Check\",\"tahunAjaranStart\":2023,\"tahunAjaranEnd\":2023,\"sks\":45,\"isFinalization\":null}','2023-06-08 22:00:00','COURSE_FORM_ADDED',40),(1066,'component_course','{\"id\":151,\"name\":\"EAS Praktek\",\"bobotComponent\":0,\"courseId\":41,\"isAverage\":1}','2023-06-08 22:06:04','COMPONENT_COURSE_ADDED',151),(1067,'component_course','{\"id\":152,\"name\":\"EAS Teori\",\"bobotComponent\":0,\"courseId\":41,\"isAverage\":1}','2023-06-08 22:06:04','COMPONENT_COURSE_ADDED',152),(1068,'component_course','{\"id\":153,\"name\":\"ETS Praktek\",\"bobotComponent\":0,\"courseId\":41,\"isAverage\":1}','2023-06-08 22:06:04','COMPONENT_COURSE_ADDED',153),(1069,'component_course','{\"id\":154,\"name\":\"ETS Teori\",\"bobotComponent\":0,\"courseId\":41,\"isAverage\":1}','2023-06-08 22:06:04','COMPONENT_COURSE_ADDED',154),(1070,'component_course','{\"id\":155,\"name\":\"Lain-lain Praktek\",\"bobotComponent\":0,\"courseId\":41,\"isAverage\":1}','2023-06-08 22:06:04','COMPONENT_COURSE_ADDED',155),(1071,'component_course','{\"id\":156,\"name\":\"Lain-lain Teori\",\"bobotComponent\":0,\"courseId\":41,\"isAverage\":1}','2023-06-08 22:06:04','COMPONENT_COURSE_ADDED',156),(1072,'course_form','{\"id\":41,\"isDeleted\":0,\"prodiId\":0,\"kode\":\"xxxx\",\"name\":\"kp nich\",\"tahunAjaranStart\":2023,\"tahunAjaranEnd\":2024,\"sks\":99,\"isFinalization\":null}','2023-06-08 22:06:04','COURSE_FORM_ADDED',41),(1073,'component_course','{\"id\":157,\"name\":\"EAS Praktek\",\"bobotComponent\":0,\"courseId\":42,\"isAverage\":1}','2023-06-08 22:30:57','COMPONENT_COURSE_ADDED',157),(1074,'component_course','{\"id\":158,\"name\":\"EAS Teori\",\"bobotComponent\":0,\"courseId\":42,\"isAverage\":1}','2023-06-08 22:30:57','COMPONENT_COURSE_ADDED',158),(1075,'component_course','{\"id\":159,\"name\":\"ETS Praktek\",\"bobotComponent\":0,\"courseId\":42,\"isAverage\":1}','2023-06-08 22:30:57','COMPONENT_COURSE_ADDED',159),(1076,'component_course','{\"id\":160,\"name\":\"ETS Teori\",\"bobotComponent\":0,\"courseId\":42,\"isAverage\":1}','2023-06-08 22:30:57','COMPONENT_COURSE_ADDED',160),(1077,'component_course','{\"id\":161,\"name\":\"Lain-lain Praktek\",\"bobotComponent\":0,\"courseId\":42,\"isAverage\":1}','2023-06-08 22:30:57','COMPONENT_COURSE_ADDED',161),(1078,'component_course','{\"id\":162,\"name\":\"Lain-lain Teori\",\"bobotComponent\":0,\"courseId\":42,\"isAverage\":1}','2023-06-08 22:30:57','COMPONENT_COURSE_ADDED',162),(1079,'course_form','{\"id\":42,\"isDeleted\":0,\"prodiId\":0,\"kode\":\"xxxx\",\"name\":\"kok ilang\",\"tahunAjaranStart\":2023,\"tahunAjaranEnd\":2024,\"sks\":6,\"isFinalization\":null}','2023-06-08 22:30:57','COURSE_FORM_ADDED',42),(1080,'component_course','{\"id\":163,\"name\":\"EAS Praktek\",\"bobotComponent\":0,\"courseId\":43,\"isAverage\":1}','2023-06-08 22:35:02','COMPONENT_COURSE_ADDED',163),(1081,'component_course','{\"id\":164,\"name\":\"EAS Teori\",\"bobotComponent\":0,\"courseId\":43,\"isAverage\":1}','2023-06-08 22:35:02','COMPONENT_COURSE_ADDED',164),(1082,'component_course','{\"id\":165,\"name\":\"ETS Praktek\",\"bobotComponent\":0,\"courseId\":43,\"isAverage\":1}','2023-06-08 22:35:02','COMPONENT_COURSE_ADDED',165),(1083,'component_course','{\"id\":166,\"name\":\"ETS Teori\",\"bobotComponent\":0,\"courseId\":43,\"isAverage\":1}','2023-06-08 22:35:02','COMPONENT_COURSE_ADDED',166),(1084,'component_course','{\"id\":167,\"name\":\"Lain-lain Praktek\",\"bobotComponent\":0,\"courseId\":43,\"isAverage\":1}','2023-06-08 22:35:02','COMPONENT_COURSE_ADDED',167),(1085,'component_course','{\"id\":168,\"name\":\"Lain-lain Teori\",\"bobotComponent\":0,\"courseId\":43,\"isAverage\":1}','2023-06-08 22:35:02','COMPONENT_COURSE_ADDED',168),(1086,'course_form','{\"id\":43,\"isDeleted\":0,\"prodiId\":0,\"kode\":\"xxxx\",\"name\":\"kenapa ini ga muncul ):\",\"tahunAjaranStart\":2023,\"tahunAjaranEnd\":2023,\"sks\":4,\"isFinalization\":null}','2023-06-08 22:35:02','COURSE_FORM_ADDED',43),(1087,'course_form','{\"id\":40,\"isDeleted\":1,\"prodiId\":0,\"kode\":\"XXXX\",\"name\":\"Check\",\"tahunAjaranStart\":2023,\"tahunAjaranEnd\":2023,\"sks\":45,\"isFinalization\":0}','2023-06-09 13:50:29','COURSE_FORM_UPDATE',40),(1088,'course_form','{\"id\":43,\"isDeleted\":1,\"prodiId\":0,\"kode\":\"xxxx\",\"name\":\"kenapa ini ga muncul ):\",\"tahunAjaranStart\":2023,\"tahunAjaranEnd\":2023,\"sks\":4,\"isFinalization\":0}','2023-06-10 08:53:14','COURSE_FORM_UPDATE',43),(1089,'component_course','{\"id\":169,\"name\":\"EAS Praktek\",\"bobotComponent\":0,\"courseId\":44,\"isAverage\":1}','2023-06-10 09:42:26','COMPONENT_COURSE_ADDED',169),(1090,'component_course','{\"id\":170,\"name\":\"EAS Teori\",\"bobotComponent\":0,\"courseId\":44,\"isAverage\":1}','2023-06-10 09:42:26','COMPONENT_COURSE_ADDED',170),(1091,'component_course','{\"id\":171,\"name\":\"ETS Praktek\",\"bobotComponent\":0,\"courseId\":44,\"isAverage\":1}','2023-06-10 09:42:26','COMPONENT_COURSE_ADDED',171),(1092,'component_course','{\"id\":172,\"name\":\"ETS Teori\",\"bobotComponent\":0,\"courseId\":44,\"isAverage\":1}','2023-06-10 09:42:26','COMPONENT_COURSE_ADDED',172),(1093,'component_course','{\"id\":173,\"name\":\"Lain-lain Praktek\",\"bobotComponent\":0,\"courseId\":44,\"isAverage\":1}','2023-06-10 09:42:26','COMPONENT_COURSE_ADDED',173),(1094,'component_course','{\"id\":174,\"name\":\"Lain-lain Teori\",\"bobotComponent\":0,\"courseId\":44,\"isAverage\":1}','2023-06-10 09:42:26','COMPONENT_COURSE_ADDED',174),(1095,'course_form','{\"id\":44,\"isDeleted\":0,\"prodiId\":1,\"kode\":\"XXXXX\",\"name\":\"KP\",\"tahunAjaranStart\":2024,\"tahunAjaranEnd\":2025,\"sks\":1,\"isFinalization\":0}','2023-06-10 09:42:26','COURSE_FORM_ADDED',44),(1096,'component_course','{\"id\":175,\"name\":\"EAS Praktek\",\"bobotComponent\":0,\"courseId\":45,\"isAverage\":1}','2023-06-10 09:52:57','COMPONENT_COURSE_ADDED',175),(1097,'component_course','{\"id\":176,\"name\":\"EAS Teori\",\"bobotComponent\":0,\"courseId\":45,\"isAverage\":1}','2023-06-10 09:52:57','COMPONENT_COURSE_ADDED',176),(1098,'component_course','{\"id\":177,\"name\":\"ETS Praktek\",\"bobotComponent\":0,\"courseId\":45,\"isAverage\":1}','2023-06-10 09:52:57','COMPONENT_COURSE_ADDED',177),(1099,'component_course','{\"id\":178,\"name\":\"ETS Teori\",\"bobotComponent\":0,\"courseId\":45,\"isAverage\":1}','2023-06-10 09:52:57','COMPONENT_COURSE_ADDED',178),(1100,'component_course','{\"id\":179,\"name\":\"Lain-lain Praktek\",\"bobotComponent\":0,\"courseId\":45,\"isAverage\":1}','2023-06-10 09:52:57','COMPONENT_COURSE_ADDED',179),(1101,'component_course','{\"id\":180,\"name\":\"Lain-lain Teori\",\"bobotComponent\":0,\"courseId\":45,\"isAverage\":1}','2023-06-10 09:52:57','COMPONENT_COURSE_ADDED',180),(1102,'course_form','{\"id\":45,\"isDeleted\":0,\"prodiId\":0,\"kode\":\"XXXX\",\"name\":\"Ga bikin stress\",\"tahunAjaranStart\":2023,\"tahunAjaranEnd\":2024,\"sks\":99,\"isFinalization\":0}','2023-06-10 09:52:57','COURSE_FORM_ADDED',45),(1103,'course_form','{\"id\":35,\"isDeleted\":0,\"prodiId\":0,\"kode\":\"yyeu\",\"name\":\"tes ea\",\"tahunAjaranStart\":2023,\"tahunAjaranEnd\":2024,\"sks\":10,\"isFinalization\":0}','2023-06-10 11:15:32','COURSE_FORM_UPDATE',35),(1104,'course_form','{\"id\":35,\"isDeleted\":0,\"prodiId\":0,\"kode\":\"yyeu\",\"name\":\"tes ea\",\"tahunAjaranStart\":2023,\"tahunAjaranEnd\":2024,\"sks\":10,\"isFinalization\":0}','2023-06-10 11:16:03','COURSE_FORM_UPDATE',35),(1105,'course_form','{\"id\":39,\"isDeleted\":0,\"prodiId\":0,\"kode\":\"XXXXXX\",\"name\":\"Kerja Praktek Nich\",\"tahunAjaranStart\":null,\"tahunAjaranEnd\":2024,\"sks\":99,\"isFinalization\":0}','2023-06-10 11:22:24','COURSE_FORM_UPDATE',39),(1106,'course_form','{\"id\":41,\"isDeleted\":0,\"prodiId\":0,\"kode\":\"xxxx\",\"name\":\"kp nich\",\"tahunAjaranStart\":null,\"tahunAjaranEnd\":2023,\"sks\":99,\"isFinalization\":0}','2023-06-10 11:23:17','COURSE_FORM_UPDATE',41),(1107,'course_form','{\"id\":42,\"isDeleted\":0,\"prodiId\":0,\"kode\":\"xxxx\",\"name\":\"kok ilang\",\"tahunAjaranStart\":null,\"tahunAjaranEnd\":2029,\"sks\":6,\"isFinalization\":0}','2023-06-10 11:25:01','COURSE_FORM_UPDATE',42),(1108,'course_form','{\"id\":45,\"isDeleted\":0,\"prodiId\":0,\"kode\":\"XXXX\",\"name\":\"Ga bikin stress\",\"tahunAjaranStart\":null,\"tahunAjaranEnd\":2024,\"sks\":99,\"isFinalization\":0}','2023-06-10 11:27:37','COURSE_FORM_UPDATE',45),(1109,'course_form','{\"id\":35,\"isDeleted\":0,\"prodiId\":0,\"kode\":\"yyeu\",\"name\":\"tes ea\",\"tahunAjaranStart\":null,\"tahunAjaranEnd\":2026,\"sks\":10,\"isFinalization\":0}','2023-06-10 11:30:07','COURSE_FORM_UPDATE',35),(1110,'course_form','{\"id\":25,\"isDeleted\":0,\"prodiId\":0,\"kode\":\"KP-05\",\"name\":\"Mata Kuliah KP 5\",\"tahunAjaranStart\":null,\"tahunAjaranEnd\":null,\"sks\":3,\"isFinalization\":0}','2023-06-10 11:39:22','COURSE_FORM_UPDATE',25),(1111,'course_form','{\"id\":24,\"isDeleted\":0,\"prodiId\":0,\"kode\":\"KP-04\",\"name\":\"Mata Kuliah KP 4\",\"tahunAjaranStart\":null,\"tahunAjaranEnd\":null,\"sks\":4,\"isFinalization\":0}','2023-06-10 11:42:57','COURSE_FORM_UPDATE',24),(1112,'component_course','{\"id\":181,\"name\":\"EAS Praktek\",\"bobotComponent\":0,\"courseId\":46,\"isAverage\":1}','2023-06-10 11:46:22','COMPONENT_COURSE_ADDED',181),(1113,'component_course','{\"id\":182,\"name\":\"EAS Teori\",\"bobotComponent\":0,\"courseId\":46,\"isAverage\":1}','2023-06-10 11:46:22','COMPONENT_COURSE_ADDED',182),(1114,'component_course','{\"id\":183,\"name\":\"ETS Praktek\",\"bobotComponent\":0,\"courseId\":46,\"isAverage\":1}','2023-06-10 11:46:22','COMPONENT_COURSE_ADDED',183),(1115,'component_course','{\"id\":184,\"name\":\"ETS Teori\",\"bobotComponent\":0,\"courseId\":46,\"isAverage\":1}','2023-06-10 11:46:22','COMPONENT_COURSE_ADDED',184),(1116,'component_course','{\"id\":185,\"name\":\"Lain-lain Praktek\",\"bobotComponent\":0,\"courseId\":46,\"isAverage\":1}','2023-06-10 11:46:22','COMPONENT_COURSE_ADDED',185),(1117,'component_course','{\"id\":186,\"name\":\"Lain-lain Teori\",\"bobotComponent\":0,\"courseId\":46,\"isAverage\":1}','2023-06-10 11:46:22','COMPONENT_COURSE_ADDED',186),(1118,'course_form','{\"id\":46,\"isDeleted\":0,\"prodiId\":0,\"kode\":\"XXXX\",\"name\":\"Cek\",\"tahunAjaranStart\":2023,\"tahunAjaranEnd\":2023,\"sks\":4,\"isFinalization\":0}','2023-06-10 11:46:22','COURSE_FORM_ADDED',46),(1119,'course_form','{\"id\":46,\"isDeleted\":0,\"prodiId\":0,\"kode\":\"XXXX\",\"name\":\"Cek\",\"tahunAjaranStart\":null,\"tahunAjaranEnd\":2024,\"sks\":4,\"isFinalization\":0}','2023-06-10 11:46:32','COURSE_FORM_UPDATE',46),(1120,'component_course','{\"id\":187,\"name\":\"EAS Praktek\",\"bobotComponent\":0,\"courseId\":47,\"isAverage\":1}','2023-06-10 11:50:47','COMPONENT_COURSE_ADDED',187),(1121,'component_course','{\"id\":188,\"name\":\"EAS Teori\",\"bobotComponent\":0,\"courseId\":47,\"isAverage\":1}','2023-06-10 11:50:47','COMPONENT_COURSE_ADDED',188),(1122,'component_course','{\"id\":189,\"name\":\"ETS Praktek\",\"bobotComponent\":0,\"courseId\":47,\"isAverage\":1}','2023-06-10 11:50:47','COMPONENT_COURSE_ADDED',189),(1123,'component_course','{\"id\":190,\"name\":\"ETS Teori\",\"bobotComponent\":0,\"courseId\":47,\"isAverage\":1}','2023-06-10 11:50:47','COMPONENT_COURSE_ADDED',190),(1124,'component_course','{\"id\":191,\"name\":\"Lain-lain Praktek\",\"bobotComponent\":0,\"courseId\":47,\"isAverage\":1}','2023-06-10 11:50:47','COMPONENT_COURSE_ADDED',191),(1125,'component_course','{\"id\":192,\"name\":\"Lain-lain Teori\",\"bobotComponent\":0,\"courseId\":47,\"isAverage\":1}','2023-06-10 11:50:47','COMPONENT_COURSE_ADDED',192),(1126,'course_form','{\"id\":47,\"isDeleted\":0,\"prodiId\":0,\"kode\":\"XXXX\",\"name\":\"KP\",\"tahunAjaranStart\":2023,\"tahunAjaranEnd\":2024,\"sks\":4,\"isFinalization\":0}','2023-06-10 11:50:47','COURSE_FORM_ADDED',47),(1127,'course_form','{\"id\":47,\"isDeleted\":0,\"prodiId\":0,\"kode\":\"XXXY\",\"name\":\"KP\",\"tahunAjaranStart\":null,\"tahunAjaranEnd\":null,\"sks\":4,\"isFinalization\":0}','2023-06-10 11:51:01','COURSE_FORM_UPDATE',47),(1128,'component_course','{\"id\":193,\"name\":\"EAS Praktek\",\"bobotComponent\":0,\"courseId\":48,\"isAverage\":1}','2023-06-10 13:10:52','COMPONENT_COURSE_ADDED',193),(1129,'component_course','{\"id\":194,\"name\":\"EAS Teori\",\"bobotComponent\":0,\"courseId\":48,\"isAverage\":1}','2023-06-10 13:10:52','COMPONENT_COURSE_ADDED',194),(1130,'component_course','{\"id\":195,\"name\":\"ETS Praktek\",\"bobotComponent\":0,\"courseId\":48,\"isAverage\":1}','2023-06-10 13:10:52','COMPONENT_COURSE_ADDED',195),(1131,'component_course','{\"id\":196,\"name\":\"ETS Teori\",\"bobotComponent\":0,\"courseId\":48,\"isAverage\":1}','2023-06-10 13:10:52','COMPONENT_COURSE_ADDED',196),(1132,'component_course','{\"id\":197,\"name\":\"Lain-lain Praktek\",\"bobotComponent\":0,\"courseId\":48,\"isAverage\":1}','2023-06-10 13:10:52','COMPONENT_COURSE_ADDED',197),(1133,'component_course','{\"id\":198,\"name\":\"Lain-lain Teori\",\"bobotComponent\":0,\"courseId\":48,\"isAverage\":1}','2023-06-10 13:10:52','COMPONENT_COURSE_ADDED',198),(1134,'course_form','{\"id\":48,\"isDeleted\":0,\"prodiId\":0,\"kode\":\"XXXX\",\"name\":\"KP\",\"tahunAjaranStart\":2023,\"tahunAjaranEnd\":2024,\"sks\":4,\"isFinalization\":0}','2023-06-10 13:10:52','COURSE_FORM_ADDED',48),(1135,'course_form','{\"id\":27,\"isDeleted\":0,\"prodiId\":0,\"kode\":\"KP-07\",\"name\":\"Mata Kuliah KP 7\",\"tahunAjaranStart\":null,\"tahunAjaranEnd\":2024,\"sks\":2,\"isFinalization\":0}','2023-06-10 13:11:23','COURSE_FORM_UPDATE',27),(1136,'course_form','{\"id\":48,\"isDeleted\":0,\"prodiId\":1,\"kode\":\"XXXX\",\"name\":\"KP\",\"tahunAjaranStart\":2023,\"tahunAjaranEnd\":2024,\"sks\":4,\"isFinalization\":0}','2023-06-10 13:17:18','COURSE_FORM_UPDATE',48),(1137,'course_form','{\"id\":48,\"isDeleted\":0,\"prodiId\":0,\"kode\":\"XXXX\",\"name\":\"KP\",\"tahunAjaranStart\":2023,\"tahunAjaranEnd\":2024,\"sks\":4,\"isFinalization\":0}','2023-06-10 13:17:45','COURSE_FORM_UPDATE',48),(1138,'course_form','{\"id\":48,\"isDeleted\":0,\"prodiId\":1,\"kode\":\"XXXX\",\"name\":\"KP\",\"tahunAjaranStart\":2023,\"tahunAjaranEnd\":2024,\"sks\":4,\"isFinalization\":0}','2023-06-10 13:17:54','COURSE_FORM_UPDATE',48),(1139,'component_course','{\"id\":199,\"name\":\"EAS Praktek\",\"bobotComponent\":0,\"courseId\":49,\"isAverage\":1}','2023-06-12 11:28:27','COMPONENT_COURSE_ADDED',199),(1140,'component_course','{\"id\":200,\"name\":\"EAS Teori\",\"bobotComponent\":0,\"courseId\":49,\"isAverage\":1}','2023-06-12 11:28:27','COMPONENT_COURSE_ADDED',200),(1141,'component_course','{\"id\":201,\"name\":\"ETS Praktek\",\"bobotComponent\":0,\"courseId\":49,\"isAverage\":1}','2023-06-12 11:28:27','COMPONENT_COURSE_ADDED',201),(1142,'component_course','{\"id\":202,\"name\":\"ETS Teori\",\"bobotComponent\":0,\"courseId\":49,\"isAverage\":1}','2023-06-12 11:28:27','COMPONENT_COURSE_ADDED',202),(1143,'component_course','{\"id\":203,\"name\":\"Lain-lain Praktek\",\"bobotComponent\":0,\"courseId\":49,\"isAverage\":1}','2023-06-12 11:28:27','COMPONENT_COURSE_ADDED',203),(1144,'component_course','{\"id\":204,\"name\":\"Lain-lain Teori\",\"bobotComponent\":0,\"courseId\":49,\"isAverage\":1}','2023-06-12 11:28:27','COMPONENT_COURSE_ADDED',204),(1145,'course_form','{\"id\":49,\"isDeleted\":0,\"prodiId\":1,\"kode\":\"XXX\",\"name\":\"KP 2\",\"tahunAjaranStart\":2023,\"tahunAjaranEnd\":2024,\"sks\":0,\"isFinalization\":0}','2023-06-12 11:28:27','COURSE_FORM_ADDED',49),(1146,'course_form','{\"id\":49,\"isDeleted\":1,\"prodiId\":1,\"kode\":\"XXX\",\"name\":\"KP 2\",\"tahunAjaranStart\":2023,\"tahunAjaranEnd\":2024,\"sks\":0,\"isFinalization\":0}','2023-06-12 11:28:38','COURSE_FORM_UPDATE',49),(1147,'component_course','{\"id\":205,\"name\":\"EAS Praktek\",\"bobotComponent\":0,\"courseId\":50,\"isAverage\":1}','2023-06-12 11:29:11','COMPONENT_COURSE_ADDED',205),(1148,'component_course','{\"id\":206,\"name\":\"EAS Teori\",\"bobotComponent\":0,\"courseId\":50,\"isAverage\":1}','2023-06-12 11:29:11','COMPONENT_COURSE_ADDED',206),(1149,'component_course','{\"id\":207,\"name\":\"ETS Praktek\",\"bobotComponent\":0,\"courseId\":50,\"isAverage\":1}','2023-06-12 11:29:11','COMPONENT_COURSE_ADDED',207),(1150,'component_course','{\"id\":208,\"name\":\"ETS Teori\",\"bobotComponent\":0,\"courseId\":50,\"isAverage\":1}','2023-06-12 11:29:11','COMPONENT_COURSE_ADDED',208),(1151,'component_course','{\"id\":209,\"name\":\"Lain-lain Praktek\",\"bobotComponent\":0,\"courseId\":50,\"isAverage\":1}','2023-06-12 11:29:11','COMPONENT_COURSE_ADDED',209),(1152,'component_course','{\"id\":210,\"name\":\"Lain-lain Teori\",\"bobotComponent\":0,\"courseId\":50,\"isAverage\":1}','2023-06-12 11:29:11','COMPONENT_COURSE_ADDED',210),(1153,'course_form','{\"id\":50,\"isDeleted\":0,\"prodiId\":0,\"kode\":\"xxx\",\"name\":\"\",\"tahunAjaranStart\":2023,\"tahunAjaranEnd\":2024,\"sks\":2,\"isFinalization\":0}','2023-06-12 11:29:11','COURSE_FORM_ADDED',50),(1154,'component_course','{\"id\":211,\"name\":\"EAS Praktek\",\"bobotComponent\":0,\"courseId\":51,\"isAverage\":1}','2023-06-12 14:39:46','COMPONENT_COURSE_ADDED',211),(1155,'component_course','{\"id\":212,\"name\":\"EAS Teori\",\"bobotComponent\":0,\"courseId\":51,\"isAverage\":1}','2023-06-12 14:39:46','COMPONENT_COURSE_ADDED',212),(1156,'component_course','{\"id\":213,\"name\":\"ETS Praktek\",\"bobotComponent\":0,\"courseId\":51,\"isAverage\":1}','2023-06-12 14:39:46','COMPONENT_COURSE_ADDED',213),(1157,'component_course','{\"id\":214,\"name\":\"ETS Teori\",\"bobotComponent\":0,\"courseId\":51,\"isAverage\":1}','2023-06-12 14:39:46','COMPONENT_COURSE_ADDED',214),(1158,'component_course','{\"id\":215,\"name\":\"Lain-lain Praktek\",\"bobotComponent\":0,\"courseId\":51,\"isAverage\":1}','2023-06-12 14:39:46','COMPONENT_COURSE_ADDED',215),(1159,'component_course','{\"id\":216,\"name\":\"Lain-lain Teori\",\"bobotComponent\":0,\"courseId\":51,\"isAverage\":1}','2023-06-12 14:39:46','COMPONENT_COURSE_ADDED',216),(1160,'course_form','{\"id\":51,\"isDeleted\":0,\"prodiId\":0,\"kode\":\"XXXX\",\"name\":\"CEK\",\"tahunAjaranStart\":2023,\"tahunAjaranEnd\":2024,\"sks\":0,\"isFinalization\":0}','2023-06-12 14:39:46','COURSE_FORM_ADDED',51),(1161,'course_form','{\"id\":51,\"isDeleted\":1,\"prodiId\":0,\"kode\":\"XXXX\",\"name\":\"CEK\",\"tahunAjaranStart\":2023,\"tahunAjaranEnd\":2024,\"sks\":0,\"isFinalization\":0}','2023-06-13 07:31:53','COURSE_FORM_UPDATE',51),(1162,'course_form','{\"id\":50,\"isDeleted\":0,\"prodiId\":0,\"kode\":\"xxx\",\"name\":\"Matkul KP\",\"tahunAjaranStart\":2023,\"tahunAjaranEnd\":2024,\"sks\":2,\"isFinalization\":0}','2023-06-13 08:26:59','COURSE_FORM_UPDATE',50),(1163,'component_course','{\"id\":7,\"name\":\"EAS Praktek\",\"bobotComponent\":30,\"courseId\":50,\"isAverage\":1}','2023-06-13 08:36:44','COMPONENT_COURSE_UPDATE',7),(1164,'component_course','{\"id\":8,\"name\":\"EAS Teori\",\"bobotComponent\":20,\"courseId\":50,\"isAverage\":1}','2023-06-13 08:36:44','COMPONENT_COURSE_UPDATE',8),(1165,'component_course','{\"id\":9,\"name\":\"ETS Praktek\",\"bobotComponent\":30,\"courseId\":50,\"isAverage\":1}','2023-06-13 08:36:44','COMPONENT_COURSE_UPDATE',9),(1166,'component_course','{\"id\":10,\"name\":\"ETS Teori\",\"bobotComponent\":10,\"courseId\":50,\"isAverage\":1}','2023-06-13 08:36:44','COMPONENT_COURSE_UPDATE',10),(1167,'component_course','{\"id\":11,\"name\":\"Lain-lain Praktek\",\"bobotComponent\":10,\"courseId\":50,\"isAverage\":1}','2023-06-13 08:36:44','COMPONENT_COURSE_UPDATE',11),(1168,'component_course','{\"id\":12,\"name\":\"Lain-lain Teori\",\"bobotComponent\":0,\"courseId\":50,\"isAverage\":1}','2023-06-13 08:36:44','COMPONENT_COURSE_UPDATE',12),(1169,'component_course','{\"id\":7,\"name\":\"EAS Praktek\",\"bobotComponent\":30,\"courseId\":50,\"isAverage\":1}','2023-06-13 08:37:04','COMPONENT_COURSE_UPDATE',7),(1170,'component_course','{\"id\":8,\"name\":\"EAS Teori\",\"bobotComponent\":20,\"courseId\":50,\"isAverage\":1}','2023-06-13 08:37:04','COMPONENT_COURSE_UPDATE',8),(1171,'component_course','{\"id\":9,\"name\":\"ETS Praktek\",\"bobotComponent\":30,\"courseId\":50,\"isAverage\":1}','2023-06-13 08:37:04','COMPONENT_COURSE_UPDATE',9),(1172,'component_course','{\"id\":10,\"name\":\"ETS Teori\",\"bobotComponent\":10,\"courseId\":50,\"isAverage\":1}','2023-06-13 08:37:04','COMPONENT_COURSE_UPDATE',10),(1173,'component_course','{\"id\":11,\"name\":\"Lain-lain Praktek\",\"bobotComponent\":10,\"courseId\":50,\"isAverage\":1}','2023-06-13 08:37:04','COMPONENT_COURSE_UPDATE',11),(1174,'component_course','{\"id\":12,\"name\":\"Lain-lain Teori\",\"bobotComponent\":0,\"courseId\":50,\"isAverage\":1}','2023-06-13 08:37:04','COMPONENT_COURSE_UPDATE',12),(1175,'seminar_criteria','{\"id\":18,\"criteriaName\":\"Test\",\"criteriaBobot\":0.0,\"isDeleted\":1,\"isSelected\":0}','2023-06-13 19:31:18','SEMINAR_CRITERIA_UPDATE',18),(1176,'seminar_criteria','{\"id\":20,\"criteriaName\":\"tes y\",\"criteriaBobot\":0.0,\"isDeleted\":1,\"isSelected\":0}','2023-06-13 19:31:23','SEMINAR_CRITERIA_UPDATE',20),(1177,'seminar_criteria','{\"id\":26,\"criteriaName\":\"tes 3\",\"criteriaBobot\":0.0,\"isDeleted\":1,\"isSelected\":0}','2023-06-13 19:31:28','SEMINAR_CRITERIA_UPDATE',26),(1178,'assessment_aspect','{\"id\":41,\"aspectName\":\"aspek baru\",\"evaluationFormId\":1,\"isDelete\":0}','2023-06-14 12:28:01','ASSESSMENT_ASPECT_ADDED',41),(1179,'component_course','{\"id\":7,\"name\":\"EAS Praktek\",\"bobotComponent\":30,\"courseId\":48,\"isAverage\":1}','2023-06-16 00:58:50','COMPONENT_COURSE_UPDATE',7),(1180,'component_course','{\"id\":8,\"name\":\"EAS Teori\",\"bobotComponent\":10,\"courseId\":48,\"isAverage\":1}','2023-06-16 00:58:50','COMPONENT_COURSE_UPDATE',8),(1181,'component_course','{\"id\":9,\"name\":\"ETS Praktek\",\"bobotComponent\":20,\"courseId\":48,\"isAverage\":1}','2023-06-16 00:58:50','COMPONENT_COURSE_UPDATE',9),(1182,'component_course','{\"id\":10,\"name\":\"ETS Teori\",\"bobotComponent\":10,\"courseId\":48,\"isAverage\":1}','2023-06-16 00:58:50','COMPONENT_COURSE_UPDATE',10),(1183,'component_course','{\"id\":11,\"name\":\"Lain-lain Praktek\",\"bobotComponent\":20,\"courseId\":48,\"isAverage\":1}','2023-06-16 00:58:50','COMPONENT_COURSE_UPDATE',11),(1184,'component_course','{\"id\":12,\"name\":\"Lain-lain Teori\",\"bobotComponent\":10,\"courseId\":48,\"isAverage\":1}','2023-06-16 00:58:50','COMPONENT_COURSE_UPDATE',12),(1185,'component_course','{\"id\":217,\"name\":\"EAS Praktek\",\"bobotComponent\":0,\"courseId\":52,\"isAverage\":1}','2023-06-16 01:08:07','COMPONENT_COURSE_ADDED',217),(1186,'component_course','{\"id\":218,\"name\":\"EAS Teori\",\"bobotComponent\":0,\"courseId\":52,\"isAverage\":1}','2023-06-16 01:08:07','COMPONENT_COURSE_ADDED',218),(1187,'component_course','{\"id\":219,\"name\":\"ETS Praktek\",\"bobotComponent\":0,\"courseId\":52,\"isAverage\":1}','2023-06-16 01:08:07','COMPONENT_COURSE_ADDED',219),(1188,'component_course','{\"id\":220,\"name\":\"ETS Teori\",\"bobotComponent\":0,\"courseId\":52,\"isAverage\":1}','2023-06-16 01:08:07','COMPONENT_COURSE_ADDED',220),(1189,'component_course','{\"id\":221,\"name\":\"Lain-lain Praktek\",\"bobotComponent\":0,\"courseId\":52,\"isAverage\":1}','2023-06-16 01:08:07','COMPONENT_COURSE_ADDED',221),(1190,'component_course','{\"id\":222,\"name\":\"Lain-lain Teori\",\"bobotComponent\":0,\"courseId\":52,\"isAverage\":1}','2023-06-16 01:08:07','COMPONENT_COURSE_ADDED',222),(1191,'course_form','{\"id\":52,\"isDeleted\":0,\"prodiId\":0,\"kode\":\"XXXX\",\"name\":\"Cek\",\"tahunAjaranStart\":2023,\"tahunAjaranEnd\":2024,\"sks\":3,\"isFinalization\":0}','2023-06-16 01:08:07','COURSE_FORM_ADDED',52),(1192,'component_course','{\"id\":7,\"name\":\"EAS Praktek\",\"bobotComponent\":25,\"courseId\":52,\"isAverage\":1}','2023-06-16 01:10:41','COMPONENT_COURSE_UPDATE',7),(1193,'component_course','{\"id\":8,\"name\":\"EAS Teori\",\"bobotComponent\":10,\"courseId\":52,\"isAverage\":1}','2023-06-16 01:10:41','COMPONENT_COURSE_UPDATE',8),(1194,'component_course','{\"id\":9,\"name\":\"ETS Praktek\",\"bobotComponent\":25,\"courseId\":52,\"isAverage\":1}','2023-06-16 01:10:41','COMPONENT_COURSE_UPDATE',9),(1195,'component_course','{\"id\":10,\"name\":\"ETS Teori\",\"bobotComponent\":10,\"courseId\":52,\"isAverage\":1}','2023-06-16 01:10:41','COMPONENT_COURSE_UPDATE',10),(1196,'component_course','{\"id\":11,\"name\":\"Lain-lain Praktek\",\"bobotComponent\":20,\"courseId\":52,\"isAverage\":1}','2023-06-16 01:10:41','COMPONENT_COURSE_UPDATE',11),(1197,'component_course','{\"id\":12,\"name\":\"Lain-lain Teori\",\"bobotComponent\":10,\"courseId\":52,\"isAverage\":1}','2023-06-16 01:10:41','COMPONENT_COURSE_UPDATE',12),(1198,'course_form','{\"id\":52,\"isDeleted\":1,\"prodiId\":0,\"kode\":\"XXXX\",\"name\":\"Cek\",\"tahunAjaranStart\":2023,\"tahunAjaranEnd\":2024,\"sks\":3,\"isFinalization\":0}','2023-06-16 15:25:23','COURSE_FORM_UPDATE',52),(1199,'component_course','{\"id\":7,\"name\":\"EAS Praktek\",\"bobotComponent\":60,\"courseId\":50,\"isAverage\":1}','2023-06-16 15:33:52','COMPONENT_COURSE_UPDATE',7),(1200,'component_course','{\"id\":8,\"name\":\"EAS Teori\",\"bobotComponent\":10,\"courseId\":50,\"isAverage\":1}','2023-06-16 15:33:52','COMPONENT_COURSE_UPDATE',8),(1201,'component_course','{\"id\":9,\"name\":\"ETS Praktek\",\"bobotComponent\":15,\"courseId\":50,\"isAverage\":1}','2023-06-16 15:33:52','COMPONENT_COURSE_UPDATE',9),(1202,'component_course','{\"id\":10,\"name\":\"ETS Teori\",\"bobotComponent\":0,\"courseId\":50,\"isAverage\":0}','2023-06-16 15:33:52','COMPONENT_COURSE_UPDATE',10),(1203,'component_course','{\"id\":11,\"name\":\"Lain-lain Praktek\",\"bobotComponent\":15,\"courseId\":50,\"isAverage\":0}','2023-06-16 15:33:52','COMPONENT_COURSE_UPDATE',11),(1204,'component_course','{\"id\":12,\"name\":\"Lain-lain Teori\",\"bobotComponent\":0,\"courseId\":50,\"isAverage\":0}','2023-06-16 15:33:52','COMPONENT_COURSE_UPDATE',12),(1205,'component_course','{\"id\":7,\"name\":\"EAS Praktek\",\"bobotComponent\":40,\"courseId\":50,\"isAverage\":1}','2023-06-16 15:35:38','COMPONENT_COURSE_UPDATE',7),(1206,'component_course','{\"id\":8,\"name\":\"EAS Teori\",\"bobotComponent\":10,\"courseId\":50,\"isAverage\":1}','2023-06-16 15:35:38','COMPONENT_COURSE_UPDATE',8),(1207,'component_course','{\"id\":9,\"name\":\"ETS Praktek\",\"bobotComponent\":15,\"courseId\":50,\"isAverage\":1}','2023-06-16 15:35:38','COMPONENT_COURSE_UPDATE',9),(1208,'component_course','{\"id\":10,\"name\":\"ETS Teori\",\"bobotComponent\":10,\"courseId\":50,\"isAverage\":0}','2023-06-16 15:35:38','COMPONENT_COURSE_UPDATE',10),(1209,'component_course','{\"id\":11,\"name\":\"Lain-lain Praktek\",\"bobotComponent\":15,\"courseId\":50,\"isAverage\":0}','2023-06-16 15:35:38','COMPONENT_COURSE_UPDATE',11),(1210,'component_course','{\"id\":12,\"name\":\"Lain-lain Teori\",\"bobotComponent\":10,\"courseId\":50,\"isAverage\":0}','2023-06-16 15:35:38','COMPONENT_COURSE_UPDATE',12),(1211,'component_course','{\"id\":7,\"name\":\"EAS Praktek\",\"bobotComponent\":40,\"courseId\":50,\"isAverage\":1}','2023-06-16 16:15:50','COMPONENT_COURSE_UPDATE',7),(1212,'component_course','{\"id\":8,\"name\":\"EAS Teori\",\"bobotComponent\":10,\"courseId\":50,\"isAverage\":1}','2023-06-16 16:15:50','COMPONENT_COURSE_UPDATE',8),(1213,'component_course','{\"id\":9,\"name\":\"ETS Praktek\",\"bobotComponent\":15,\"courseId\":50,\"isAverage\":1}','2023-06-16 16:15:50','COMPONENT_COURSE_UPDATE',9),(1214,'component_course','{\"id\":10,\"name\":\"ETS Teori\",\"bobotComponent\":10,\"courseId\":50,\"isAverage\":0}','2023-06-16 16:15:50','COMPONENT_COURSE_UPDATE',10),(1215,'component_course','{\"id\":11,\"name\":\"Lain-lain Praktek\",\"bobotComponent\":15,\"courseId\":50,\"isAverage\":0}','2023-06-16 16:15:50','COMPONENT_COURSE_UPDATE',11),(1216,'component_course','{\"id\":12,\"name\":\"Lain-lain Teori\",\"bobotComponent\":10,\"courseId\":50,\"isAverage\":0}','2023-06-16 16:15:50','COMPONENT_COURSE_UPDATE',12);
/*!40000 ALTER TABLE `event_store` ENABLE KEYS */;
UNLOCK TABLES;

--
-- Table structure for table `final_mapping`
--

DROP TABLE IF EXISTS `final_mapping`;
/*!40101 SET @saved_cs_client     = @@character_set_client */;
/*!40101 SET character_set_client = utf8 */;
CREATE TABLE `final_mapping` (
  `id` int(11) NOT NULL AUTO_INCREMENT,
  `year` int(11) NOT NULL,
  `prodi_id` int(11) NOT NULL,
  `participant_id` int(11) NOT NULL,
  `company_id` int(11) NOT NULL,
  PRIMARY KEY (`id`),
  KEY `company_id` (`company_id`),
  KEY `final_mapping_FK` (`participant_id`),
  CONSTRAINT `final_mapping_FK` FOREIGN KEY (`participant_id`) REFERENCES `participant` (`id`),
  CONSTRAINT `final_mapping_ibfk_1` FOREIGN KEY (`company_id`) REFERENCES `company` (`id`)
) ENGINE=InnoDB AUTO_INCREMENT=17 DEFAULT CHARSET=utf8 COLLATE=utf8_unicode_ci COMMENT='replika, mapping';
/*!40101 SET character_set_client = @saved_cs_client */;

--
-- Dumping data for table `final_mapping`
--

LOCK TABLES `final_mapping` WRITE;
/*!40000 ALTER TABLE `final_mapping` DISABLE KEYS */;
INSERT INTO `final_mapping` VALUES (1,2023,1,191511066,30),(2,2023,1,191511067,30),(3,2023,0,191511068,31),(6,2023,1,191511071,34),(7,2023,1,191511072,39),(8,2023,1,191511073,34),(11,2022,0,191511001,30),(12,2024,0,191511076,34),(13,2024,0,191511077,37),(14,2024,1,191511078,32),(15,2024,1,191511079,39);
/*!40000 ALTER TABLE `final_mapping` ENABLE KEYS */;
UNLOCK TABLES;

--
-- Table structure for table `participant`
--

DROP TABLE IF EXISTS `participant`;
/*!40101 SET @saved_cs_client     = @@character_set_client */;
/*!40101 SET character_set_client = utf8 */;
CREATE TABLE `participant` (
  `id` int(11) NOT NULL AUTO_INCREMENT,
  `name` varchar(255) NOT NULL,
  `year` int(11) NOT NULL,
  `status_cv` tinyint(1) NOT NULL,
  `prodi_id` int(11) DEFAULT NULL,
  `account_id` int(10) unsigned NOT NULL,
  PRIMARY KEY (`id`),
  KEY `account_id` (`account_id`),
  CONSTRAINT `participant_ibfk_1` FOREIGN KEY (`account_id`) REFERENCES `account` (`id`)
) ENGINE=InnoDB AUTO_INCREMENT=191511091 DEFAULT CHARSET=utf8 COLLATE=utf8_unicode_ci COMMENT='replika, participant';
/*!40101 SET character_set_client = @saved_cs_client */;

--
-- Dumping data for table `participant`
--

LOCK TABLES `participant` WRITE;
/*!40000 ALTER TABLE `participant` DISABLE KEYS */;
INSERT INTO `participant` VALUES (181511003,'Aghniya Rahma Yudha',2022,1,0,5),(181511015,'Hilmy Oktoharitsa',2022,1,0,6),(181511041,'Dimas Ahmad Zaidan Nuryamin',2022,1,0,7),(181524002,'Alvira Putrina Daradjat',2022,1,1,86),(181524003,'Ananda Bayu Fauzan',2022,1,1,87),(181524004,'Chofief Al Farroqie Ariestotles Endamara',2022,1,1,88),(181524005,'Dewanto Joyo Pramono',2022,1,1,89),(181524006,'Dwinanda Alfauzan Suhando',2022,1,1,90),(181524007,'Evan Lokajaya',2022,1,1,91),(181524008,'Fajrina Aflaha',2022,1,1,92),(181524009,'Fatharani',2022,1,1,93),(181524010,'Hafiz Muhammad Fadli',2022,1,1,94),(181524012,'Hanifah Sholihat',2022,1,1,95),(181524013,'Icha Cahya Wulan',2022,1,1,96),(181524014,'Khoirunnisa Putri Kania',2022,1,1,97),(181524015,'M.Andhika Zaini Zulfikor',2022,1,1,98),(181524016,'Mohamad Naufal Fadhil',2022,1,1,99),(181524017,'Mufqi Uwais Nastiar Salim',2022,1,1,100),(181524020,'Muhammad Fadhil',2022,1,1,101),(181524021,'Muhammad Hanif Albaihaqi',2022,1,1,102),(181524022,'Nadhilah Nurfajrina',2022,1,1,103),(181524023,'Nadia Melyani',2022,1,1,104),(181524025,'Naufal Rajabi',2022,1,1,105),(181524026,'Raefaldhi Amartya Junior',2022,1,1,106),(181524027,'Raihan Ibrahim Risyad',2022,1,1,107),(181524028,'Rayhan Azka Anandhias Putra',2022,1,1,108),(181524029,'Riyanzani A.P',2022,1,1,109),(181524030,'Roma Ulina P',2022,1,1,110),(181524031,'Zara Veda Mahendra',2022,1,1,111),(181524032,'Zefan Gracio Aritonang',2022,1,1,112),(191511001,'Ade Irawan',2022,1,0,8),(191511002,'Akbar Subagja',2022,1,0,9),(191511003,'Akmal Rishad Pratama',2022,1,0,10),(191511004,'Alifia Ghea Putri Pratiwi',2022,1,0,11),(191511005,'Ari Raja Nuralamsyah',2022,1,0,12),(191511006,'Athiyya Rahmawati',2022,1,0,13),(191511007,'Azhar Bani Rashif',2022,1,0,14),(191511008,'Bryan Azriel Parulian',2022,1,0,15),(191511009,'Chandriko Audito Rengganisworo',2022,1,0,16),(191511010,'Dhiya Aldien',2022,1,0,17),(191511011,'Fahreza Ramadhani',2022,1,0,18),(191511012,'Gerhard Natanael',2022,1,0,19),(191511013,'Gilang Liberty',2022,1,0,20),(191511014,'Hana Tiara Fadhilah',2022,1,0,21),(191511015,'Heldi Apriadi',2022,1,0,22),(191511016,'Ifaldzi Alwi Hudhori',2022,1,0,23),(191511017,'Krakatau Indonesia Sejati',2022,1,0,24),(191511019,'Maharani Harata',2022,1,0,25),(191511021,'Mochamad Naufal Ghassani',2022,1,0,26),(191511022,'Mohammad Ichwan',2022,1,0,27),(191511023,'Muhamad Fikri Al-baihaqi',2022,1,0,28),(191511025,'Nandhifa Azzahra',2022,1,0,29),(191511026,'Oka Ananta Silalahi',2022,1,0,30),(191511028,'Rafi Ramdani',2022,1,0,31),(191511029,'Resvi Widiana',2022,1,0,32),(191511030,'Rifa Marwa Rahadatul Aisy Putri',2022,1,0,33),(191511031,'Shofwan Ahmad Syihab',2022,1,0,34),(191511032,'Silvia Nur Fadillah',2022,1,0,35),(191511033,'Yordy Wirasawika Adra i',2022,1,0,36),(191511034,'Adinda Puteri Ramadhan',2022,1,0,37),(191511035,'Ahmad Fauzan',2022,1,0,38),(191511036,'Aldira Ahmad Wibawa',2022,1,0,39),(191511037,'Alfan Pahreza Kusumah',2022,1,0,40),(191511038,'Arda Salisha Suherman',2022,1,0,41),(191511039,'Dafi Majid Fadhlih',2022,1,0,42),(191511040,'Dena Djayusman',2022,1,0,43),(191511041,'Desty Rahmayanti',2022,1,0,44),(191511042,'Fadhlan Naufal Gunawan',2022,1,0,45),(191511043,'Faridah Melinda Pratiwi',2022,1,0,46),(191511044,'Firstdeyan Septiana Putra',2022,1,0,47),(191511045,'Galih Rizki Setiadi',2022,1,0,48),(191511046,'Hadi Alfian Akbar',2022,1,0,49),(191511047,'Hana Nurkarimah',2022,1,0,50),(191511048,'Ikhsan Adjie Nugraha',2022,1,0,51),(191511049,'Istighfanny Nuraini',2022,1,0,52),(191511050,'Kynara Rissalati Arsy',2022,1,0,53),(191511051,'Mugi Pangestu',2022,1,0,54),(191511052,'Muhammad Alfat Furqon',2022,1,0,55),(191511054,'Muhammad Fikri',2022,1,0,56),(191511056,'Muhammad Rashad Yusuf',2022,1,0,57),(191511057,'Naufal Taufik Alhakim',2022,1,0,58),(191511058,'Nisrina Qurratu ain',2022,1,0,59),(191511059,'Pramestya Yohana',2022,1,0,60),(191511060,'Putri Salsabila',2022,1,0,61),(191511061,'Rakarizal Muhammad Zidan',2022,1,0,62),(191511063,'Rony Sahari Silaban',2022,1,0,63),(191511064,'Thalissa Gunawan A.',2022,1,0,64),(191511065,'Ummu Izzatul Kharimah',2022,1,0,65),(191511066,'Abdul Siregar',2023,1,0,145),(191511067,'Ahmad Susanto',2023,1,0,146),(191511068,'Andi Wahyudi',2023,1,0,147),(191511071,'Dewi Sulistiawan',2023,1,1,150),(191511072,'Eka Kurniawan',2023,1,1,151),(191511073,'Fitri Rahmawati',2023,1,1,152),(191511076,'Samir Feest',2024,1,0,155),(191511077,'Tomasa Kling',2024,1,0,156),(191511078,'Willy Greenholt',2024,1,1,157),(191511079,'Ward Armstrong IV',2024,1,1,158),(191511090,'Agus',2022,1,1,164);
/*!40000 ALTER TABLE `participant` ENABLE KEYS */;
UNLOCK TABLES;

--
-- Table structure for table `self_assessment`
--

DROP TABLE IF EXISTS `self_assessment`;
/*!40101 SET @saved_cs_client     = @@character_set_client */;
/*!40101 SET character_set_client = utf8 */;
CREATE TABLE `self_assessment` (
  `id` int(11) NOT NULL AUTO_INCREMENT,
  `participant_id` int(11) DEFAULT NULL,
  `start_date` date DEFAULT NULL,
  `finish_date` date DEFAULT NULL,
  PRIMARY KEY (`id`),
  KEY `participant_id` (`participant_id`),
  CONSTRAINT `self_assessment_ibfk_1` FOREIGN KEY (`participant_id`) REFERENCES `participant` (`id`)
) ENGINE=InnoDB AUTO_INCREMENT=43 DEFAULT CHARSET=utf8 COLLATE=utf8_unicode_ci COMMENT='replika, ???';
/*!40101 SET character_set_client = @saved_cs_client */;

--
-- Dumping data for table `self_assessment`
--

LOCK TABLES `self_assessment` WRITE;
/*!40000 ALTER TABLE `self_assessment` DISABLE KEYS */;
INSERT INTO `self_assessment` VALUES (1,191511066,'2023-06-05','2023-06-09'),(2,191511067,'2023-06-05','2023-06-09'),(3,191511068,'2023-06-05','2023-06-09'),(4,191511071,'2023-06-05','2023-06-09'),(5,191511072,'2023-06-05','2023-06-09'),(6,191511073,'2023-06-05','2023-06-09'),(7,191511066,'2023-06-12','2023-06-16'),(8,191511067,'2023-06-12','2023-06-16'),(9,191511068,'2023-06-12','2023-06-16'),(10,191511071,'2023-06-12','2023-06-16'),(11,191511072,'2023-06-12','2023-06-16'),(12,191511073,'2023-06-12','2023-06-16'),(13,191511066,'2023-06-19','2023-06-23'),(14,191511067,'2023-06-19','2023-06-23'),(15,191511068,'2023-06-19','2023-06-23'),(16,191511071,'2023-06-19','2023-06-23'),(17,191511072,'2023-06-19','2023-06-23'),(18,191511073,'2023-06-19','2023-06-23'),(19,191511066,'2023-06-26','2023-06-30'),(20,191511067,'2023-06-26','2023-06-30'),(21,191511068,'2023-06-26','2023-06-30'),(22,191511071,'2023-06-26','2023-06-30'),(23,191511072,'2023-06-26','2023-06-30'),(24,191511073,'2023-06-26','2023-06-30'),(25,191511076,'2023-07-03','2023-07-07'),(26,191511077,'2023-07-03','2023-07-07'),(27,191511078,'2023-07-03','2023-07-07'),(28,191511079,'2023-07-03','2023-07-07'),(29,191511076,'2023-07-03','2023-07-07'),(30,191511077,'2023-07-03','2023-07-07'),(31,191511078,'2023-07-10','2023-07-14'),(32,191511079,'2023-07-10','2023-07-14'),(33,191511076,'2023-07-10','2023-07-14'),(34,191511077,'2023-07-10','2023-07-14'),(35,191511078,'2023-07-10','2023-07-14'),(36,191511079,'2023-07-10','2023-07-14'),(37,191511076,'2023-07-17','2023-07-21'),(38,191511077,'2023-07-17','2023-07-21'),(39,191511078,'2023-07-17','2023-07-21'),(40,191511079,'2023-07-17','2023-07-21'),(42,191511090,'2023-06-14','2023-06-14');
/*!40000 ALTER TABLE `self_assessment` ENABLE KEYS */;
UNLOCK TABLES;

--
-- Table structure for table `self_assessment_aspect`
--

DROP TABLE IF EXISTS `self_assessment_aspect`;
/*!40101 SET @saved_cs_client     = @@character_set_client */;
/*!40101 SET character_set_client = utf8 */;
CREATE TABLE `self_assessment_aspect` (
  `id` int(11) NOT NULL AUTO_INCREMENT,
  `name` varchar(255) NOT NULL,
  `description` text DEFAULT NULL,
  PRIMARY KEY (`id`)
) ENGINE=InnoDB AUTO_INCREMENT=20 DEFAULT CHARSET=utf8 COLLATE=utf8_unicode_ci COMMENT='replika, ???';
/*!40101 SET character_set_client = @saved_cs_client */;

--
-- Dumping data for table `self_assessment_aspect`
--

LOCK TABLES `self_assessment_aspect` WRITE;
/*!40000 ALTER TABLE `self_assessment_aspect` DISABLE KEYS */;
INSERT INTO `self_assessment_aspect` VALUES (1,'Mengenali perusahaan',NULL),(2,'Budaya Perusahaan',NULL),(3,'Suasana Kerja',NULL),(4,'Interaksi dengan sdm termasuk dg pembimbing industri',NULL),(5,'Mengenali Pekerjaan',NULL),(6,'Pendekatan menyelesaikan tugas/masalah',NULL),(7,'Metode',NULL),(8,'Tools',NULL),(9,'Lesson learned',NULL),(10,'Apresiasi Perusahaan (fast learner, tekun, tanggung jawab)',NULL),(11,'Masukan untuk jtk',NULL),(12,'Problem Solving',NULL),(13,'Karir',NULL),(14,'Persepsi diri pada awal KP atau PKL (Kemampuan Beradaptasi',NULL),(15,'Persepsi diri antara tengah KP atau PKL (Menjalan tugas)',NULL),(16,'Persepsi diri akhir KP (memberikan solusi)',NULL),(17,'Target/Tujuan individu',NULL),(18,'Peningkatan diri selama KP',NULL),(19,'test aspect changed','description test');
/*!40000 ALTER TABLE `self_assessment_aspect` ENABLE KEYS */;
UNLOCK TABLES;

--
-- Table structure for table `self_assessment_grade`
--

DROP TABLE IF EXISTS `self_assessment_grade`;
/*!40101 SET @saved_cs_client     = @@character_set_client */;
/*!40101 SET character_set_client = utf8 */;
CREATE TABLE `self_assessment_grade` (
  `id` int(11) NOT NULL AUTO_INCREMENT,
  `grade_self_assessment` int(3) DEFAULT NULL,
  `self_assessment_id` int(11) DEFAULT NULL,
  `criteria_self_assessment_id` int(11) DEFAULT NULL,
  `participant_id` int(11) DEFAULT NULL,
  PRIMARY KEY (`id`),
  KEY `criteria_self_assesment_id` (`criteria_self_assessment_id`),
  KEY `participant_id` (`participant_id`),
  KEY `self_assessment_grade_FK` (`self_assessment_id`),
  CONSTRAINT `self_assessment_grade_FK` FOREIGN KEY (`self_assessment_id`) REFERENCES `self_assessment` (`id`),
  CONSTRAINT `self_assessment_grade_ibfk_2` FOREIGN KEY (`criteria_self_assessment_id`) REFERENCES `self_assessment_aspect` (`id`),
  CONSTRAINT `self_assessment_grade_ibfk_3` FOREIGN KEY (`participant_id`) REFERENCES `participant` (`id`)
) ENGINE=InnoDB AUTO_INCREMENT=722 DEFAULT CHARSET=utf8 COLLATE=utf8_unicode_ci COMMENT='replika, ???';
/*!40101 SET character_set_client = @saved_cs_client */;

--
-- Dumping data for table `self_assessment_grade`
--

LOCK TABLES `self_assessment_grade` WRITE;
/*!40000 ALTER TABLE `self_assessment_grade` DISABLE KEYS */;
INSERT INTO `self_assessment_grade` VALUES (1,86,1,1,191511066),(2,79,1,2,191511066),(3,83,1,3,191511066),(4,87,1,4,191511066),(5,74,1,5,191511066),(6,91,1,6,191511066),(7,88,1,7,191511066),(8,89,1,8,191511066),(9,91,1,9,191511066),(10,90,1,10,191511066),(11,80,1,11,191511066),(12,95,1,12,191511066),(13,91,1,13,191511066),(14,80,1,14,191511066),(15,92,1,15,191511066),(16,77,1,16,191511066),(17,73,1,17,191511066),(18,87,1,18,191511066),(19,80,2,1,191511067),(20,90,2,2,191511067),(21,90,2,3,191511067),(22,89,2,4,191511067),(23,76,2,5,191511067),(24,81,2,6,191511067),(25,88,2,7,191511067),(26,90,2,8,191511067),(27,76,2,9,191511067),(28,72,2,10,191511067),(29,89,2,11,191511067),(30,82,2,12,191511067),(31,88,2,13,191511067),(32,75,2,14,191511067),(33,84,2,15,191511067),(34,82,2,16,191511067),(35,87,2,17,191511067),(36,90,2,18,191511067),(37,81,3,1,191511068),(38,92,3,2,191511068),(39,81,3,3,191511068),(40,90,3,4,191511068),(41,85,3,5,191511068),(42,93,3,6,191511068),(43,84,3,7,191511068),(44,83,3,8,191511068),(45,87,3,9,191511068),(46,82,3,10,191511068),(47,86,3,11,191511068),(48,85,3,12,191511068),(49,87,3,13,191511068),(50,80,3,14,191511068),(51,78,3,15,191511068),(52,92,3,16,191511068),(53,79,3,17,191511068),(54,77,3,18,191511068),(55,88,4,1,191511071),(56,83,4,2,191511071),(57,91,4,3,191511071),(58,73,4,4,191511071),(59,81,4,5,191511071),(60,85,4,6,191511071),(61,82,4,7,191511071),(62,82,4,8,191511071),(63,70,4,9,191511071),(64,71,4,10,191511071),(65,85,4,11,191511071),(66,72,4,12,191511071),(67,72,4,13,191511071),(68,86,4,14,191511071),(69,71,4,15,191511071),(70,76,4,16,191511071),(71,82,4,17,191511071),(72,75,4,18,191511071),(73,95,5,1,191511072),(74,74,5,2,191511072),(75,91,5,3,191511072),(76,82,5,4,191511072),(77,73,5,5,191511072),(78,76,5,6,191511072),(79,73,5,7,191511072),(80,77,5,8,191511072),(81,76,5,9,191511072),(82,85,5,10,191511072),(83,88,5,11,191511072),(84,77,5,12,191511072),(85,81,5,13,191511072),(86,83,5,14,191511072),(87,74,5,15,191511072),(88,85,5,16,191511072),(89,89,5,17,191511072),(90,82,5,18,191511072),(91,89,6,1,191511073),(92,74,6,2,191511073),(93,80,6,3,191511073),(94,73,6,4,191511073),(95,89,6,5,191511073),(96,82,6,6,191511073),(97,71,6,7,191511073),(98,78,6,8,191511073),(99,80,6,9,191511073),(100,93,6,10,191511073),(101,85,6,11,191511073),(102,88,6,12,191511073),(103,90,6,13,191511073),(104,71,6,14,191511073),(105,78,6,15,191511073),(106,79,6,16,191511073),(107,95,6,17,191511073),(108,71,6,18,191511073),(109,74,7,1,191511066),(110,74,7,2,191511066),(111,71,7,3,191511066),(112,92,7,4,191511066),(113,82,7,5,191511066),(114,85,7,6,191511066),(115,89,7,7,191511066),(116,85,7,8,191511066),(117,93,7,9,191511066),(118,74,7,10,191511066),(119,74,7,11,191511066),(120,89,7,12,191511066),(121,86,7,13,191511066),(122,84,7,14,191511066),(123,73,7,15,191511066),(124,90,7,16,191511066),(125,87,7,17,191511066),(126,83,7,18,191511066),(127,77,8,1,191511067),(128,94,8,2,191511067),(129,88,8,3,191511067),(130,84,8,4,191511067),(131,77,8,5,191511067),(132,73,8,6,191511067),(133,83,8,7,191511067),(134,75,8,8,191511067),(135,75,8,9,191511067),(136,78,8,10,191511067),(137,75,8,11,191511067),(138,86,8,12,191511067),(139,86,8,13,191511067),(140,91,8,14,191511067),(141,87,8,15,191511067),(142,93,8,16,191511067),(143,84,8,17,191511067),(144,83,8,18,191511067),(145,86,9,1,191511068),(146,70,9,2,191511068),(147,81,9,3,191511068),(148,94,9,4,191511068),(149,77,9,5,191511068),(150,74,9,6,191511068),(151,88,9,7,191511068),(152,90,9,8,191511068),(153,93,9,9,191511068),(154,93,9,10,191511068),(155,72,9,11,191511068),(156,89,9,12,191511068),(157,88,9,13,191511068),(158,70,9,14,191511068),(159,86,9,15,191511068),(160,78,9,16,191511068),(161,74,9,17,191511068),(162,94,9,18,191511068),(163,73,10,1,191511071),(164,94,10,2,191511071),(165,92,10,3,191511071),(166,90,10,4,191511071),(167,91,10,5,191511071),(168,84,10,6,191511071),(169,71,10,7,191511071),(170,80,10,8,191511071),(171,73,10,9,191511071),(172,91,10,10,191511071),(173,74,10,11,191511071),(174,89,10,12,191511071),(175,70,10,13,191511071),(176,83,10,14,191511071),(177,76,10,15,191511071),(178,73,10,16,191511071),(179,83,10,17,191511071),(180,93,10,18,191511071),(181,85,11,1,191511072),(182,87,11,2,191511072),(183,92,11,3,191511072),(184,76,11,4,191511072),(185,80,11,5,191511072),(186,76,11,6,191511072),(187,92,11,7,191511072),(188,91,11,8,191511072),(189,85,11,9,191511072),(190,70,11,10,191511072),(191,86,11,11,191511072),(192,91,11,12,191511072),(193,80,11,13,191511072),(194,95,11,14,191511072),(195,92,11,15,191511072),(196,72,11,16,191511072),(197,73,11,17,191511072),(198,95,11,18,191511072),(199,78,12,1,191511073),(200,85,12,2,191511073),(201,78,12,3,191511073),(202,87,12,4,191511073),(203,72,12,5,191511073),(204,93,12,6,191511073),(205,81,12,7,191511073),(206,71,12,8,191511073),(207,95,12,9,191511073),(208,71,12,10,191511073),(209,78,12,11,191511073),(210,76,12,12,191511073),(211,70,12,13,191511073),(212,79,12,14,191511073),(213,89,12,15,191511073),(214,76,12,16,191511073),(215,94,12,17,191511073),(216,86,12,18,191511073),(217,91,13,1,191511066),(218,90,13,2,191511066),(219,75,13,3,191511066),(220,88,13,4,191511066),(221,91,13,5,191511066),(222,70,13,6,191511066),(223,89,13,7,191511066),(224,75,13,8,191511066),(225,76,13,9,191511066),(226,94,13,10,191511066),(227,72,13,11,191511066),(228,86,13,12,191511066),(229,72,13,13,191511066),(230,84,13,14,191511066),(231,76,13,15,191511066),(232,85,13,16,191511066),(233,70,13,17,191511066),(234,95,13,18,191511066),(235,76,14,1,191511067),(236,90,14,2,191511067),(237,80,14,3,191511067),(238,95,14,4,191511067),(239,89,14,5,191511067),(240,72,14,6,191511067),(241,71,14,7,191511067),(242,70,14,8,191511067),(243,74,14,9,191511067),(244,95,14,10,191511067),(245,75,14,11,191511067),(246,95,14,12,191511067),(247,73,14,13,191511067),(248,74,14,14,191511067),(249,75,14,15,191511067),(250,89,14,16,191511067),(251,82,14,17,191511067),(252,79,14,18,191511067),(253,87,15,1,191511068),(254,83,15,2,191511068),(255,79,15,3,191511068),(256,70,15,4,191511068),(257,83,15,5,191511068),(258,75,15,6,191511068),(259,72,15,7,191511068),(260,74,15,8,191511068),(261,70,15,9,191511068),(262,78,15,10,191511068),(263,88,15,11,191511068),(264,82,15,12,191511068),(265,95,15,13,191511068),(266,90,15,14,191511068),(267,80,15,15,191511068),(268,92,15,16,191511068),(269,79,15,17,191511068),(270,90,15,18,191511068),(271,76,16,1,191511071),(272,71,16,2,191511071),(273,77,16,3,191511071),(274,88,16,4,191511071),(275,87,16,5,191511071),(276,94,16,6,191511071),(277,91,16,7,191511071),(278,91,16,8,191511071),(279,71,16,9,191511071),(280,95,16,10,191511071),(281,86,16,11,191511071),(282,70,16,12,191511071),(283,88,16,13,191511071),(284,74,16,14,191511071),(285,81,16,15,191511071),(286,83,16,16,191511071),(287,91,16,17,191511071),(288,75,16,18,191511071),(289,92,17,1,191511072),(290,75,17,2,191511072),(291,91,17,3,191511072),(292,75,17,4,191511072),(293,91,17,5,191511072),(294,79,17,6,191511072),(295,82,17,7,191511072),(296,91,17,8,191511072),(297,75,17,9,191511072),(298,91,17,10,191511072),(299,94,17,11,191511072),(300,72,17,12,191511072),(301,75,17,13,191511072),(302,93,17,14,191511072),(303,71,17,15,191511072),(304,84,17,16,191511072),(305,86,17,17,191511072),(306,72,17,18,191511072),(307,94,18,1,191511073),(308,85,18,2,191511073),(309,75,18,3,191511073),(310,86,18,4,191511073),(311,73,18,5,191511073),(312,81,18,6,191511073),(313,94,18,7,191511073),(314,91,18,8,191511073),(315,85,18,9,191511073),(316,83,18,10,191511073),(317,77,18,11,191511073),(318,91,18,12,191511073),(319,83,18,13,191511073),(320,92,18,14,191511073),(321,95,18,15,191511073),(322,93,18,16,191511073),(323,70,18,17,191511073),(324,87,18,18,191511073),(325,88,19,1,191511066),(326,80,19,2,191511066),(327,86,19,3,191511066),(328,85,19,4,191511066),(329,90,19,5,191511066),(330,94,19,6,191511066),(331,70,19,7,191511066),(332,82,19,8,191511066),(333,92,19,9,191511066),(334,94,19,10,191511066),(335,94,19,11,191511066),(336,86,19,12,191511066),(337,88,19,13,191511066),(338,89,19,14,191511066),(339,72,19,15,191511066),(340,89,19,16,191511066),(341,89,19,17,191511066),(342,80,19,18,191511066),(343,91,20,1,191511067),(344,85,20,2,191511067),(345,74,20,3,191511067),(346,82,20,4,191511067),(347,93,20,5,191511067),(348,79,20,6,191511067),(349,95,20,7,191511067),(350,93,20,8,191511067),(351,92,20,9,191511067),(352,70,20,10,191511067),(353,83,20,11,191511067),(354,92,20,12,191511067),(355,91,20,13,191511067),(356,86,20,14,191511067),(357,80,20,15,191511067),(358,74,20,16,191511067),(359,88,20,17,191511067),(360,93,20,18,191511067),(361,79,21,1,191511068),(362,79,21,2,191511068),(363,71,21,3,191511068),(364,95,21,4,191511068),(365,78,21,5,191511068),(366,77,21,6,191511068),(367,71,21,7,191511068),(368,91,21,8,191511068),(369,83,21,9,191511068),(370,89,21,10,191511068),(371,86,21,11,191511068),(372,83,21,12,191511068),(373,73,21,13,191511068),(374,77,21,14,191511068),(375,95,21,15,191511068),(376,75,21,16,191511068),(377,89,21,17,191511068),(378,86,21,18,191511068),(379,81,22,1,191511071),(380,84,22,2,191511071),(381,87,22,3,191511071),(382,79,22,4,191511071),(383,89,22,5,191511071),(384,77,22,6,191511071),(385,78,22,7,191511071),(386,73,22,8,191511071),(387,95,22,9,191511071),(388,86,22,10,191511071),(389,82,22,11,191511071),(390,94,22,12,191511071),(391,87,22,13,191511071),(392,75,22,14,191511071),(393,93,22,15,191511071),(394,74,22,16,191511071),(395,86,22,17,191511071),(396,75,22,18,191511071),(397,72,23,1,191511072),(398,88,23,2,191511072),(399,79,23,3,191511072),(400,87,23,4,191511072),(401,79,23,5,191511072),(402,86,23,6,191511072),(403,89,23,7,191511072),(404,94,23,8,191511072),(405,72,23,9,191511072),(406,80,23,10,191511072),(407,95,23,11,191511072),(408,74,23,12,191511072),(409,90,23,13,191511072),(410,89,23,14,191511072),(411,90,23,15,191511072),(412,88,23,16,191511072),(413,70,23,17,191511072),(414,73,23,18,191511072),(415,72,24,1,191511073),(416,84,24,2,191511073),(417,88,24,3,191511073),(418,86,24,4,191511073),(419,86,24,5,191511073),(420,71,24,6,191511073),(421,84,24,7,191511073),(422,72,24,8,191511073),(423,73,24,9,191511073),(424,78,24,10,191511073),(425,92,24,11,191511073),(426,83,24,12,191511073),(427,77,24,13,191511073),(428,90,24,14,191511073),(429,95,24,15,191511073),(430,94,24,16,191511073),(431,83,24,17,191511073),(432,93,24,18,191511073),(433,79,25,1,191511076),(434,82,25,2,191511076),(435,80,25,3,191511076),(436,89,25,4,191511076),(437,90,25,5,191511076),(438,88,25,6,191511076),(439,76,25,7,191511076),(440,84,25,8,191511076),(441,87,25,9,191511076),(442,79,25,10,191511076),(443,78,25,11,191511076),(444,86,25,12,191511076),(445,86,25,13,191511076),(446,88,25,14,191511076),(447,75,25,15,191511076),(448,89,25,16,191511076),(449,79,25,17,191511076),(450,79,25,18,191511076),(451,83,26,1,191511077),(452,82,26,2,191511077),(453,87,26,3,191511077),(454,82,26,4,191511077),(455,90,26,5,191511077),(456,88,26,6,191511077),(457,84,26,7,191511077),(458,77,26,8,191511077),(459,77,26,9,191511077),(460,80,26,10,191511077),(461,81,26,11,191511077),(462,78,26,12,191511077),(463,86,26,13,191511077),(464,83,26,14,191511077),(465,76,26,15,191511077),(466,89,26,16,191511077),(467,78,26,17,191511077),(468,81,26,18,191511077),(469,84,27,1,191511078),(470,84,27,2,191511078),(471,83,27,3,191511078),(472,88,27,4,191511078),(473,84,27,5,191511078),(474,83,27,6,191511078),(475,82,27,7,191511078),(476,90,27,8,191511078),(477,87,27,9,191511078),(478,78,27,10,191511078),(479,82,27,11,191511078),(480,79,27,12,191511078),(481,83,27,13,191511078),(482,90,27,14,191511078),(483,85,27,15,191511078),(484,77,27,16,191511078),(485,87,27,17,191511078),(486,82,27,18,191511078),(487,80,28,1,191511079),(488,89,28,2,191511079),(489,78,28,3,191511079),(490,77,28,4,191511079),(491,88,28,5,191511079),(492,88,28,6,191511079),(493,85,28,7,191511079),(494,90,28,8,191511079),(495,76,28,9,191511079),(496,89,28,10,191511079),(497,84,28,11,191511079),(498,88,28,12,191511079),(499,86,28,13,191511079),(500,88,28,14,191511079),(501,84,28,15,191511079),(502,87,28,16,191511079),(503,87,28,17,191511079),(504,76,28,18,191511079),(505,87,29,1,191511076),(506,77,29,2,191511076),(507,77,29,3,191511076),(508,77,29,4,191511076),(509,78,29,5,191511076),(510,87,29,6,191511076),(511,89,29,7,191511076),(512,88,29,8,191511076),(513,81,29,9,191511076),(514,82,29,10,191511076),(515,81,29,11,191511076),(516,90,29,12,191511076),(517,81,29,13,191511076),(518,79,29,14,191511076),(519,84,29,15,191511076),(520,85,29,16,191511076),(521,85,29,17,191511076),(522,88,29,18,191511076),(523,83,30,1,191511077),(524,90,30,2,191511077),(525,80,30,3,191511077),(526,88,30,4,191511077),(527,80,30,5,191511077),(528,90,30,6,191511077),(529,85,30,7,191511077),(530,80,30,8,191511077),(531,76,30,9,191511077),(532,77,30,10,191511077),(533,83,30,11,191511077),(534,88,30,12,191511077),(535,84,30,13,191511077),(536,81,30,14,191511077),(537,83,30,15,191511077),(538,87,30,16,191511077),(539,85,30,17,191511077),(540,81,30,18,191511077),(541,76,31,1,191511078),(542,88,31,2,191511078),(543,90,31,3,191511078),(544,88,31,4,191511078),(545,84,31,5,191511078),(546,76,31,6,191511078),(547,77,31,7,191511078),(548,88,31,8,191511078),(549,88,31,9,191511078),(550,90,31,10,191511078),(551,89,31,11,191511078),(552,82,31,12,191511078),(553,87,31,13,191511078),(554,83,31,14,191511078),(555,77,31,15,191511078),(556,89,31,16,191511078),(557,78,31,17,191511078),(558,79,31,18,191511078),(559,77,32,1,191511079),(560,75,32,2,191511079),(561,82,32,3,191511079),(562,88,32,4,191511079),(563,90,32,5,191511079),(564,82,32,6,191511079),(565,85,32,7,191511079),(566,76,32,8,191511079),(567,80,32,9,191511079),(568,88,32,10,191511079),(569,89,32,11,191511079),(570,89,32,12,191511079),(571,81,32,13,191511079),(572,76,32,14,191511079),(573,82,32,15,191511079),(574,85,32,16,191511079),(575,88,32,17,191511079),(576,80,32,18,191511079),(577,76,33,1,191511076),(578,83,33,2,191511076),(579,85,33,3,191511076),(580,76,33,4,191511076),(581,75,33,5,191511076),(582,83,33,6,191511076),(583,80,33,7,191511076),(584,86,33,8,191511076),(585,80,33,9,191511076),(586,76,33,10,191511076),(587,89,33,11,191511076),(588,80,33,12,191511076),(589,87,33,13,191511076),(590,90,33,14,191511076),(591,83,33,15,191511076),(592,83,33,16,191511076),(593,84,33,17,191511076),(594,89,33,18,191511076),(595,82,34,1,191511077),(596,80,34,2,191511077),(597,90,34,3,191511077),(598,85,34,4,191511077),(599,83,34,5,191511077),(600,82,34,6,191511077),(601,88,34,7,191511077),(602,84,34,8,191511077),(603,77,34,9,191511077),(604,90,34,10,191511077),(605,75,34,11,191511077),(606,85,34,12,191511077),(607,88,34,13,191511077),(608,86,34,14,191511077),(609,86,34,15,191511077),(610,90,34,16,191511077),(611,85,34,17,191511077),(612,85,34,18,191511077),(613,81,35,1,191511078),(614,82,35,2,191511078),(615,76,35,3,191511078),(616,77,35,4,191511078),(617,79,35,5,191511078),(618,90,35,6,191511078),(619,80,35,7,191511078),(620,90,35,8,191511078),(621,78,35,9,191511078),(622,87,35,10,191511078),(623,82,35,11,191511078),(624,77,35,12,191511078),(625,89,35,13,191511078),(626,79,35,14,191511078),(627,84,35,15,191511078),(628,80,35,16,191511078),(629,84,35,17,191511078),(630,87,35,18,191511078),(631,89,36,1,191511079),(632,80,36,2,191511079),(633,77,36,3,191511079),(634,82,36,4,191511079),(635,83,36,5,191511079),(636,76,36,6,191511079),(637,87,36,7,191511079),(638,78,36,8,191511079),(639,89,36,9,191511079),(640,88,36,10,191511079),(641,84,36,11,191511079),(642,80,36,12,191511079),(643,84,36,13,191511079),(644,78,36,14,191511079),(645,75,36,15,191511079),(646,79,36,16,191511079),(647,85,36,17,191511079),(648,82,36,18,191511079),(649,77,37,1,191511076),(650,78,37,2,191511076),(651,87,37,3,191511076),(652,85,37,4,191511076),(653,88,37,5,191511076),(654,77,37,6,191511076),(655,79,37,7,191511076),(656,83,37,8,191511076),(657,77,37,9,191511076),(658,86,37,10,191511076),(659,77,37,11,191511076),(660,90,37,12,191511076),(661,81,37,13,191511076),(662,85,37,14,191511076),(663,79,37,15,191511076),(664,85,37,16,191511076),(665,76,37,17,191511076),(666,77,37,18,191511076),(667,77,38,1,191511077),(668,82,38,2,191511077),(669,90,38,3,191511077),(670,88,38,4,191511077),(671,75,38,5,191511077),(672,90,38,6,191511077),(673,84,38,7,191511077),(674,77,38,8,191511077),(675,85,38,9,191511077),(676,87,38,10,191511077),(677,82,38,11,191511077),(678,79,38,12,191511077),(679,77,38,13,191511077),(680,78,38,14,191511077),(681,89,38,15,191511077),(682,84,38,16,191511077),(683,81,38,17,191511077),(684,77,38,18,191511077),(685,87,39,1,191511078),(686,75,39,2,191511078),(687,83,39,3,191511078),(688,89,39,4,191511078),(689,87,39,5,191511078),(690,83,39,6,191511078),(691,90,39,7,191511078),(692,86,39,8,191511078),(693,82,39,9,191511078),(694,89,39,10,191511078),(695,76,39,11,191511078),(696,78,39,12,191511078),(697,87,39,13,191511078),(698,83,39,14,191511078),(699,77,39,15,191511078),(700,80,39,16,191511078),(701,79,39,17,191511078),(702,77,39,18,191511078),(703,84,40,1,191511079),(704,85,40,2,191511079),(705,90,40,3,191511079),(706,89,40,4,191511079),(707,90,40,5,191511079),(708,81,40,6,191511079),(709,82,40,7,191511079),(710,90,40,8,191511079),(711,79,40,9,191511079),(712,83,40,10,191511079),(713,78,40,11,191511079),(714,86,40,12,191511079),(715,82,40,13,191511079),(716,76,40,14,191511079),(717,83,40,15,191511079),(718,77,40,16,191511079),(719,85,40,17,191511079),(720,86,40,18,191511079),(721,70,42,12,191511090);
/*!40000 ALTER TABLE `self_assessment_grade` ENABLE KEYS */;
UNLOCK TABLES;

--
-- Table structure for table `seminar_criteria`
--

DROP TABLE IF EXISTS `seminar_criteria`;
/*!40101 SET @saved_cs_client     = @@character_set_client */;
/*!40101 SET character_set_client = utf8 */;
CREATE TABLE `seminar_criteria` (
  `id` int(11) NOT NULL AUTO_INCREMENT,
  `criteria_name` varchar(255) NOT NULL,
  `criteria_bobot` float NOT NULL DEFAULT 100,
  `is_deleted` tinyint(1) DEFAULT NULL,
  `is_selected` tinyint(1) NOT NULL DEFAULT 1,
  PRIMARY KEY (`id`)
) ENGINE=InnoDB AUTO_INCREMENT=46 DEFAULT CHARSET=utf8 COLLATE=utf8_unicode_ci;
/*!40101 SET character_set_client = @saved_cs_client */;

--
-- Dumping data for table `seminar_criteria`
--

LOCK TABLES `seminar_criteria` WRITE;
/*!40000 ALTER TABLE `seminar_criteria` DISABLE KEYS */;
INSERT INTO `seminar_criteria` VALUES (12,'Presentasi',20,0,1),(13,'Hasil Pelaksanaan PKL atau KP',65,0,1),(14,'Penguasaan Materi dalam Tanya Jawab',8,0,1),(18,'Test',0,1,0),(19,'tes5',89,1,0),(20,'tes y',0,1,0),(21,'tes 4',0,1,0),(22,'tes 5',0,1,0),(23,'tes x',0,1,0),(24,'tes 99',0,1,0),(25,'tes 1001',0,1,0),(26,'tes 3',0,1,0),(27,'tes ya',0,1,0),(28,'tes 3',0,1,0),(29,'tes 4',0,1,0),(30,'tes change',0,1,0),(31,'Mengenali Perusahaan',0,0,0),(32,'Budaya Perusahaan',0,0,0),(33,'Suasana Kerja',0,0,0),(34,'Interaksi dengan SDM termasuk dengan Pembimbing Industri',7,0,1),(35,'Mengenali Pekerjaan',0,0,0),(36,'Pendekatan',0,0,0),(37,'Metode',0,0,0),(38,'Tools',0,0,0),(39,'Lesson Learned',0,0,0),(40,'Apresiasi Perusahaan (fast leaner, tekun, tanggung jawab)',0,0,0),(41,'Masukkan untuk JTK',0,0,0),(42,'Problem Solving',0,0,0),(43,'Karir',0,0,0),(44,'Persepsi Diri Pada Awal KP (Kemampuan Beradaptasi)',0,0,0),(45,'Persepsi Diri Antara Tengah KP (Menjalankan Tugas)',0,0,0);
/*!40000 ALTER TABLE `seminar_criteria` ENABLE KEYS */;
UNLOCK TABLES;

--
-- Table structure for table `seminar_form`
--

DROP TABLE IF EXISTS `seminar_form`;
/*!40101 SET @saved_cs_client     = @@character_set_client */;
/*!40101 SET character_set_client = utf8 */;
CREATE TABLE `seminar_form` (
  `id` int(11) NOT NULL AUTO_INCREMENT,
  `date_seminar` datetime DEFAULT NULL,
  `participant_id` int(11) NOT NULL,
  `examiner_id` int(10) unsigned DEFAULT NULL,
  `examiner_type` enum('1','2','3') DEFAULT NULL COMMENT '1 = pembimbing\r\n2 = penguji 1\r\n3 = penguji 2',
  `comment` varchar(255) DEFAULT NULL,
  `is_finalization` tinyint(1) DEFAULT 0,
  `total_value` float DEFAULT 0,
  PRIMARY KEY (`id`),
  KEY `seminar_form_FK` (`participant_id`),
  KEY `seminar_form_FK_1` (`examiner_id`),
  CONSTRAINT `seminar_form_FK` FOREIGN KEY (`participant_id`) REFERENCES `participant` (`id`),
  CONSTRAINT `seminar_form_FK_1` FOREIGN KEY (`examiner_id`) REFERENCES `account` (`id`)
) ENGINE=InnoDB AUTO_INCREMENT=51 DEFAULT CHARSET=utf8 COLLATE=utf8_unicode_ci;
/*!40101 SET character_set_client = @saved_cs_client */;

--
-- Dumping data for table `seminar_form`
--

LOCK TABLES `seminar_form` WRITE;
/*!40000 ALTER TABLE `seminar_form` DISABLE KEYS */;
INSERT INTO `seminar_form` VALUES (4,'2023-06-13 00:00:00',191511066,136,'1','tes',0,3.72),(5,'2023-05-27 00:00:00',191511066,134,'2','yes',0,6.51),(6,'2023-05-27 00:00:00',191511066,140,'3','cek',0,83.7),(7,'2022-05-01 00:00:00',191511001,NULL,'1',NULL,0,72.72),(8,'2022-05-01 00:00:00',191511001,NULL,'2',NULL,0,78.71),(9,'2022-05-01 00:00:00',191511001,NULL,'3',NULL,0,73.6),(10,'2023-05-01 00:00:00',191511071,133,'1',NULL,0,75.56),(11,'2023-05-01 00:00:00',191511071,134,'2',NULL,0,82.1),(12,'2023-05-01 00:00:00',191511071,140,'3',NULL,0,80.19),(13,'2023-05-01 00:00:00',191511067,135,'1',NULL,0,73.63),(14,'2023-05-01 00:00:00',191511067,136,'2',NULL,0,77.96),(15,'2023-05-01 00:00:00',191511067,138,'3',NULL,0,74.94),(16,'2023-05-01 00:00:00',191511068,134,'1',NULL,0,74.94),(17,'2023-05-01 00:00:00',191511068,136,'2',NULL,0,73.83),(18,'2023-05-01 00:00:00',191511068,139,'3',NULL,0,82.27),(22,'2023-05-01 00:00:00',191511072,133,'1',NULL,0,84.26),(23,'2023-05-01 00:00:00',191511072,134,'2',NULL,0,79.88),(24,'2023-05-01 00:00:00',191511072,140,'3',NULL,0,72.27),(25,'2023-05-01 00:00:00',191511073,136,'1',NULL,0,75.47),(26,'2023-05-01 00:00:00',191511073,137,'2',NULL,0,82.04),(27,'2023-05-01 00:00:00',191511073,141,'3',NULL,0,70.83),(33,NULL,191511065,NULL,'1',NULL,0,0),(34,NULL,191511065,NULL,'2',NULL,0,0),(35,NULL,191511065,NULL,'3',NULL,0,0),(36,'2024-05-10 00:00:00',191511076,133,'1','',0,76.63),(37,'2024-05-10 00:00:00',191511076,134,'2','',0,83.25),(38,'2024-05-10 00:00:00',191511076,138,'3',NULL,0,81.84),(39,'2024-05-10 00:00:00',191511077,133,'1',NULL,0,82.25),(40,'2024-05-10 00:00:00',191511077,134,'2',NULL,0,80.3),(41,'2024-05-10 00:00:00',191511077,139,'3',NULL,0,85.42),(42,'2024-05-10 00:00:00',191511078,133,'1',NULL,0,75.77),(43,'2024-05-10 00:00:00',191511078,134,'2',NULL,0,85.19),(44,'2024-05-10 00:00:00',191511078,140,'3',NULL,0,81.43),(45,'2024-05-10 00:00:00',191511079,133,'1',NULL,0,77.02),(46,'2024-05-10 00:00:00',191511079,134,'2',NULL,0,73.56),(47,'2024-05-10 00:00:00',191511079,141,'3',NULL,0,80.66),(48,NULL,191511090,NULL,'1',NULL,NULL,NULL),(49,NULL,191511090,NULL,'2',NULL,NULL,NULL),(50,NULL,191511090,NULL,'3',NULL,NULL,NULL);
/*!40000 ALTER TABLE `seminar_form` ENABLE KEYS */;
UNLOCK TABLES;

--
-- Table structure for table `seminar_values`
--

DROP TABLE IF EXISTS `seminar_values`;
/*!40101 SET @saved_cs_client     = @@character_set_client */;
/*!40101 SET character_set_client = utf8 */;
CREATE TABLE `seminar_values` (
  `id` int(11) NOT NULL AUTO_INCREMENT,
  `value` float DEFAULT NULL,
  `seminar_criteria_id` int(11) NOT NULL,
  `seminar_form_id` int(11) NOT NULL,
  PRIMARY KEY (`id`),
  KEY `seminar_criteria_id` (`seminar_criteria_id`),
  KEY `seminar_form_id` (`seminar_form_id`),
  CONSTRAINT `seminar_values_ibfk_1` FOREIGN KEY (`seminar_criteria_id`) REFERENCES `seminar_criteria` (`id`),
  CONSTRAINT `seminar_values_ibfk_2` FOREIGN KEY (`seminar_form_id`) REFERENCES `seminar_form` (`id`)
) ENGINE=InnoDB AUTO_INCREMENT=132 DEFAULT CHARSET=utf8 COLLATE=utf8_unicode_ci;
/*!40101 SET character_set_client = @saved_cs_client */;

--
-- Dumping data for table `seminar_values`
--

LOCK TABLES `seminar_values` WRITE;
/*!40000 ALTER TABLE `seminar_values` DISABLE KEYS */;
INSERT INTO `seminar_values` VALUES (16,9,12,4),(17,9,13,4),(18,9,14,4),(19,7,12,5),(20,7,13,5),(21,7,14,5),(22,90,12,6),(23,90,13,6),(24,90,14,6),(25,85,12,7),(26,76,13,7),(27,79,14,7),(28,74,12,8),(29,87,13,8),(30,92,14,8),(31,78,12,9),(32,80,13,9),(33,75,14,9),(34,81,12,10),(35,80,13,10),(37,95,12,11),(38,86,13,11),(39,90,14,11),(40,89,12,12),(41,87,13,12),(42,73,14,12),(43,94,12,13),(44,75,13,13),(45,76,14,13),(46,82,12,14),(47,84,13,14),(48,87,14,14),(49,84,12,15),(50,78,13,15),(51,93,14,15),(52,84,12,16),(53,78,13,16),(54,93,14,16),(55,91,12,17),(56,75,13,17),(57,86,14,17),(58,78,12,18),(59,91,13,18),(60,94,14,18),(70,81,12,22),(71,94,13,22),(72,87,14,22),(73,90,12,23),(74,84,13,23),(75,91,14,23),(76,86,12,24),(77,75,13,24),(78,79,14,24),(79,76,12,25),(80,83,13,25),(81,79,14,25),(82,87,12,26),(83,88,13,26),(84,93,14,26),(85,78,12,27),(86,75,13,27),(87,81,14,27),(88,92,14,10),(89,92,12,36),(90,79,13,36),(91,86,14,36),(92,82,12,37),(93,93,13,37),(94,80,14,37),(95,92,12,38),(96,88,13,38),(97,78,14,38),(98,77,12,39),(99,93,13,39),(100,80,14,39),(101,75,12,40),(102,90,13,40),(103,85,14,40),(104,86,12,41),(105,94,13,41),(106,89,14,41),(107,84,12,42),(108,81,13,42),(109,79,14,42),(110,84,12,43),(111,95,13,43),(112,83,14,43),(113,92,12,44),(114,87,13,44),(115,81,14,44),(116,94,12,45),(117,78,13,45),(118,94,14,45),(119,84,12,46),(120,76,13,46),(121,92,14,46),(122,93,12,47),(123,86,13,47),(124,77,14,47),(125,4,18,4),(126,4,20,4),(127,7,18,5),(128,7,20,5),(129,90,18,6),(130,90,20,6),(131,9,34,4);
/*!40000 ALTER TABLE `seminar_values` ENABLE KEYS */;
UNLOCK TABLES;

--
-- Table structure for table `supervisor_grade`
--

DROP TABLE IF EXISTS `supervisor_grade`;
/*!40101 SET @saved_cs_client     = @@character_set_client */;
/*!40101 SET character_set_client = utf8 */;
CREATE TABLE `supervisor_grade` (
  `id` int(11) NOT NULL AUTO_INCREMENT,
  `phase` int(3) DEFAULT NULL,
  `participant_id` int(11) DEFAULT NULL,
  `date` date DEFAULT NULL,
  `supervisor_id_grade` int(11) DEFAULT NULL,
  PRIMARY KEY (`id`),
  KEY `participant_id` (`participant_id`),
  KEY `supervisor_grade_FK` (`supervisor_id_grade`),
  CONSTRAINT `supervisor_grade_FK` FOREIGN KEY (`supervisor_id_grade`) REFERENCES `supervisor_mapping` (`id`),
  CONSTRAINT `supervisor_grade_ibfk_1` FOREIGN KEY (`participant_id`) REFERENCES `participant` (`id`)
) ENGINE=InnoDB AUTO_INCREMENT=32 DEFAULT CHARSET=utf8 COLLATE=utf8_unicode_ci COMMENT='replika, ???';
/*!40101 SET character_set_client = @saved_cs_client */;

--
-- Dumping data for table `supervisor_grade`
--

LOCK TABLES `supervisor_grade` WRITE;
/*!40000 ALTER TABLE `supervisor_grade` DISABLE KEYS */;
INSERT INTO `supervisor_grade` VALUES (1,1,191511066,NULL,1),(2,1,191511067,NULL,2),(3,1,191511068,NULL,3),(4,1,191511071,NULL,4),(5,1,191511072,NULL,5),(6,1,191511073,NULL,6),(7,2,191511066,NULL,1),(8,2,191511067,NULL,2),(9,2,191511068,NULL,3),(10,2,191511071,NULL,4),(11,2,191511072,NULL,5),(12,2,191511073,NULL,6),(13,3,191511066,NULL,1),(14,3,191511067,NULL,2),(15,3,191511068,NULL,3),(16,3,191511071,NULL,4),(17,3,191511072,NULL,5),(18,3,191511073,NULL,6),(19,1,191511076,NULL,5),(20,2,191511076,NULL,5),(21,3,191511076,NULL,5),(22,1,191511077,NULL,6),(23,2,191511077,NULL,6),(24,3,191511077,NULL,6),(25,1,191511078,NULL,2),(26,2,191511078,NULL,2),(27,3,191511078,NULL,2),(28,1,191511079,NULL,3),(29,2,191511079,NULL,3),(30,3,191511079,NULL,3),(31,1,191511090,'2023-06-15',1);
/*!40000 ALTER TABLE `supervisor_grade` ENABLE KEYS */;
UNLOCK TABLES;

--
-- Table structure for table `supervisor_grade_aspect`
--

DROP TABLE IF EXISTS `supervisor_grade_aspect`;
/*!40101 SET @saved_cs_client     = @@character_set_client */;
/*!40101 SET character_set_client = utf8 */;
CREATE TABLE `supervisor_grade_aspect` (
  `id` int(11) NOT NULL AUTO_INCREMENT,
  `description` varchar(255) NOT NULL,
  `grade_weight` float DEFAULT NULL,
  PRIMARY KEY (`id`)
) ENGINE=InnoDB AUTO_INCREMENT=5 DEFAULT CHARSET=utf8 COLLATE=utf8_unicode_ci COMMENT='replika, ???';
/*!40101 SET character_set_client = @saved_cs_client */;

--
-- Dumping data for table `supervisor_grade_aspect`
--

LOCK TABLES `supervisor_grade_aspect` WRITE;
/*!40000 ALTER TABLE `supervisor_grade_aspect` DISABLE KEYS */;
INSERT INTO `supervisor_grade_aspect` VALUES (1,'Nilai Proses Bimbingan',40),(2,'Nilai Laporan PKL',50),(3,'Lain - Lain',10),(4,'test aspect',10);
/*!40000 ALTER TABLE `supervisor_grade_aspect` ENABLE KEYS */;
UNLOCK TABLES;

--
-- Table structure for table `supervisor_grade_result`
--

DROP TABLE IF EXISTS `supervisor_grade_result`;
/*!40101 SET @saved_cs_client     = @@character_set_client */;
/*!40101 SET character_set_client = utf8 */;
CREATE TABLE `supervisor_grade_result` (
  `id` int(11) NOT NULL AUTO_INCREMENT,
  `grade` int(3) DEFAULT NULL,
  `supervisor_grade_id` int(11) DEFAULT NULL,
  `id_aspect_grade` int(11) DEFAULT NULL,
  PRIMARY KEY (`id`),
  KEY `mentor_form_id` (`supervisor_grade_id`),
  KEY `criteria_mentor_id` (`id_aspect_grade`),
  CONSTRAINT `supervisor_grade_result_ibfk_1` FOREIGN KEY (`supervisor_grade_id`) REFERENCES `supervisor_grade` (`id`),
  CONSTRAINT `supervisor_grade_result_ibfk_2` FOREIGN KEY (`id_aspect_grade`) REFERENCES `supervisor_grade_aspect` (`id`)
) ENGINE=InnoDB AUTO_INCREMENT=92 DEFAULT CHARSET=utf8 COLLATE=utf8_unicode_ci COMMENT='replika, ???';
/*!40101 SET character_set_client = @saved_cs_client */;

--
-- Dumping data for table `supervisor_grade_result`
--

LOCK TABLES `supervisor_grade_result` WRITE;
/*!40000 ALTER TABLE `supervisor_grade_result` DISABLE KEYS */;
INSERT INTO `supervisor_grade_result` VALUES (1,84,1,1),(2,84,1,2),(3,89,1,3),(4,86,2,1),(5,90,2,2),(6,88,2,3),(7,93,3,1),(8,87,3,2),(9,78,3,3),(10,83,4,1),(11,94,4,2),(12,86,4,3),(13,78,5,1),(14,77,5,2),(15,83,5,3),(16,90,6,1),(17,88,6,2),(18,87,6,3),(19,87,7,1),(20,95,7,2),(21,77,7,3),(22,84,8,1),(23,78,8,2),(24,94,8,3),(25,92,9,1),(26,93,9,2),(27,86,9,3),(28,94,10,1),(29,87,10,2),(30,85,10,3),(31,80,11,1),(32,83,11,2),(33,78,11,3),(34,85,12,1),(35,82,12,2),(36,91,12,3),(37,94,13,1),(38,85,13,2),(39,80,13,3),(40,93,14,1),(41,95,14,2),(42,91,14,3),(43,84,15,1),(44,90,15,2),(45,82,15,3),(46,91,16,1),(47,92,16,2),(48,95,16,3),(49,86,17,1),(50,85,17,2),(51,76,17,3),(52,87,18,1),(53,82,18,2),(54,89,18,3),(55,91,19,1),(56,84,19,2),(57,75,19,3),(58,82,20,1),(59,71,20,2),(60,70,20,3),(61,93,21,1),(62,82,21,2),(63,73,21,3),(64,72,22,1),(65,94,22,2),(66,94,22,3),(67,92,23,1),(68,93,23,2),(69,92,23,3),(70,83,24,1),(71,84,24,2),(72,78,24,3),(73,92,25,1),(74,86,25,2),(75,82,25,3),(76,86,26,1),(77,81,26,2),(78,72,26,3),(79,81,27,1),(80,76,27,2),(81,92,27,3),(82,78,28,1),(83,89,28,2),(84,73,28,3),(85,90,29,1),(86,84,29,2),(87,90,29,3),(88,88,30,1),(89,73,30,2),(90,91,30,3),(91,80,31,1);
/*!40000 ALTER TABLE `supervisor_grade_result` ENABLE KEYS */;
UNLOCK TABLES;

--
-- Table structure for table `supervisor_mapping`
--

DROP TABLE IF EXISTS `supervisor_mapping`;
/*!40101 SET @saved_cs_client     = @@character_set_client */;
/*!40101 SET character_set_client = utf8 */;
CREATE TABLE `supervisor_mapping` (
  `id` int(11) NOT NULL AUTO_INCREMENT,
  `mapping_date` date DEFAULT NULL,
  `company_id_mapping` int(11) NOT NULL,
  `participant_id_mapping` int(11) NOT NULL,
  `supervisor_id_mapping` int(10) unsigned NOT NULL,
  `prodi_id` int(11) NOT NULL,
  PRIMARY KEY (`id`),
  KEY `supervisor_mapping_FK_1` (`company_id_mapping`),
  KEY `supervisor_mapping_FK` (`participant_id_mapping`),
  KEY `supervisor_mapping_FK_2` (`supervisor_id_mapping`),
  CONSTRAINT `supervisor_mapping_FK` FOREIGN KEY (`participant_id_mapping`) REFERENCES `participant` (`id`),
  CONSTRAINT `supervisor_mapping_FK_1` FOREIGN KEY (`company_id_mapping`) REFERENCES `company` (`id`),
  CONSTRAINT `supervisor_mapping_FK_2` FOREIGN KEY (`supervisor_id_mapping`) REFERENCES `account` (`id`)
) ENGINE=InnoDB AUTO_INCREMENT=8 DEFAULT CHARSET=utf8mb4 COLLATE=utf8mb4_general_ci COMMENT='replika, ???';
/*!40101 SET character_set_client = @saved_cs_client */;

--
-- Dumping data for table `supervisor_mapping`
--

LOCK TABLES `supervisor_mapping` WRITE;
/*!40000 ALTER TABLE `supervisor_mapping` DISABLE KEYS */;
INSERT INTO `supervisor_mapping` VALUES (1,NULL,30,191511066,138,0),(2,NULL,30,191511067,138,0),(3,NULL,31,191511068,139,0),(4,NULL,34,191511071,140,1),(5,NULL,34,191511073,140,1),(6,NULL,39,191511072,141,1),(7,'2023-06-15',44,191511090,1,1);
/*!40000 ALTER TABLE `supervisor_mapping` ENABLE KEYS */;
UNLOCK TABLES;

--
-- Table structure for table `timeline_setting`
--

DROP TABLE IF EXISTS `timeline_setting`;
/*!40101 SET @saved_cs_client     = @@character_set_client */;
/*!40101 SET character_set_client = utf8 */;
CREATE TABLE `timeline_setting` (
  `id` int(11) NOT NULL AUTO_INCREMENT,
  `name` varchar(255) NOT NULL,
  `start_date` date NOT NULL,
  `end_date` date NOT NULL,
  `prodi_id` int(11) NOT NULL,
  `description` varchar(255) NOT NULL,
  PRIMARY KEY (`id`)
) ENGINE=InnoDB AUTO_INCREMENT=73 DEFAULT CHARSET=utf8 COLLATE=utf8_unicode_ci COMMENT='replika, managementContent';
/*!40101 SET character_set_client = @saved_cs_client */;

--
-- Dumping data for table `timeline_setting`
--

LOCK TABLES `timeline_setting` WRITE;
/*!40000 ALTER TABLE `timeline_setting` DISABLE KEYS */;
INSERT INTO `timeline_setting` VALUES (1,'Sosialisasi 1','2021-04-01','2021-04-07',0,'Penyampaian mekanisme + prosedur KP/PKL'),(2,'Pengumpulan CV','2021-04-08','2023-05-03',0,'Pengumpulan CV'),(3,'Pencarian perusahaan','2021-04-01','2023-07-07',0,'Pencarian perusahaan'),(4,'Pengumpulan prerequisite','2021-04-21','2023-06-14',0,'Pengiriman surat penjagaan'),(5,'Waiting response','2021-05-01','2021-06-21',0,'Merekap Perusahaan penerima KP/PKL'),(7,'Penanganan pembatalan perusahaan penerima KP/PKL','2021-07-28','2021-07-07',0,'Penanganan pembatalan perusahaan penerima KP/PKL'),(8,'Pemilihan dosen pembimbing','2021-07-01','2021-07-07',0,'Pemilihan dosen pembimbing'),(9,'Sosialisasi 2','2021-07-07','2021-07-10',0,'Menyampaikan hasik mapping'),(10,'Persiapan acara pembekalan','2021-07-07','2021-07-14',0,'Persiapan acara pembekalan'),(11,'Pembekalan dan pelepasan KP/PKL','2021-07-15','2021-07-21',0,'Pembekalan dan pelepasan KP/PKL'),(12,'Pelaksanaan KP','2023-06-05','2023-09-29',0,'Pelaksanaan KP'),(13,'Pelaksanaan PKL','2023-06-05','2023-09-29',1,'Pelaksanaan PKL'),(14,'Evaluasi KP','2021-10-08','2023-10-14',0,'Evaluasi KP'),(15,'Evaluasi PKL 1','2021-09-02','2021-10-05',1,'Evaluasi PKL 1'),(16,'Evaluasi PKL 2','2021-10-02','2021-10-10',1,'Evaluasi PKL 2'),(17,'Evaluasi PKL 3','2021-10-10','2023-12-01',1,'Evaluasi PKL 3'),(18,'Sosialisasi 3 KP','2021-10-08','2021-10-14',0,'Sosialisasi 3 KP'),(19,'Sosialisasi 3 PKL','2021-12-01','2021-12-07',1,'Sosialisasi 3 PKL'),(20,'Seminar KP','2021-10-15','2021-11-07',0,'Seminar KP'),(21,'Seminar PKL','2021-12-08','2022-01-07',1,'Seminar PKL'),(22,'Pengumpulan Laporan KP','2021-10-22','2023-11-28',0,'Pengumpulan Laporan KP'),(23,'Pengumpulan Laporan PKL','2021-12-18','2023-01-21',1,'Pengumpulan Laporan PKL'),(24,'Sosialisasi 1','2021-04-01','2021-04-07',1,'Penyampaian mekanisme + prosedur KP/PKL'),(25,'Waiting response','2021-05-01','2021-06-21',1,'Merekap Perusahaan penerima KP/PKL'),(26,'Penanganan pembatalan perusahaan penerima KP/PKL','2021-07-28','2021-07-07',1,'Penanganan pembatalan perusahaan penerima KP/PKL'),(27,'Pemilihan dosen pembimbing','2021-07-01','2021-07-07',1,'Pemilihan dosen pembimbing'),(28,'Sosialisasi 2','2021-07-07','2021-07-10',1,'Menyampaikan hasik mapping'),(29,'Persiapan acara pembekalan','2021-07-07','2021-07-14',1,'Persiapan acara pembekalan'),(30,'Pembekalan dan pelepasan KP/PKL','2021-07-15','2021-07-21',1,'Pembekalan dan pelepasan KP/PKL'),(66,'Pembimbing KP 1','2023-06-05','2023-09-29',0,'phase 1'),(67,'Pembimbing KP 2','2023-09-29','2023-09-29',0,'phase 2'),(68,'Pembimbing KP 3','2023-09-29','2023-09-29',0,'phase 3'),(69,'Pembimbing PKL 1','2023-06-05','2023-09-29',0,'phase 1'),(70,'Pembimbing PKL 2','2023-09-29','2023-09-29',0,'phase 2'),(71,'Pembimbing PKL 3','2023-09-29','2023-09-29',0,'phase 3'),(72,'test timeline','2021-04-01','2021-04-01',1,'no description');
/*!40000 ALTER TABLE `timeline_setting` ENABLE KEYS */;
UNLOCK TABLES;

--
-- Table structure for table `total_components`
--

DROP TABLE IF EXISTS `total_components`;
/*!40101 SET @saved_cs_client     = @@character_set_client */;
/*!40101 SET character_set_client = utf8 */;
CREATE TABLE `total_components` (
  `id` int(10) unsigned NOT NULL AUTO_INCREMENT,
  `component_id` int(11) DEFAULT NULL,
  `participant_id` int(11) DEFAULT NULL,
  `value` float DEFAULT NULL,
  `course_id` int(11) DEFAULT NULL,
  PRIMARY KEY (`id`),
  KEY `participant_id` (`participant_id`),
  KEY `component_id` (`component_id`),
  CONSTRAINT `total_components_ibfk_1` FOREIGN KEY (`participant_id`) REFERENCES `participant` (`id`),
  CONSTRAINT `total_components_ibfk_2` FOREIGN KEY (`component_id`) REFERENCES `component_course` (`id`)
) ENGINE=InnoDB AUTO_INCREMENT=235 DEFAULT CHARSET=utf8mb4 COLLATE=utf8mb4_general_ci;
/*!40101 SET character_set_client = @saved_cs_client */;

--
-- Dumping data for table `total_components`
--

LOCK TABLES `total_components` WRITE;
/*!40000 ALTER TABLE `total_components` DISABLE KEYS */;
INSERT INTO `total_components` VALUES (1,1,191511071,80.3333,NULL),(2,2,191511071,0,NULL),(3,3,191511071,83.3333,NULL),(4,4,191511071,0,NULL),(5,5,191511071,79.5,NULL),(6,6,191511071,0,NULL),(7,1,191511072,78.3333,NULL),(8,2,191511072,0,NULL),(9,3,191511072,79.3333,NULL),(10,4,191511072,0,NULL),(11,5,191511072,85,NULL),(12,6,191511072,0,NULL),(13,1,191511073,81.3333,NULL),(14,2,191511073,0,NULL),(15,3,191511073,78.3333,NULL),(16,4,191511073,0,NULL),(17,5,191511073,87,NULL),(18,6,191511073,0,NULL),(19,13,191511071,0,NULL),(20,14,191511071,0,NULL),(21,15,191511071,0,NULL),(22,16,191511071,0,NULL),(23,17,191511071,0,NULL),(24,18,191511071,0,NULL),(25,13,191511072,0,NULL),(26,14,191511072,0,NULL),(27,15,191511072,0,NULL),(28,16,191511072,0,NULL),(29,17,191511072,0,NULL),(30,18,191511072,0,NULL),(31,13,191511073,0,NULL),(32,14,191511073,0,NULL),(33,15,191511073,0,NULL),(34,16,191511073,0,NULL),(35,17,191511073,0,NULL),(36,18,191511073,0,NULL),(37,19,191511071,0,NULL),(38,20,191511071,0,NULL),(39,21,191511071,0,NULL),(40,22,191511071,0,NULL),(41,23,191511071,0,NULL),(42,24,191511071,0,NULL),(43,19,191511072,0,NULL),(44,20,191511072,0,NULL),(45,21,191511072,0,NULL),(46,22,191511072,0,NULL),(47,23,191511072,0,NULL),(48,24,191511072,0,NULL),(49,19,191511073,0,NULL),(50,20,191511073,0,NULL),(51,21,191511073,0,NULL),(52,22,191511073,0,NULL),(53,23,191511073,0,NULL),(54,24,191511073,0,NULL),(55,25,191511071,0,NULL),(56,26,191511071,0,NULL),(57,27,191511071,0,NULL),(58,28,191511071,0,NULL),(59,29,191511071,0,NULL),(60,30,191511071,0,NULL),(61,25,191511072,0,NULL),(62,26,191511072,0,NULL),(63,27,191511072,0,NULL),(64,28,191511072,0,NULL),(65,29,191511072,0,NULL),(66,30,191511072,0,NULL),(67,25,191511073,0,NULL),(68,26,191511073,0,NULL),(69,27,191511073,0,NULL),(70,28,191511073,0,NULL),(71,29,191511073,0,NULL),(72,30,191511073,0,NULL),(73,193,191511071,0,NULL),(74,194,191511071,0,NULL),(75,195,191511071,0,NULL),(76,196,191511071,0,NULL),(77,197,191511071,0,NULL),(78,198,191511071,0,NULL),(79,193,191511072,0,NULL),(80,194,191511072,0,NULL),(81,195,191511072,0,NULL),(82,196,191511072,0,NULL),(83,197,191511072,0,NULL),(84,198,191511072,0,NULL),(85,193,191511073,0,NULL),(86,194,191511073,0,NULL),(87,195,191511073,0,NULL),(88,196,191511073,0,NULL),(89,197,191511073,0,NULL),(90,198,191511073,0,NULL),(91,31,191511066,0,NULL),(92,32,191511066,0,NULL),(93,33,191511066,0,NULL),(94,34,191511066,0,NULL),(95,35,191511066,0,NULL),(96,36,191511066,0,NULL),(97,31,191511067,0,NULL),(98,32,191511067,0,NULL),(99,33,191511067,0,NULL),(100,34,191511067,0,NULL),(101,35,191511067,0,NULL),(102,36,191511067,0,NULL),(103,31,191511068,0,NULL),(104,32,191511068,0,NULL),(105,33,191511068,0,NULL),(106,34,191511068,0,NULL),(107,35,191511068,0,NULL),(108,36,191511068,0,NULL),(109,37,191511066,0,NULL),(110,38,191511066,0,NULL),(111,39,191511066,0,NULL),(112,40,191511066,0,NULL),(113,41,191511066,0,NULL),(114,42,191511066,0,NULL),(115,37,191511067,0,NULL),(116,38,191511067,0,NULL),(117,39,191511067,0,NULL),(118,40,191511067,0,NULL),(119,41,191511067,0,NULL),(120,42,191511067,0,NULL),(121,37,191511068,0,NULL),(122,38,191511068,0,NULL),(123,39,191511068,0,NULL),(124,40,191511068,0,NULL),(125,41,191511068,0,NULL),(126,42,191511068,0,NULL),(127,43,191511066,0,NULL),(128,44,191511066,0,NULL),(129,45,191511066,0,NULL),(130,46,191511066,0,NULL),(131,47,191511066,0,NULL),(132,48,191511066,0,NULL),(133,43,191511067,0,NULL),(134,44,191511067,0,NULL),(135,45,191511067,0,NULL),(136,46,191511067,0,NULL),(137,47,191511067,0,NULL),(138,48,191511067,0,NULL),(139,43,191511068,0,NULL),(140,44,191511068,0,NULL),(141,45,191511068,0,NULL),(142,46,191511068,0,NULL),(143,47,191511068,0,NULL),(144,48,191511068,0,NULL),(145,49,191511066,0,NULL),(146,50,191511066,0,NULL),(147,51,191511066,0,NULL),(148,52,191511066,0,NULL),(149,53,191511066,0,NULL),(150,54,191511066,0,NULL),(151,49,191511067,0,NULL),(152,50,191511067,0,NULL),(153,51,191511067,0,NULL),(154,52,191511067,0,NULL),(155,53,191511067,0,NULL),(156,54,191511067,0,NULL),(157,49,191511068,0,NULL),(158,50,191511068,0,NULL),(159,51,191511068,0,NULL),(160,52,191511068,0,NULL),(161,53,191511068,0,NULL),(162,54,191511068,0,NULL),(163,55,191511066,0,NULL),(164,56,191511066,0,NULL),(165,57,191511066,0,NULL),(166,58,191511066,0,NULL),(167,59,191511066,0,NULL),(168,60,191511066,0,NULL),(169,55,191511067,0,NULL),(170,56,191511067,0,NULL),(171,57,191511067,0,NULL),(172,58,191511067,0,NULL),(173,59,191511067,0,NULL),(174,60,191511067,0,NULL),(175,55,191511068,0,NULL),(176,56,191511068,0,NULL),(177,57,191511068,0,NULL),(178,58,191511068,0,NULL),(179,59,191511068,0,NULL),(180,60,191511068,0,NULL),(181,205,191511066,0,NULL),(182,206,191511066,0,NULL),(183,207,191511066,0,NULL),(184,208,191511066,0,NULL),(185,209,191511066,0,NULL),(186,210,191511066,0,NULL),(187,205,191511067,0,NULL),(188,206,191511067,0,NULL),(189,207,191511067,0,NULL),(190,208,191511067,0,NULL),(191,209,191511067,0,NULL),(192,210,191511067,0,NULL),(193,205,191511068,0,NULL),(194,206,191511068,0,NULL),(195,207,191511068,0,NULL),(196,208,191511068,0,NULL),(197,209,191511068,0,NULL),(198,210,191511068,0,NULL),(199,211,191511066,0,NULL),(200,212,191511066,0,NULL),(201,213,191511066,0,NULL),(202,214,191511066,0,NULL),(203,215,191511066,0,NULL),(204,216,191511066,0,NULL),(205,211,191511067,0,NULL),(206,212,191511067,0,NULL),(207,213,191511067,0,NULL),(208,214,191511067,0,NULL),(209,215,191511067,0,NULL),(210,216,191511067,0,NULL),(211,211,191511068,0,NULL),(212,212,191511068,0,NULL),(213,213,191511068,0,NULL),(214,214,191511068,0,NULL),(215,215,191511068,0,NULL),(216,216,191511068,0,NULL),(217,7,191511066,0,NULL),(218,8,191511066,7,NULL),(219,9,191511066,0,NULL),(220,10,191511066,0,NULL),(221,11,191511066,87,NULL),(222,12,191511066,0,NULL),(223,7,191511067,0,NULL),(224,8,191511067,87,NULL),(225,9,191511067,0,NULL),(226,10,191511067,0,NULL),(227,11,191511067,84,NULL),(228,12,191511067,0,NULL),(229,7,191511068,0,NULL),(230,8,191511068,86,NULL),(231,9,191511068,0,NULL),(232,10,191511068,0,NULL),(233,11,191511068,74,NULL),(234,12,191511068,0,NULL);
/*!40000 ALTER TABLE `total_components` ENABLE KEYS */;
UNLOCK TABLES;

--
-- Table structure for table `total_courses`
--

DROP TABLE IF EXISTS `total_courses`;
/*!40101 SET @saved_cs_client     = @@character_set_client */;
/*!40101 SET character_set_client = utf8 */;
CREATE TABLE `total_courses` (
  `id` int(10) unsigned NOT NULL AUTO_INCREMENT,
  `course_id` int(11) DEFAULT NULL,
  `participant_id` int(11) DEFAULT NULL,
  `value` float DEFAULT NULL,
  PRIMARY KEY (`id`),
  KEY `participant_id` (`participant_id`),
  KEY `course_id` (`course_id`),
  CONSTRAINT `total_courses_ibfk_1` FOREIGN KEY (`participant_id`) REFERENCES `participant` (`id`),
  CONSTRAINT `total_courses_ibfk_2` FOREIGN KEY (`course_id`) REFERENCES `course_form` (`id`)
) ENGINE=InnoDB AUTO_INCREMENT=40 DEFAULT CHARSET=utf8mb4 COLLATE=utf8mb4_general_ci;
/*!40101 SET character_set_client = @saved_cs_client */;

--
-- Dumping data for table `total_courses`
--

LOCK TABLES `total_courses` WRITE;
/*!40000 ALTER TABLE `total_courses` DISABLE KEYS */;
INSERT INTO `total_courses` VALUES (1,16,191511071,80.85),(2,16,191511072,79.2),(3,16,191511073,81.3),(4,17,191511071,0),(5,17,191511072,0),(6,17,191511073,0),(7,18,191511071,0),(8,18,191511072,0),(9,18,191511073,0),(10,19,191511071,0),(11,19,191511072,0),(12,19,191511073,0),(13,20,191511071,0),(14,20,191511072,0),(15,20,191511073,0),(16,48,191511071,0),(17,48,191511072,0),(18,48,191511073,0),(19,21,191511066,0),(20,21,191511067,0),(21,21,191511068,0),(22,22,191511066,0),(23,22,191511067,0),(24,22,191511068,0),(25,23,191511066,0),(26,23,191511067,0),(27,23,191511068,0),(28,24,191511066,0),(29,24,191511067,0),(30,24,191511068,0),(31,25,191511066,0),(32,25,191511067,0),(33,25,191511068,0),(34,50,191511066,10.1),(35,50,191511067,25.8),(36,50,191511068,24.6),(37,51,191511066,0),(38,51,191511067,0),(39,51,191511068,0);
/*!40000 ALTER TABLE `total_courses` ENABLE KEYS */;
UNLOCK TABLES;

--
-- Table structure for table `valuation`
--

DROP TABLE IF EXISTS `valuation`;
/*!40101 SET @saved_cs_client     = @@character_set_client */;
/*!40101 SET character_set_client = utf8 */;
CREATE TABLE `valuation` (
  `id` int(11) NOT NULL AUTO_INCREMENT,
  `aspect_name` varchar(255) NOT NULL,
  `value` int(11) NOT NULL,
  `evaluation_id` int(11) NOT NULL,
  `is_core` bit(1) DEFAULT NULL,
  PRIMARY KEY (`id`),
  KEY `FKl2tnyaksxowruarlgf57c2rn3` (`evaluation_id`),
  CONSTRAINT `FKl2tnyaksxowruarlgf57c2rn3` FOREIGN KEY (`evaluation_id`) REFERENCES `evaluation` (`id`)
) ENGINE=InnoDB AUTO_INCREMENT=193 DEFAULT CHARSET=utf8 COLLATE=utf8_unicode_ci COMMENT='replika, industri, terdapat tambahan aspect id';
/*!40101 SET character_set_client = @saved_cs_client */;

--
-- Dumping data for table `valuation`
--

LOCK TABLES `valuation` WRITE;
/*!40000 ALTER TABLE `valuation` DISABLE KEYS */;
INSERT INTO `valuation` VALUES (1,'Kemampuan teknik',78,1,NULL),(2,'Kemampuan memahami domain pekerjaan',81,1,NULL),(3,'Inisiatif dalam penyelesaian solusi (baik terhadap masalah teknis maupun non-teknis)',78,1,NULL),(4,'Disiplin/punctuality',78,1,NULL),(5,'Kemampuan komunikasi/presentasi',81,1,NULL),(6,'Kemampuan interaksi dengan lingkungan baik dalam kondisi WFO dan WFH (khusus situasi pandem Covid-19)',83,1,NULL),(7,'Kemampuan beradaptasi dengan lingkungan',72,1,NULL),(8,'Kemampuan dokumentasi',81,1,NULL),(9,'Kualifikasi peserta KP dalam menyelesaikan pekerjaan di perusahaan',85,1,NULL),(10,'Kemampuan teknik',80,2,NULL),(11,'Kemampuan memahami domain pekerjaan',73,2,NULL),(12,'Inisiatif dalam penyelesaian solusi (baik terhadap masalah teknis maupun non-teknis)',78,2,NULL),(13,'Disiplin/punctuality',74,2,NULL),(14,'Kemampuan komunikasi/presentasi',77,2,NULL),(15,'Kemampuan interaksi dengan lingkungan baik dalam kondisi WFO dan WFH (khusus situasi pandem Covid-19)',77,2,NULL),(16,'Kemampuan beradaptasi dengan lingkungan',74,2,NULL),(17,'Kemampuan dokumentasi',78,2,NULL),(18,'Kualifikasi peserta KP dalam menyelesaikan pekerjaan di perusahaan',71,2,NULL),(19,'Kemampuan teknik',87,10,NULL),(20,'Kemampuan memahami domain pekerjaan',78,10,NULL),(21,'Inisiatif dalam penyelesaian solusi (baik terhadap masalah teknis maupun non-teknis)',77,10,NULL),(22,'Disiplin/punctuality',73,10,NULL),(23,'Kemampuan komunikasi/presentasi',70,10,NULL),(24,'Kemampuan interaksi dengan lingkungan baik dalam kondisi WFO dan WFH (khusus situasi pandem Covid-19)',78,10,NULL),(25,'Kemampuan beradaptasi dengan lingkungan',79,10,NULL),(26,'Kemampuan dokumentasi',90,10,NULL),(27,'Kualifikasi peserta KP dalam menyelesaikan pekerjaan di perusahaan',86,10,NULL),(28,'Kemampuan teknik',75,3,NULL),(29,'Kemampuan memahami domain pekerjaan',83,3,NULL),(30,'Inisiatif dalam penyelesaian solusi (baik terhadap masalah teknis maupun non-teknis)',83,3,NULL),(31,'Disiplin/punctuality',88,3,NULL),(32,'Kemampuan komunikasi/presentasi',79,3,NULL),(33,'Kemampuan interaksi dengan lingkungan baik dalam kondisi WFO dan WFH (khusus situasi pandem Covid-19)',76,3,NULL),(34,'Kemampuan beradaptasi dengan lingkungan',88,3,NULL),(35,'Kemampuan dokumentasi',77,3,NULL),(36,'Kualifikasi peserta KP dalam menyelesaikan pekerjaan di perusahaan',78,3,NULL),(37,'Kemampuan teknik',74,19,NULL),(38,'Kemampuan memahami domain pekerjaan',83,19,NULL),(39,'Inisiatif dalam penyelesaian solusi (baik terhadap masalah teknis maupun non-teknis)',79,19,NULL),(40,'Disiplin/punctuality',81,19,NULL),(41,'Kemampuan komunikasi/presentasi',84,19,NULL),(42,'Kemampuan interaksi dengan lingkungan baik dalam kondisi WFO dan WFH (khusus situasi pandem Covid-19)',80,19,NULL),(43,'Kemampuan beradaptasi dengan lingkungan',71,19,NULL),(44,'Kemampuan dokumentasi',74,19,NULL),(45,'Kualifikasi peserta KP dalam menyelesaikan pekerjaan di perusahaan',87,19,NULL),(46,'Kemampuan teknik',74,22,NULL),(47,'Kemampuan memahami domain pekerjaan',80,22,NULL),(48,'Inisiatif dalam penyelesaian solusi (baik terhadap masalah teknis maupun non-teknis)',76,22,NULL),(49,'Disiplin/punctuality',70,22,NULL),(50,'Kemampuan komunikasi/presentasi',80,22,NULL),(51,'Kemampuan interaksi dengan lingkungan baik dalam kondisi WFO dan WFH (khusus situasi pandem Covid-19)',86,22,NULL),(52,'Kemampuan beradaptasi dengan lingkungan',75,22,NULL),(53,'Kemampuan dokumentasi',85,22,NULL),(54,'Kualifikasi peserta KP dalam menyelesaikan pekerjaan di perusahaan',88,22,NULL),(55,'Kemampuan teknik',83,4,NULL),(56,'Kemampuan memahami domain pekerjaan',84,4,NULL),(57,'Inisiatif dalam penyelesaian solusi (baik terhadap masalah teknis maupun non-teknis)',81,4,NULL),(58,'Disiplin/punctuality',74,4,NULL),(59,'Kemampuan komunikasi/presentasi',82,4,NULL),(60,'Kemampuan interaksi dengan lingkungan baik dalam kondisi WFO dan WFH (khusus situasi pandem Covid-19)',80,4,NULL),(61,'Kemampuan beradaptasi dengan lingkungan',85,4,NULL),(62,'Kemampuan dokumentasi',83,4,NULL),(63,'Kualifikasi peserta KP dalam menyelesaikan pekerjaan di perusahaan',82,4,NULL),(64,'Kemampuan teknik',78,20,NULL),(65,'Kemampuan memahami domain pekerjaan',78,20,NULL),(66,'Inisiatif dalam penyelesaian solusi (baik terhadap masalah teknis maupun non-teknis)',77,20,NULL),(67,'Disiplin/punctuality',82,20,NULL),(68,'Kemampuan komunikasi/presentasi',89,20,NULL),(69,'Kemampuan interaksi dengan lingkungan baik dalam kondisi WFO dan WFH (khusus situasi pandem Covid-19)',81,20,NULL),(70,'Kemampuan beradaptasi dengan lingkungan',84,20,NULL),(71,'Kemampuan dokumentasi',71,20,NULL),(72,'Kualifikasi peserta KP dalam menyelesaikan pekerjaan di perusahaan',71,20,NULL),(73,'Kemampuan teknik',79,23,NULL),(74,'Kemampuan memahami domain pekerjaan',85,23,NULL),(75,'Inisiatif dalam penyelesaian solusi (baik terhadap masalah teknis maupun non-teknis)',78,23,NULL),(76,'Disiplin/punctuality',87,23,NULL),(77,'Kemampuan komunikasi/presentasi',77,23,NULL),(78,'Kemampuan interaksi dengan lingkungan baik dalam kondisi WFO dan WFH (khusus situasi pandem Covid-19)',84,23,NULL),(79,'Kemampuan beradaptasi dengan lingkungan',72,23,NULL),(80,'Kemampuan dokumentasi',90,23,NULL),(81,'Kualifikasi peserta KP dalam menyelesaikan pekerjaan di perusahaan',76,23,NULL),(82,'Kemampuan teknik',84,5,NULL),(83,'Kemampuan memahami domain pekerjaan',85,5,NULL),(84,'Inisiatif dalam penyelesaian solusi (baik terhadap masalah teknis maupun non-teknis)',76,5,NULL),(85,'Disiplin/punctuality',70,5,NULL),(86,'Kemampuan komunikasi/presentasi',74,5,NULL),(87,'Kemampuan interaksi dengan lingkungan baik dalam kondisi WFO dan WFH (khusus situasi pandem Covid-19)',87,5,NULL),(88,'Kemampuan beradaptasi dengan lingkungan',78,5,NULL),(89,'Kemampuan dokumentasi',72,5,NULL),(90,'Kualifikasi peserta KP dalam menyelesaikan pekerjaan di perusahaan',85,5,NULL),(91,'Kemampuan teknik',82,21,NULL),(92,'Kemampuan memahami domain pekerjaan',73,21,NULL),(93,'Inisiatif dalam penyelesaian solusi (baik terhadap masalah teknis maupun non-teknis)',70,21,NULL),(94,'Disiplin/punctuality',79,21,NULL),(95,'Kemampuan komunikasi/presentasi',77,21,NULL),(96,'Kemampuan interaksi dengan lingkungan baik dalam kondisi WFO dan WFH (khusus situasi pandem Covid-19)',70,21,NULL),(97,'Kemampuan beradaptasi dengan lingkungan',87,21,NULL),(98,'Kemampuan dokumentasi',81,21,NULL),(99,'Kualifikasi peserta KP dalam menyelesaikan pekerjaan di perusahaan',78,21,NULL),(100,'Kemampuan teknik',83,24,NULL),(101,'Kemampuan memahami domain pekerjaan',90,24,NULL),(102,'Inisiatif dalam penyelesaian solusi (baik terhadap masalah teknis maupun non-teknis)',86,24,NULL),(103,'Disiplin/punctuality',78,24,NULL),(104,'Kemampuan komunikasi/presentasi',76,24,NULL),(105,'Kemampuan interaksi dengan lingkungan baik dalam kondisi WFO dan WFH (khusus situasi pandem Covid-19)',74,24,NULL),(106,'Kemampuan beradaptasi dengan lingkungan',82,24,NULL),(107,'Kemampuan dokumentasi',77,24,NULL),(108,'Kualifikasi peserta KP dalam menyelesaikan pekerjaan di perusahaan',75,24,NULL),(109,'Kemampuan teknik',87,31,NULL),(110,'Kemampuan memahami domain pekerjaan',72,31,NULL),(111,'Inisiatif dalam penyelesaian solusi (baik terhadap masalah teknis maupun non-teknis)',81,31,NULL),(112,'Disiplin/punctuality',77,31,NULL),(113,'Kemampuan komunikasi/presentasi',88,31,NULL),(114,'Kemampuan interaksi dengan lingkungan baik dalam kondisi WFO dan WFH (khusus situasi pandem Covid-19)',82,31,NULL),(115,'Kemampuan beradaptasi dengan lingkungan',85,31,NULL),(116,'Kemampuan dokumentasi',84,31,NULL),(117,'Kualifikasi peserta KP dalam menyelesaikan pekerjaan di perusahaan',78,31,NULL),(118,'Kemampuan teknik',71,32,NULL),(119,'Kemampuan memahami domain pekerjaan',83,32,NULL),(120,'Inisiatif dalam penyelesaian solusi (baik terhadap masalah teknis maupun non-teknis)',71,32,NULL),(121,'Disiplin/punctuality',87,32,NULL),(122,'Kemampuan komunikasi/presentasi',85,32,NULL),(123,'Kemampuan interaksi dengan lingkungan baik dalam kondisi WFO dan WFH (khusus situasi pandem Covid-19)',75,32,NULL),(124,'Kemampuan beradaptasi dengan lingkungan',83,32,NULL),(125,'Kemampuan dokumentasi',86,32,NULL),(126,'Kualifikasi peserta KP dalam menyelesaikan pekerjaan di perusahaan',74,32,NULL),(127,'Kemampuan teknik',81,33,NULL),(128,'Kemampuan memahami domain pekerjaan',86,33,NULL),(129,'Inisiatif dalam penyelesaian solusi (baik terhadap masalah teknis maupun non-teknis)',86,33,NULL),(130,'Disiplin/punctuality',76,33,NULL),(131,'Kemampuan komunikasi/presentasi',90,33,NULL),(132,'Kemampuan interaksi dengan lingkungan baik dalam kondisi WFO dan WFH (khusus situasi pandem Covid-19)',76,33,NULL),(133,'Kemampuan beradaptasi dengan lingkungan',88,33,NULL),(134,'Kemampuan dokumentasi',73,33,NULL),(135,'Kualifikasi peserta KP dalam menyelesaikan pekerjaan di perusahaan',73,33,NULL),(136,'Kemampuan teknik',70,34,NULL),(137,'Kemampuan memahami domain pekerjaan',78,34,NULL),(138,'Inisiatif dalam penyelesaian solusi (baik terhadap masalah teknis maupun non-teknis)',87,34,NULL),(139,'Disiplin/punctuality',76,34,NULL),(140,'Kemampuan komunikasi/presentasi',88,34,NULL),(141,'Kemampuan interaksi dengan lingkungan baik dalam kondisi WFO dan WFH (khusus situasi pandem Covid-19)',72,34,NULL),(142,'Kemampuan beradaptasi dengan lingkungan',87,34,NULL),(143,'Kemampuan dokumentasi',74,34,NULL),(144,'Kualifikasi peserta KP dalam menyelesaikan pekerjaan di perusahaan',87,34,NULL),(145,'Kemampuan teknik',83,35,NULL),(146,'Kemampuan memahami domain pekerjaan',75,35,NULL),(147,'Inisiatif dalam penyelesaian solusi (baik terhadap masalah teknis maupun non-teknis)',72,35,NULL),(148,'Disiplin/punctuality',83,35,NULL),(149,'Kemampuan komunikasi/presentasi',80,35,NULL),(150,'Kemampuan interaksi dengan lingkungan baik dalam kondisi WFO dan WFH (khusus situasi pandem Covid-19)',88,35,NULL),(151,'Kemampuan beradaptasi dengan lingkungan',78,35,NULL),(152,'Kemampuan dokumentasi',90,35,NULL),(153,'Kualifikasi peserta KP dalam menyelesaikan pekerjaan di perusahaan',72,35,NULL),(154,'Kemampuan teknik',81,36,NULL),(155,'Kemampuan memahami domain pekerjaan',75,36,NULL),(156,'Inisiatif dalam penyelesaian solusi (baik terhadap masalah teknis maupun non-teknis)',74,36,NULL),(157,'Disiplin/punctuality',77,36,NULL),(158,'Kemampuan komunikasi/presentasi',78,36,NULL),(159,'Kemampuan interaksi dengan lingkungan baik dalam kondisi WFO dan WFH (khusus situasi pandem Covid-19)',85,36,NULL),(160,'Kemampuan beradaptasi dengan lingkungan',80,36,NULL),(161,'Kemampuan dokumentasi',82,36,NULL),(162,'Kualifikasi peserta KP dalam menyelesaikan pekerjaan di perusahaan',81,36,NULL),(163,'Kemampuan teknik',76,37,NULL),(164,'Kemampuan memahami domain pekerjaan',75,37,NULL),(165,'Inisiatif dalam penyelesaian solusi (baik terhadap masalah teknis maupun non-teknis)',75,37,NULL),(166,'Disiplin/punctuality',75,37,NULL),(167,'Kemampuan komunikasi/presentasi',89,37,NULL),(168,'Kemampuan interaksi dengan lingkungan baik dalam kondisi WFO dan WFH (khusus situasi pandem Covid-19)',83,37,NULL),(169,'Kemampuan beradaptasi dengan lingkungan',77,37,NULL),(170,'Kemampuan dokumentasi',86,37,NULL),(171,'Kualifikasi peserta KP dalam menyelesaikan pekerjaan di perusahaan',85,37,NULL),(172,'Kemampuan teknik',77,38,NULL),(173,'Kemampuan memahami domain pekerjaan',82,38,NULL),(174,'Inisiatif dalam penyelesaian solusi (baik terhadap masalah teknis maupun non-teknis)',88,38,NULL),(175,'Disiplin/punctuality',83,38,NULL),(176,'Kemampuan komunikasi/presentasi',72,38,NULL),(177,'Kemampuan interaksi dengan lingkungan baik dalam kondisi WFO dan WFH (khusus situasi pandem Covid-19)',75,38,NULL),(178,'Kemampuan beradaptasi dengan lingkungan',89,38,NULL),(179,'Kemampuan dokumentasi',78,38,NULL),(180,'Kualifikasi peserta KP dalam menyelesaikan pekerjaan di perusahaan',85,38,NULL);
/*!40000 ALTER TABLE `valuation` ENABLE KEYS */;
UNLOCK TABLES;

--
-- Dumping routines for database 'db-grade'
--
/*!40103 SET TIME_ZONE=@OLD_TIME_ZONE */;

/*!40101 SET SQL_MODE=@OLD_SQL_MODE */;
/*!40014 SET FOREIGN_KEY_CHECKS=@OLD_FOREIGN_KEY_CHECKS */;
/*!40014 SET UNIQUE_CHECKS=@OLD_UNIQUE_CHECKS */;
/*!40101 SET CHARACTER_SET_CLIENT=@OLD_CHARACTER_SET_CLIENT */;
/*!40101 SET CHARACTER_SET_RESULTS=@OLD_CHARACTER_SET_RESULTS */;
/*!40101 SET COLLATION_CONNECTION=@OLD_COLLATION_CONNECTION */;
/*!40111 SET SQL_NOTES=@OLD_SQL_NOTES */;

-- Dump completed on 2023-06-16 18:50:03
